mag,depth,rad,prov,lat,lon,prov_enco
3.6,10,74,PAPUABRT,-3.92,133.71,1
2.6,164,3,SUMUT,1.49,99.64,2
4.5,182,165,MALUKUTENGAH,-4.6,129.69,3
3.2,10,116,JABAR,-8.5,107.82,4
5.0,11,129,MALUT,1.96,126.6,5
3.2,19,39,MALUKU,-2.87,127.9,6
3.1,37,12,NTT,-9.28,119.17,7
3.5,75,55,NTB,-8.97,118.7,8
4.0,10,30,ACEHTENGAH,4.35,96.81,9
3.7,11,80,PAPUA,-2.14,139.85,10
3.2,10,49,SULTENG,-1.61,120.36,11
2.7,10,55,SULTENG,-1.12,120.31,11
3.1,14,88,GORONTALO,-0.21,121.52,12
3.3,10,14,BENGKULU,-3.57,102.44,13
4.1,15,96,SUMUT,0.26,96.96,2
3.1,10,42,NTT,-10.06,119.76,7
3.3,10,43,NTT,-10.06,119.72,7
3.0,10,59,SUMUT,0.45,98.33,2
4.7,191,180,MALUKUBRTDAYA,-7.38,129.22,14
3.2,10,34,MALUKUTENGAH,-3.38,128.66,3
3.3,10,45,SULTENG,1.22,120.98,11
2.1,16,47,MALUKUTENGAH,-2.88,128.88,3
2.3,10,36,NTB,-8.77,118.85,8
3.6,134,27,PAPUA,-3.37,138.08,10
5.1,106,490,SULUT,8.32,127.56,15
3.3,200,53,MALUT,2.43,128.59,5
4.7,190,50,SULUT,3.51,125.93,15
3.4,10,177,JABAR,-8.75,107.29,4
4.1,28,40,NTT,-9.94,118.89,7
2.9,129,41,GORONTALO,0.26,122.61,12
3.6,10,48,NTT,-8.69,124.37,7
3.0,15,36,NTT,-10.02,119.82,7
3.9,10,126,LAMPUNG,-6.28,103.6,16
3.1,10,13,SULSEL,-2.51,121.27,17
3.0,28,45,BENGKULUSELATAN,-4.85,102.83,18
5.2,121,221,PAPUA,-4.14,142.59,10
3.4,14,124,LAMPUNG,-6.28,103.69,16
3.6,10,74,PAPUABRT,-3.94,133.78,1
3.4,30,143,MALUT,1.79,126.38,5
3.5,10,103,PAPUA,-2.32,140.51,10
3.8,10,47,JAMBI,-2.51,102.25,19
3.0,55,66,JABAR,-7.9,107.86,4
3.4,11,70,NTB,-9.31,116.02,8
4.3,10,88,SULUT,1.65,123.58,15
2.5,59,48,SUMUT,1.92,98.39,2
3.8,10,9,MALUKU,-3.05,130.55,6
2.4,10,22,SUMBAR,-0.11,100.32,20
3.0,55,79,GORONTALO,-0.16,122.96,12
2.8,10,19,SULSEL,-2.48,121.03,17
2.2,16,22,JABAR,-7.13,107.7,4
4.0,187,61,MALUT,2.6,128.27,5
3.0,125,68,GORONTALO,-0.08,123.08,12
3.1,10,183,BANTEN,-8.57,106.06,21
2.3,424,36,GORONTALO,0.84,122.23,12
4.5,10,36,MALUT,1.63,128.56,5
4.7,159,104,SULUT,4.58,125.94,15
4.2,10,285,SUMBAR,-4.57,99.22,20
4.9,122,43,NTB,-8.58,119.12,8
5.7,10,424,PAPUA,-3.2,144.58,10
3.2,10,96,PAPUABRT,-1.99,134.29,1
3.1,10,50,NTT,-8.24,121.17,7
3.9,10,50,NTT,-8.25,121.15,7
3.5,10,59,NTT,-8.15,121.19,7
4.6,10,185,PAPUA,-4.03,142.28,10
2.8,10,46,NTT,-8.28,121.17,7
3.4,11,47,NTT,-8.27,121.18,7
3.7,24,43,BANTEN,-6.87,105.25,21
3.1,92,45,BALI,-8.85,115.67,22
4.8,100,57,BALI,-8.99,115.71,22
3.7,10,45,NTT,-8.29,121.18,7
2.7,14,36,NTT,-8.38,121.17,7
3.3,10,44,NTT,-8.29,121.19,7
3.1,10,48,NTT,-8.25,121.2,7
3.1,15,56,NTT,-10.49,123.81,7
3.6,14,67,NTT,-8.07,121.22,7
3.3,10,12,NTT,-8.76,121.24,7
3.9,10,47,NTT,-8.26,121.19,7
5.9,11,56,NTT,-8.18,121.19,7
4.0,50,148,MALUKU,-4.29,131.11,6
4.3,484,217,SULUT,3.65,123.53,15
4.1,10,8,NTB,-8.37,116.89,8
5.0,71,111,PAPUA,-4.06,141.46,10
5.1,61,111,PAPUA,-4.04,141.49,10
5.5,52,116,PAPUA,-4.04,141.55,10
5.1,61,111,PAPUA,-4.04,141.49,10
4.7,10,209,JABAR,-9.04,107.17,4
4.0,40,16,NTT,-9.48,119.63,7
3.5,16,45,SULUT,3.64,126.88,15
2.9,58,15,NTT,-10.05,123.76,7
3.8,14,71,ACEH,2.65,95.75,23
3.3,54,38,RIAU,-0.19,101.25,24
4.4,126,182,SULUT,5.61,127.0,15
3.5,11,71,BENGKULU,-3.01,100.64,13
6.0,166,236,MALUKUTENGGARABRT,-6.1,130.29,25
3.8,169,55,NTT,-8.34,121.8,7
3.2,25,125,SULUT,1.34,126.25,15
3.8,10,4,SULTENG,-1.1,121.5,11
3.2,20,88,NTB,-9.26,118.13,8
3.9,10,84,MALUT,-1.34,126.33,5
3.7,199,19,SUMSEL,-3.13,102.89,26
3.1,12,39,NTT,-9.7,123.68,7
3.3,10,17,SULSEL,-2.43,121.21,17
3.2,85,61,NTT,-8.8,119.43,7
3.9,11,33,BENGKULU,-5.05,102.23,13
4.6,153,252,SULUT,6.19,126.08,15
3.5,10,84,BANTEN,-6.34,104.89,21
3.2,10,26,NTT,-10.07,123.66,7
5.0,99,311,PAPUA,-4.13,143.45,10
4.2,23,74,MALUT,-1.45,126.33,5
3.5,100,40,NTT,-9.07,119.01,7
4.3,10,21,PAPUA,-0.63,135.81,10
3.4,12,27,NTT,-10.19,124.03,7
4.1,53,13,SUMBAR,-1.44,100.5,20
2.4,121,12,SUMUT,2.13,98.97,2
5.4,10,77,PAPUABRT,-3.97,133.8,1
3.4,10,41,NTT,-10.05,119.75,7
3.7,251,56,RIAU,0.54,100.84,24
4.0,10,112,MALUT,0.23,126.51,5
3.4,220,55,GORONTALO,0.12,122.86,12
3.2,124,36,GORONTALO,0.23,122.49,12
4.8,158,126,MALUKUBRTDAYA,-7.56,128.76,14
3.3,16,9,NTT,-10.4,120.23,7
2.7,95,40,NTB,-8.73,119.0,8
3.6,89,61,NTT,-8.92,123.81,7
4.0,557,129,NTT,-7.24,123.42,7
3.6,10,3,SULTENG,-1.09,121.51,11
3.1,130,12,SUMUT,0.98,99.56,2
3.3,194,28,SUMBAR,0.03,100.84,20
3.1,11,64,NTT,-10.15,118.81,7
3.1,10,50,SUMBAR,-0.28,99.58,20
2.8,77,28,SUMBAR,-1.36,100.83,20
3.8,146,29,MALUT,2.3,128.22,5
4.7,57,1280,KALTARA,14.32,121.19,27
3.5,10,5,NTB,-8.44,116.97,8
4.0,10,135,MALUKU,-4.57,133.97,6
3.6,27,28,SULUT,3.82,126.86,15
2.3,10,5,SULTENG,-1.09,121.49,11
1.7,10,26,NTT,-9.66,124.71,7
2.4,10,3,SULTENG,-1.1,121.51,11
3.7,12,4,SULTENG,-1.06,121.55,11
3.7,12,4,SULTENG,-1.06,121.55,11
3.5,11,70,SUMBAR,-1.45,99.28,20
3.0,10,5,SULTENG,-1.06,121.5,11
3.8,10,7,SULTENG,-1.09,121.47,11
4.7,10,7,SULTENG,-1.11,121.47,11
2.6,11,9,SULTENG,-1.07,121.46,11
3.3,10,4,SULTENG,-1.08,121.5,11
5.4,10,5,SULTENG,-1.11,121.49,11
3.7,10,5,SULTENG,-1.08,121.49,11
4.6,10,4,SULTENG,-1.08,121.5,11
2.8,34,33,SULTENG,-1.1,119.79,11
3.0,10,42,SULTENG,1.35,121.33,11
4.3,483,271,SULUT,3.78,123.05,15
4.7,10,242,SULUT,6.03,125.89,15
2.3,15,75,NTB,-7.8,118.53,8
2.3,63,19,BENGKULUSELATAN,-4.49,103.09,18
2.7,172,23,NTT,-8.28,119.9,7
3.8,13,150,SUMBAR,-0.89,98.8,20
2.7,10,15,SULTENG,1.08,121.27,11
3.8,18,46,SULUT,3.74,127.0,15
4.2,10,52,NTT,-8.22,121.18,7
3.0,46,76,MALUT,1.44,126.89,5
2.8,11,105,PAPUA,-2.38,140.58,10
3.2,110,8,NTB,-8.56,118.39,8
2.9,80,72,NTT,-8.89,124.26,7
3.5,30,72,BANTEN,-6.89,104.97,21
3.4,10,62,MALUKU,-2.86,129.98,6
3.9,10,82,PAPUA,-2.75,141.21,10
3.6,12,8,BALI,-8.27,115.53,22
4.3,108,13,NTB,-8.62,118.38,8
3.0,131,74,GORONTALO,-0.11,123.3,12
3.2,136,68,GORONTALO,-0.08,123.13,12
4.4,74,73,SULUT,1.66,125.75,15
2.8,108,9,NTB,-8.54,118.38,8
3.3,10,23,MALUKUTENGAH,-3.35,128.75,3
3.1,10,15,DIY,-7.99,110.47,28
3.6,102,39,JATIM,-8.48,112.29,29
3.2,82,91,GORONTALO,-0.25,122.9,12
2.8,10,40,NTB,-8.29,116.56,8
4.1,10,182,ACEH,5.14,93.86,23
3.2,13,31,SULTENG,-1.17,120.58,11
3.0,10,60,PAPUABRT,-1.5,133.83,1
5.1,48,87,SULUT,4.33,125.81,15
2.4,10,36,SULTENG,-1.57,120.48,11
4.1,229,174,MALUKUTENGAH,-4.8,129.43,3
3.7,26,116,MALUT,1.07,126.36,5
3.2,26,80,JABAR,-8.11,107.9,4
4.6,271,222,MALUKUBRTDAYA,-6.42,128.8,14
3.5,15,179,BANTEN,-8.43,105.61,21
3.8,66,81,NTT,-8.97,124.05,7
2.9,29,61,PAPUA,-2.75,140.35,10
3.0,10,48,NTT,-10.42,123.8,7
3.6,10,123,NTB,-9.82,116.27,8
3.5,33,114,MALUT,1.52,126.54,5
2.0,10,23,SUMBAR,-0.1,100.32,20
2.8,25,73,JABAR,-7.65,106.56,4
3.6,10,125,MALUT,2.95,127.61,5
3.5,13,108,SULUT,0.89,125.93,15
3.1,10,20,PAPUABRT,-1.42,132.18,1
5.0,30,106,SULUT,4.87,126.28,15
4.5,12,103,MALUKUBRTDAYA,-8.45,128.67,14
4.0,10,135,JABAR,-8.2,107.18,4
3.4,126,62,MALUT,1.74,127.18,5
3.5,30,120,SULUT,1.31,126.2,15
3.2,103,81,GORONTALO,-0.13,122.84,12
3.1,28,74,NTB,-7.79,118.88,8
4.5,10,177,MALUT,-0.35,125.93,5
2.9,10,25,JABAR,-6.76,106.55,4
2.9,10,34,NTT,-10.22,124.09,7
2.9,10,28,JABAR,-6.73,106.56,4
3.5,10,25,JABAR,-6.76,106.53,4
3.4,15,55,ACEH,2.97,96.39,23
3.0,10,99,SULTENG,1.03,119.88,11
3.7,10,90,SULTENG,-1.92,122.49,11
3.5,22,62,NTB,-8.07,117.79,8
4.3,80,96,SULUT,4.85,126.5,15
3.0,10,125,MALUT,0.27,126.36,5
3.4,10,157,SULTENG,2.13,122.16,11
3.4,10,149,SULTENG,2.11,122.07,11
3.0,44,15,NTT,-9.28,119.1,7
2.9,21,107,JABAR,-8.02,107.36,4
3.5,34,64,LAMPUNG,-5.66,103.6,16
2.4,10,8,SULBAR,-2.93,119.4,30
3.5,23,29,SUMUT,0.77,97.28,2
4.1,10,135,PAPUABRT,-4.51,133.98,1
4.8,45,128,SULUT,1.24,126.26,15
3.3,17,127,BALI,-9.52,114.34,22
4.0,17,82,BENGKULU,-5.83,101.71,13
3.1,29,11,NTT,-9.97,123.99,7
3.2,52,27,BENGKULU,-2.33,101.14,13
1.5,16,31,NTT,-8.51,121.95,7
3.8,10,154,SULUT,5.37,126.47,15
3.7,86,32,PAPUA,-3.25,140.49,10
4.0,37,15,NTT,-9.55,119.12,7
4.4,10,28,PAPUA,-3.47,140.54,10
5.3,10,98,SULUT,4.81,126.31,15
4.4,10,25,MALUKUTENGAH,-3.4,128.75,3
3.3,22,9,PAPUA,-3.0,139.94,10
2.8,10,79,SUMBAR,0.13,99.11,20
2.4,10,8,SUMBAR,-0.39,100.39,20
3.2,17,48,MALUT,1.19,127.05,5
2.9,213,13,BALI,-8.34,115.28,22
3.6,85,34,BENGKULUUTARA,-3.5,101.89,31
3.1,10,31,ACEHBESAR,5.09,95.85,32
3.8,16,93,SUMUT,0.34,98.62,2
3.4,304,83,SULUT,1.82,124.16,15
4.2,10,288,JABAR,-9.58,106.67,4
4.2,10,288,JABAR,-9.58,106.67,4
4.2,10,288,JABAR,-9.58,106.67,4
4.2,10,288,JABAR,-9.58,106.67,4
3.6,10,129,MALUT,1.81,126.52,5
4.3,36,28,PAPUA,-3.27,140.52,10
4.5,10,95,JATIM,-9.01,111.31,29
2.8,10,43,SULTENG,-1.34,120.37,11
3.7,10,55,PAPUA,-2.66,140.23,10
2.9,101,8,SUMUT,2.05,98.9,2
3.6,20,79,MALUT,0.49,126.71,5
3.4,16,28,NTB,-8.29,118.53,8
4.2,20,97,LAMPUNG,-6.07,103.92,16
2.7,11,10,SUMBAR,-0.22,100.4,20
4.5,70,135,PAPUABRT,-4.51,133.92,1
3.7,14,136,PAPUABRT,-4.52,133.9,1
4.0,128,11,SULUT,2.77,125.46,15
5.3,10,130,PAPUABRT,-4.46,133.91,1
2.5,10,24,JATENG,-7.15,109.87,33
5.2,14,146,SUMUT,0.1,96.47,2
3.8,10,129,JATIM,-9.3,113.18,29
3.4,10,99,JABAR,-8.51,108.1,4
2.9,33,90,GORONTALO,-0.26,122.95,12
3.1,10,40,SULBAR,-2.32,119.2,30
4.6,43,100,SULUT,4.86,126.41,15
4.1,87,124,SULUT,5.09,126.44,15
5.1,10,86,SULTENG,-1.85,122.48,11
3.9,10,65,BENGKULU,-2.97,101.55,13
2.9,155,18,NTT,-8.56,123.34,7
2.9,10,19,SULSEL,-2.52,121.01,17
4.4,76,140,SULUT,4.72,127.72,15
3.5,10,35,MALUT,1.57,128.68,5
3.8,11,124,SUMBAR,-0.33,98.8,20
4.0,11,65,ACEHBARATDAYA,3.43,96.54,34
4.4,147,208,MALUKUTENGGARABRT,-6.3,130.45,25
2.2,10,33,ACEH,4.99,95.98,23
3.9,476,123,SULSEL,-7.39,120.35,17
2.9,23,106,JABAR,-8.03,107.39,4
4.4,15,132,MALUKUTENGGARABRT,-7.08,130.51,25
3.4,10,17,JAMBI,-1.13,102.25,19
4.1,10,197,MALUKU,-4.88,130.48,6
3.0,22,82,GORONTALO,-0.2,123.07,12
2.9,13,92,NTT,-7.69,122.41,7
4.0,10,82,MALUT,-0.82,126.78,5
2.4,184,18,NTB,-8.53,117.58,8
2.8,10,34,MALUT,1.54,128.7,5
3.3,10,104,PAPUA,-1.8,139.86,10
3.2,243,255,MALUKU,-5.61,129.2,6
3.0,150,40,MALUT,1.44,127.24,5
4.5,10,109,MALUKUTENGAH,-4.26,128.75,3
3.8,10,117,MALUKU,-4.41,128.63,6
4.3,156,100,MALUKUTENGAH,-4.2,128.9,3
3.8,10,116,MALUKU,-4.41,128.61,6
3.9,10,124,MALUKU,-4.45,128.67,6
2.8,10,9,NTT,-10.0,123.97,7
4.3,10,112,SULUT,4.62,125.4,15
3.3,13,19,NTT,-10.41,120.35,7
3.6,10,25,NTT,-10.47,120.37,7
3.3,13,19,NTT,-10.41,120.35,7
3.7,15,20,NTT,-10.41,120.36,7
2.6,22,27,NTB,-8.31,118.35,8
3.4,13,50,PAPUABRT,-1.29,134.25,1
2.9,10,48,NTB,-8.03,118.86,8
2.6,10,20,SULTENG,-1.33,119.71,11
4.0,10,24,SULTENG,-1.29,119.68,11
4.0,78,81,GORONTALO,-0.18,122.99,12
3.5,10,35,MALUT,1.57,128.67,5
3.9,13,178,MALUT,-0.41,125.77,5
3.5,30,30,SULUT,3.82,126.88,15
3.0,10,86,PAPUA,-2.57,140.75,10
3.3,10,150,JATENG,-9.07,109.19,33
2.8,15,100,NTT,-9.27,123.05,7
3.6,97,20,SULUT,1.49,125.3,15
3.9,27,166,MALUKUTENGGARABRT,-7.95,129.81,25
3.1,10,41,MALUT,1.57,128.75,5
4.7,120,1268,PAPUA,-5.2,152.03,10
3.6,142,109,MALUKUBRTDAYA,-7.58,128.59,14
2.1,10,69,SULTENG,0.12,119.52,11
2.6,10,48,SULSEL,-2.41,120.77,17
3.4,10,78,PAPUABRT,-2.17,134.16,1
2.2,29,11,SULSEL,-4.06,119.72,17
3.6,13,48,ACEH,2.87,96.55,23
3.0,10,34,SULSEL,-6.19,120.21,17
3.3,10,5,BENGKULU,-3.14,102.23,13
2.7,10,64,MALUKUTENGAH,-2.86,129.34,3
4.5,282,33,NTB,-8.15,117.15,8
4.8,309,56,NTB,-7.95,117.23,8
5.0,310,52,NTB,-8.0,117.24,8
3.0,10,36,ACEH,4.54,96.42,23
3.5,45,73,MALUT,2.13,127.47,5
2.9,118,45,NTT,-8.27,124.14,7
3.3,276,101,NTT,-7.7,119.45,7
4.3,10,90,MALUT,-1.12,126.83,5
3.2,188,130,MALUKUTENGAH,-4.41,129.34,3
4.0,423,94,SULUT,1.68,122.92,15
4.8,10,413,SULUT,7.72,126.61,15
3.4,69,72,NTB,-9.1,118.14,8
4.5,106,54,MALUKUBRTDAYA,-7.67,127.86,14
3.7,10,145,SULUT,-0.22,125.48,15
3.4,10,32,MALUT,1.58,128.6,5
3.4,96,86,GORONTALO,-0.21,122.91,12
3.9,49,28,PAPUA,-2.75,139.75,10
4.6,10,28,MALUT,1.51,128.65,5
3.6,10,37,JATIM,-7.89,114.32,29
4.0,53,14,PAPUA,-1.86,136.24,10
2.7,182,18,GORONTALO,0.33,122.05,12
3.3,32,42,PAPUA,-2.83,139.51,10
3.4,130,18,BANTEN,-6.5,106.1,21
3.3,21,78,PAPUA,-2.5,140.36,10
3.2,155,16,SUMUT,1.64,99.42,2
3.2,123,35,NTB,-9.07,116.86,8
4.4,404,102,NTT,-7.61,120.14,7
4.3,10,157,SULTENG,2.17,122.1,11
5.5,148,643,PAPUA,-5.79,146.17,10
3.7,10,80,PAPUABRT,-2.59,133.65,1
2.4,13,55,NTT,-8.16,125.03,7
3.0,20,46,SUMBAR,0.02,99.42,20
3.4,11,26,ACEH,4.77,96.2,23
3.3,10,9,PAPUA,-2.92,139.9,10
2.4,10,7,SULBAR,-2.94,119.39,30
2.1,10,26,NTT,-9.75,123.87,7
3.2,10,15,NTT,-9.85,123.87,7
3.0,10,15,SULBAR,-2.97,119.45,30
2.1,10,27,JABAR,-6.73,106.59,4
3.0,102,60,GORONTALO,0.07,122.86,12
5.0,37,13,NTT,-10.01,123.77,7
3.6,15,47,BENGKULUSELATAN,-4.86,102.79,18
3.8,26,65,JABAR,-8.29,108.47,4
5.2,10,194,MALUKUTENGGARABRT,-6.68,130.12,25
4.0,21,39,PAPUA,-3.91,139.78,10
2.8,10,36,MALUKUTENGAH,-3.61,128.84,3
2.8,10,28,SULTENG,0.77,120.52,11
2.6,11,27,NTB,-8.42,116.61,8
3.0,10,39,PAPUA,-2.89,139.51,10
2.9,26,27,ACEHSINGKIL,2.1,97.84,35
3.2,10,122,MALUKUTENGAH,-4.37,128.7,3
2.7,35,18,NTT,-9.6,120.01,7
4.3,26,61,SULUT,4.43,127.03,15
4.4,10,4,JABAR,-6.82,107.93,4
2.8,23,50,MALUKU,-2.99,127.75,6
2.6,10,89,NTT,-9.22,122.75,7
5.5,46,74,SULUT,-0.2,123.65,15
3.7,97,177,MALUKU,-4.57,131.12,6
4.8,23,76,NTB,-7.96,117.86,8
2.8,10,51,SULTENG,-1.11,120.39,11
3.1,10,12,NTB,-8.31,116.96,8
3.5,10,6,PAPUA,-3.0,139.91,10
3.2,10,22,ACEHTENGAH,4.63,96.64,9
3.4,32,73,MALUT,1.52,126.95,5
2.7,123,20,ACEHTENGAH,4.6,96.66,9
2.5,102,11,LAMPUNG,-5.42,104.77,16
2.8,32,53,MALUKUTENGAH,-3.69,128.67,3
2.8,10,15,SULTENG,-1.51,119.81,11
2.3,10,32,SULTENG,-0.71,119.89,11
4.1,10,7,PAPUA,-2.99,139.92,10
3.8,168,21,JABAR,-7.01,107.19,4
3.4,10,2,PAPUA,-2.97,139.87,10
2.8,254,22,SULUT,0.68,124.02,15
3.1,10,29,SULTENG,-1.3,120.51,11
4.0,16,90,ACEHBESAR,5.18,94.8,32
3.9,10,92,SULTENG,-1.94,122.49,11
3.8,226,23,SULUT,1.52,124.76,15
3.3,23,74,NTB,-8.01,118.05,8
4.1,10,265,JATENG,-10.1,109.3,33
4.4,10,15,NTT,-9.66,124.96,7
3.3,12,80,MALUKUTENGAH,-2.58,128.91,3
4.7,37,68,SUMUT,1.1,98.69,2
3.6,10,106,DIY,-8.67,109.73,28
2.7,10,39,SULTENG,0.9,120.4,11
3.6,10,108,PAPUABRT,-4.22,133.65,1
2.4,124,18,JAMBI,-1.71,101.42,19
2.9,25,100,JABAR,-7.82,106.98,4
4.0,10,134,JABAR,-8.71,107.83,4
3.1,11,60,BANTEN,-7.47,106.18,21
2.7,10,74,GORONTALO,-0.16,121.7,12
2.8,137,26,NTB,-8.5,117.66,8
3.0,94,93,PAPUA,-1.6,135.34,10
3.4,10,21,NTT,-9.67,125.04,7
4.1,10,21,NTT,-9.66,125.05,7
5.1,10,25,NTT,-9.71,125.05,7
4.3,10,43,NTT,-8.86,123.43,7
3.9,10,129,SULUT,2.93,127.13,15
3.6,10,44,MALUKU,-2.96,130.12,6
4.3,10,80,BANTEN,-7.57,105.91,21
3.8,201,249,MALUKUTENGGARABRT,-5.96,130.3,25
4.4,20,144,SULUT,0.5,126.02,15
2.9,64,17,JABAR,-6.64,107.58,4
3.0,162,31,NTB,-8.39,117.69,8
3.0,10,61,SULTENG,-0.67,121.88,11
3.2,29,82,DIY,-8.73,110.54,28
2.7,12,15,DIY,-8.0,110.45,28
3.0,10,29,SULTENG,-1.64,120.66,11
2.5,10,43,SULTENG,-1.26,121.18,11
3.2,38,56,JATENG,-8.23,109.07,33
3.8,10,67,BANTEN,-7.47,105.98,21
4.7,10,187,SULUT,5.38,127.64,15
2.9,17,29,ACEH,2.24,96.24,23
2.7,10,120,SUMBAR,-0.62,98.99,20
2.6,104,27,SULTENG,0.38,120.94,11
2.4,102,25,SULTENG,0.36,120.87,11
3.6,10,44,ACEH,4.62,96.42,23
3.2,10,78,BANTEN,-7.59,105.99,21
4.2,10,85,BANTEN,-7.64,105.95,21
5.1,14,75,BANTEN,-7.56,106.0,21
3.7,10,34,NTT,-8.44,120.72,7
3.4,13,74,BANTEN,-7.53,105.96,21
3.1,10,74,BANTEN,-7.55,106.0,21
2.7,10,56,BANTEN,-7.41,106.08,21
5.8,10,79,BANTEN,-7.57,105.94,21
3.0,10,54,SULSEL,-2.42,120.71,17
3.6,96,53,NTT,-8.27,121.57,7
3.8,116,62,MALUT,1.78,127.22,5
4.2,24,69,PAPUA,-4.43,137.04,10
3.5,10,19,PAPUABRT,-1.73,133.32,1
3.8,25,57,ACEHJAYA,4.64,95.06,36
4.3,31,29,BENGKULU,-5.61,102.3,13
2.7,174,62,NTT,-8.16,123.95,7
5.2,11,356,PAPUA,-6.44,143.48,10
2.8,10,76,SUMUT,0.59,98.5,2
2.6,10,36,ACEH,4.99,95.95,23
3.7,369,117,NTT,-7.54,120.35,7
3.2,10,110,JATIM,-9.08,111.91,29
3.8,81,53,NTB,-8.82,119.07,8
2.9,10,8,SULBAR,-2.98,119.35,30
3.0,149,15,SUMBAR,0.17,100.3,20
4.5,321,240,MALUKU,-5.7,128.85,6
2.0,10,10,NTT,-9.48,124.51,7
4.6,288,97,MALUKUBRTDAYA,-7.46,127.25,14
3.6,156,56,JAMBI,-2.59,102.28,19
3.7,10,9,NTT,-9.52,124.55,7
4.2,10,141,ACEH,2.27,95.11,23
4.7,153,88,SULUT,4.7,126.29,15
4.3,300,59,NTB,-7.96,117.33,8
5.3,10,212,SULUT,4.04,128.59,15
4.4,10,134,MALUT,1.58,126.37,5
2.8,11,26,MALUKUTENGAH,-3.07,128.9,3
3.6,28,90,NTB,-9.47,115.92,8
4.0,10,136,SULUT,1.63,126.34,15
4.6,164,225,MALUKUTENGGARABRT,-6.34,130.1,25
3.3,10,10,SULBAR,-3.0,119.35,30
4.8,11,108,ACEH,2.6,95.4,23
4.1,252,57,GORONTALO,-0.06,121.94,12
2.8,11,21,SULSEL,-2.46,121.02,17
2.2,10,42,SULTRA,-4.4,123.11,37
3.8,13,156,SUMBAR,-0.61,98.62,20
5.7,25,150,SUMUT,-0.63,98.43,2
2.4,23,55,NTB,-9.09,117.22,8
3.1,10,10,SUMUT,0.97,99.67,2
3.1,10,86,SULUT,0.86,125.64,15
3.6,10,37,SULUT,4.25,126.9,15
2.5,10,23,BALI,-8.16,114.88,22
3.2,10,62,NTT,-10.31,124.6,7
4.1,10,65,SULTENG,1.2,120.27,11
2.9,74,27,NTT,-8.53,120.23,7
3.4,35,72,MALUT,1.83,127.14,5
2.7,17,54,SULBAR,-3.82,119.02,30
4.1,213,274,MALUKUTENGAH,-5.6,129.85,3
3.4,10,112,SULTENG,1.07,119.76,11
4.9,10,515,SULUT,8.61,126.2,15
3.1,184,14,SULUT,0.25,123.96,15
3.2,31,32,NTT,-9.82,124.71,7
3.0,28,93,JABAR,-8.12,107.74,4
5.2,640,43,JATIM,-6.54,113.97,29
3.3,10,13,BALI,-8.24,114.54,22
3.1,240,21,GORONTALO,0.46,122.14,12
3.1,10,49,SULTENG,1.04,121.79,11
2.9,10,43,SULTENG,-1.33,120.37,11
5.3,28,657,PAPUA,-0.87,146.14,10
2.4,10,9,SULSEL,-2.59,121.26,17
3.4,10,33,ACEH,4.52,96.41,23
3.1,16,31,NTB,-8.32,116.44,8
2.7,61,43,BENGKULU,-2.95,101.85,13
3.5,28,32,PAPUA,-2.52,139.49,10
4.6,123,581,SULUT,9.16,125.82,15
4.6,168,100,MALUKUBRTDAYA,-7.65,128.54,14
3.2,10,4,SULTENG,-1.08,121.5,11
3.9,170,21,SUMUT,1.4,99.46,2
3.1,10,130,DIY,-9.15,110.41,28
3.6,10,97,DIY,-8.86,110.48,28
3.5,107,38,JATIM,-8.48,112.24,29
3.4,10,81,DIY,-8.72,110.53,28
3.4,10,81,DIY,-8.72,110.51,28
4.5,10,123,DIY,-9.09,110.42,28
3.0,18,14,NTT,-10.12,120.63,7
4.3,10,6,BALI,-8.33,114.54,22
4.3,129,25,NTT,-8.53,122.89,7
2.1,10,15,SULBAR,-2.94,119.46,30
3.1,11,46,MALUT,-2.04,125.55,5
4.0,27,46,BENGKULU,-4.48,102.45,13
3.0,26,85,JATENG,-8.41,109.36,33
4.5,132,60,SULUT,3.09,125.78,15
2.3,19,21,JABAR,-6.99,106.74,4
2.0,24,61,JABAR,-7.47,106.82,4
2.3,19,21,JABAR,-6.99,106.74,4
3.8,10,134,SULUT,0.18,125.68,15
3.5,10,139,JABAR,-8.95,108.61,4
2.8,10,33,ACEHSELATAN,2.99,97.28,38
4.0,25,178,MALUKUBRTDAYA,-7.71,129.34,14
3.4,23,112,MALUT,0.68,129.34,5
4.8,23,402,SULUT,7.58,126.13,15
3.6,126,75,GORONTALO,-0.14,123.19,12
4.9,112,55,JATIM,-8.63,112.23,29
4.8,87,46,JATIM,-8.55,112.21,29
3.2,118,29,GORONTALO,0.77,122.24,12
3.9,166,60,GORONTALO,0.0,123.08,12
4.0,17,78,MALUT,2.73,128.46,5
2.4,10,38,SULSEL,-2.08,120.26,17
3.4,36,97,MALUKU,-2.4,128.77,6
3.5,157,62,GORONTALO,0.02,123.35,12
4.1,10,304,JABAR,-9.9,106.85,4
3.7,10,242,JABAR,-9.27,106.98,4
4.4,10,55,SULTENG,1.22,121.79,11
2.8,19,36,SULTENG,-0.75,119.8,11
2.2,17,26,NTB,-8.31,118.54,8
3.3,10,43,MALUT,-0.3,127.32,5
4.5,142,66,MALUKUBRTDAYA,-7.72,128.2,14
3.4,10,138,JABAR,-8.31,107.3,4
3.7,57,33,GORONTALO,0.73,121.82,12
3.8,25,88,NTB,-9.51,117.1,8
2.6,62,83,JATENG,-8.43,108.75,33
4.6,131,80,GORONTALO,-0.13,123.41,12
4.8,101,477,SULUT,8.29,126.43,15
3.2,73,83,MALUT,1.5,126.86,5
3.8,10,37,MALUKU,-3.17,130.82,6
2.7,71,29,SUMUT,2.37,98.5,2
3.2,10,43,SULTENG,-0.74,121.69,11
2.6,10,29,SULTENG,-1.29,120.51,11
4.3,138,175,MALUKUBRTDAYA,-7.55,129.25,14
2.6,181,18,NTT,-8.54,121.4,7
2.6,33,86,NTB,-9.52,117.01,8
3.1,21,61,NTB,-7.9,118.68,8
3.2,13,64,NTB,-7.92,117.51,8
3.9,21,13,SULUT,3.99,126.56,15
4.8,10,19,KALSEL,-3.19,115.12,39
5.1,12,163,SULUT,5.07,125.32,15
1.4,109,52,JABAR,-7.49,107.51,4
5.7,179,215,MALUKUTENGGARABRT,-6.39,130.18,25
3.7,12,131,LAMPUNG,-6.62,104.36,16
3.0,10,91,SULTENG,-0.66,123.54,11
2.9,27,29,ACEHSINGKIL,2.08,97.85,35
2.8,85,67,NTT,-8.84,124.28,7
4.5,10,284,SULUT,6.37,125.72,15
2.9,18,111,SUMUT,0.26,96.75,2
4.3,71,257,MALUKUTENGGARABRT,-6.51,129.51,25
2.8,10,13,SULTENG,-1.27,120.74,11
3.7,10,86,MALUT,0.76,129.07,5
3.0,12,117,JABAR,-8.12,107.35,4
3.6,24,80,JABAR,-7.64,106.88,4
2.7,13,43,SULSEL,-2.67,120.4,17
2.4,10,25,NTT,-9.79,124.65,7
2.3,12,17,PAPUABRT,-1.79,133.43,1
4.0,63,76,NTB,-7.82,118.44,8
2.4,10,22,SUMBAR,-0.12,100.3,20
3.2,113,11,GORONTALO,0.36,121.98,12
3.6,25,130,MALUT,1.43,126.35,5
4.7,118,206,SULUT,5.85,126.47,15
4.2,10,93,PAPUA,-2.18,140.1,10
5.3,41,409,SULUT,7.54,125.64,15
2.4,10,15,NTB,-8.85,116.96,8
3.2,57,109,JATIM,-9.12,112.54,29
3.2,27,144,SULUT,1.82,126.37,15
3.0,40,121,BALI,-9.28,114.03,22
2.9,24,26,NTT,-8.08,122.9,7
2.5,10,70,NTT,-9.92,121.81,7
3.5,10,35,MALUKU,-3.17,130.8,6
3.5,13,107,MALUT,0.91,126.41,5
3.5,10,93,SULUT,-0.05,124.85,15
4.7,10,579,SULUT,9.21,126.43,15
3.7,11,38,MALUKU,-3.21,130.82,6
3.9,10,34,MALUKU,-3.16,130.79,6
4.7,10,279,SULUT,6.4,125.92,15
5.3,18,39,MALUKU,-3.23,130.82,6
4.5,17,89,JABAR,-7.73,106.86,4
3.1,232,60,GORONTALO,-0.02,122.21,12
3.5,110,31,NTB,-8.7,118.91,8
3.5,47,20,GORONTALO,0.6,122.52,12
3.4,34,20,ACEHBARAT,4.07,95.96,40
4.2,170,32,SUMUT,2.61,99.02,2
4.1,153,53,SULUT,0.18,123.55,15
2.9,72,15,SULUT,0.24,123.99,15
4.3,117,127,MALUKUTENGGARA,-5.27,131.66,41
1.9,48,30,PAPUA,-3.45,135.48,10
3.1,14,68,NTB,-7.89,117.55,8
3.5,10,181,BANTEN,-8.47,105.72,21
5.3,10,520,SULUT,8.66,127.11,15
5.2,10,571,SULUT,9.13,127.06,15
3.0,10,16,SULSEL,-2.44,121.19,17
3.3,13,34,SULBAR,-3.41,118.84,30
3.9,64,150,MALUKU,-4.3,131.13,6
4.2,10,96,SULUT,-0.44,124.28,15
4.8,13,416,SULUT,7.73,127.02,15
2.7,10,79,JABAR,-7.67,106.76,4
2.6,10,42,NTT,-8.39,121.56,7
3.4,106,68,MALUT,1.66,127.06,5
3.3,86,85,SULUT,0.0,124.72,15
2.0,57,28,ACEH,2.87,97.88,23
2.9,21,7,NTT,-9.6,119.53,7
2.8,22,72,SUMUT,0.73,98.45,2
2.6,28,67,BANTEN,-7.54,106.22,21
3.6,179,110,NTB,-9.4,117.97,8
3.2,180,161,SULUT,5.06,125.43,15
5.2,54,516,SULUT,8.64,126.41,15
3.1,10,118,PAPUA,-2.28,140.76,10
2.7,94,32,NTT,-8.41,122.41,7
2.8,25,56,NTB,-7.94,118.69,8
3.8,18,25,SULUT,3.81,126.8,15
2.8,110,7,NTB,-8.53,118.4,8
5.2,15,1320,SUMBAR,-10.44,91.18,20
3.6,10,50,SULUT,1.33,123.97,15
2.9,10,7,JABAR,-6.78,107.09,4
5.7,18,89,SUMBAR,-2.14,100.39,20
3.8,10,45,NTT,-8.31,121.49,7
4.5,74,723,ACEH,12.12,93.41,23
2.3,10,18,JATIM,-8.06,113.08,29
2.9,10,55,SULTENG,-0.79,121.93,11
3.2,20,33,SUMBAR,-2.23,99.35,20
3.2,10,108,JABAR,-7.91,106.86,4
3.4,10,179,BALI,-9.82,113.93,22
2.6,21,112,JABAR,-7.96,106.82,4
2.3,10,28,JABAR,-7.25,107.64,4
3.9,60,75,NTT,-8.98,124.11,7
1.9,24,36,NTT,-9.88,120.5,7
4.7,106,14,SUMUT,1.91,98.89,2
4.3,584,173,NTT,-6.89,125.23,7
2.9,10,85,PAPUA,-2.26,140.1,10
4.3,584,173,NTT,-6.89,125.23,7
2.9,10,85,PAPUA,-2.26,140.1,10
3.8,10,18,NTT,-8.99,124.86,7
3.6,10,168,JATIM,-9.62,112.88,29
2.9,10,58,MALUKUTENGAH,-2.77,128.96,3
3.7,17,19,SUMUT,1.34,97.21,2
4.8,163,41,MALUKUBRTDAYA,-7.81,127.65,14
3.9,10,61,PAPUABRT,-0.68,133.35,1
3.1,13,130,NTB,-9.6,117.79,8
3.8,20,98,SULUT,-0.37,124.46,15
3.6,23,80,NTB,-7.86,117.78,8
2.9,153,37,NTT,-8.34,119.59,7
4.8,10,97,SULUT,-0.44,124.3,15
2.2,26,26,JATENG,-7.16,109.79,33
3.3,17,20,PAPUA,-2.57,139.36,10
4.5,10,287,SULUT,6.43,125.8,15
4.6,10,139,ACEHJAYA,4.51,94.33,36
3.4,18,71,BANTEN,-7.54,106.05,21
3.1,10,77,BANTEN,-7.57,105.97,21
2.5,10,12,SUMBAR,-0.24,100.46,20
3.8,140,78,MALUKUBRTDAYA,-7.65,128.29,14
3.9,10,58,NTB,-8.08,117.75,8
3.6,10,127,MALUKU,-4.69,133.82,6
3.5,29,33,SULTENG,1.23,121.21,11
5.3,10,136,MALUT,2.48,127.02,5
3.3,10,61,BANTEN,-7.02,105.15,21
3.2,11,26,ACEHSELATAN,3.1,97.38,38
3.8,10,35,PAPUA,-4.04,139.12,10
3.3,10,94,JABAR,-7.77,106.93,4
3.9,10,55,PAPUABRT,-0.61,131.71,1
2.7,151,37,GORONTALO,0.2,122.41,12
3.7,16,117,LAMPUNG,-6.51,104.43,16
3.3,134,66,GORONTALO,-0.05,123.27,12
3.3,32,134,MALUT,1.66,126.41,5
4.1,181,7,MALUT,1.12,127.5,5
4.7,10,490,SULUT,8.4,126.3,15
3.6,10,77,MALUT,-1.72,128.39,5
2.7,10,40,ACEH,4.63,96.3,23
2.0,10,40,SULTENG,-1.18,120.18,11
2.6,11,8,NTT,-8.31,124.48,7
2.5,10,69,PAPUABRT,-1.95,133.95,1
3.1,10,66,NTB,-8.93,117.83,8
3.2,10,33,JABAR,-7.32,107.61,4
4.6,43,26,PAPUA,-2.14,138.28,10
2.8,23,6,MALUKUTENGAH,-3.33,128.91,3
3.1,39,1,NTT,-9.77,119.37,7
5.1,115,503,SULUT,8.5,127.23,15
3.1,39,81,NTT,-8.97,124.02,7
3.6,35,21,SULTENG,0.78,121.38,11
2.9,10,136,MALUT,0.62,126.15,5
3.1,10,15,SUMBAR,0.21,99.93,20
3.5,102,70,SULUT,-0.05,123.52,15
4.5,75,126,SULUT,5.08,126.33,15
3.7,220,78,MALUT,2.71,128.53,5
3.5,10,78,SULTENG,-1.88,122.62,11
3.6,12,93,NTT,-9.65,121.9,7
3.2,112,52,NTT,-8.92,119.19,7
2.8,10,20,SULSEL,-2.92,119.65,17
4.0,10,147,JATIM,-5.68,112.56,29
4.1,10,123,JATIM,-5.89,112.5,29
3.9,12,115,JATIM,-5.94,112.45,29
4.6,313,56,SULUT,1.34,123.56,15
4.1,446,152,SULUT,2.24,122.91,15
3.6,10,100,JATIM,-6.0,112.15,29
3.9,15,66,PAPUA,-2.36,137.03,10
3.3,10,114,NTT,-9.76,117.97,7
4.3,11,58,NTB,-8.42,119.27,8
3.9,186,16,GORONTALO,0.35,122.05,12
3.8,10,122,JATIM,-5.84,112.36,29
3.3,34,66,SULUT,0.85,125.36,15
2.6,10,98,SULTENG,-0.51,120.81,11
3.3,10,134,JATIM,-5.72,112.33,29
3.8,23,74,BANTEN,-6.41,104.96,21
4.5,10,142,MALUT,2.45,126.92,5
4.4,10,114,MALUT,-0.97,128.6,5
2.4,10,52,SULTENG,-1.85,120.88,11
2.7,82,39,GORONTALO,0.6,121.62,12
3.7,12,30,PAPUA,-2.23,139.07,10
3.0,10,90,NTT,-9.74,121.87,7
4.0,10,70,NTT,-9.41,123.63,7
4.3,10,164,ACEH,5.39,93.93,23
4.4,10,32,SULUT,3.91,126.96,15
3.0,21,79,JABAR,-7.7,106.56,4
3.0,156,35,GORONTALO,0.23,122.17,12
4.5,184,222,MALUKUBRTDAYA,-7.01,129.44,14
4.4,197,208,MALUKUTENGGARABRT,-6.89,129.77,25
1.9,20,25,PAPUABRT,-1.17,133.9,1
4.0,20,64,PAPUA,-2.04,136.67,10
3.3,19,45,JATENG,-6.5,111.69,33
3.4,27,62,BANTEN,-7.43,106.0,21
4.1,10,130,JATIM,-5.76,112.34,29
5.3,59,775,PAPUA,-6.65,147.29,10
3.2,165,33,NTT,-8.34,120.15,7
4.4,10,134,MALUT,2.09,126.63,5
2.9,10,17,JABAR,-6.71,106.69,4
3.1,11,76,NTT,-10.12,118.55,7
3.9,97,85,JATIM,-6.16,112.27,29
2.8,10,21,SULBAR,-2.09,119.68,30
3.8,10,144,JATIM,-5.7,112.54,29
4.6,128,39,SULUT,0.07,123.81,15
4.1,10,177,JATIM,-5.3,112.14,29
3.2,29,38,BANTEN,-7.26,106.14,21
3.1,547,128,SULSEL,-7.44,120.57,17
5.3,10,439,BENGKULU,-8.81,100.36,13
3.8,48,26,BENGKULUUTARA,-3.62,102.04,31
4.2,10,158,JATIM,-5.59,112.61,29
4.1,13,100,JATIM,-6.08,112.43,29
3.9,10,93,JATIM,-6.1,112.3,29
2.9,10,49,SULTENG,-1.79,120.55,11
3.9,10,136,SULUT,0.02,125.59,15
3.8,10,48,SULTENG,-1.59,120.36,11
4.5,10,177,JATIM,-5.37,112.51,29
3.7,10,131,JATIM,-5.79,112.45,29
3.2,10,95,NTT,-7.85,125.29,7
3.1,10,25,SULTENG,1.1,120.7,11
3.9,10,174,SULUT,5.47,126.12,15
3.4,10,27,PAPUABRT,-2.62,134.4,1
4.0,108,10,NTB,-8.6,118.4,8
3.5,10,129,JATIM,-5.8,112.43,29
3.6,10,136,JATIM,-5.74,112.46,29
4.4,10,129,SULUT,4.96,127.34,15
4.1,25,88,NTT,-9.11,122.84,7
5.8,27,31,BENGKULUSELATAN,-4.66,102.72,18
4.5,10,129,JATIM,-5.78,112.37,29
3.5,10,125,MALUT,0.49,126.27,5
4.0,10,144,JATIM,-5.66,112.45,29
3.6,10,127,JATIM,-5.79,112.35,29
4.2,10,69,BANTEN,-7.07,105.1,21
4.1,6,130,JATIM,-5.76,112.34,29
4.2,10,141,JATIM,-5.71,112.5,29
3.3,10,141,JATIM,-5.67,112.39,29
3.2,77,21,GORONTALO,0.34,122.32,12
4.9,20,85,BENGKULU,-4.64,101.96,13
3.5,10,107,MALUKUTENGAH,-2.57,129.59,3
3.6,78,88,GORONTALO,-0.26,123.11,12
4.5,13,133,JATIM,-5.78,112.47,29
4.4,10,139,JATIM,-5.69,112.39,29
4.3,541,318,SULUT,6.05,123.98,15
3.7,10,135,MALUT,2.31,126.83,5
4.1,10,167,JATIM,-5.54,112.69,29
2.7,298,71,PAPUABRT,-0.4,131.72,1
4.0,10,156,JATIM,-5.56,112.48,29
4.1,10,129,JATIM,-5.76,112.3,29
3.6,10,148,JATIM,-5.63,112.47,29
2.4,10,19,SUMBAR,0.23,99.96,20
3.5,81,111,JATIM,-5.94,112.33,29
3.7,10,137,JATIM,-5.72,112.42,29
3.3,10,142,JATIM,-5.65,112.34,29
2.6,65,28,SULTENG,0.51,121.05,11
3.3,10,116,JATIM,-5.89,112.33,29
3.7,10,132,JATIM,-5.73,112.29,29
2.4,10,18,SULSEL,-3.88,119.89,17
3.3,14,119,JATIM,-5.87,112.36,29
4.1,10,127,JATIM,-5.78,112.29,29
3.6,10,136,JATIM,-5.72,112.39,29
3.7,10,124,JATIM,-5.82,112.33,29
3.1,25,2,NTT,-9.69,119.86,7
3.3,10,135,JATIM,-5.73,112.38,29
4.5,10,143,JATIM,-5.64,112.34,29
6.1,10,132,JATIM,-5.74,112.32,29
3.4,10,18,BANTEN,-6.63,105.74,21
4.4,10,71,PAPUA,-4.26,137.06,10
2.6,10,20,SULSEL,-2.43,121.07,17
4.2,35,57,SULUT,3.61,126.34,15
3.3,221,52,MALUT,2.48,128.49,5
3.6,10,13,SUMBAR,0.22,100.08,20
4.1,17,84,ACEHJAYA,4.88,94.86,36
3.4,10,57,SULSEL,-2.14,120.9,17
5.4,10,83,PAPUA,-1.83,137.5,10
3.3,10,81,MALUT,0.44,126.71,5
2.8,29,77,SUMBAR,-2.05,100.57,20
2.0,53,21,GORONTALO,0.85,122.68,12
3.4,26,83,BENGKULU,-3.34,101.45,13
3.8,19,18,SUMUT,0.81,97.44,2
2.5,25,95,GORONTALO,-0.32,123.04,12
4.8,152,111,MALUKUBRTDAYA,-7.5,128.56,14
3.2,10,88,SULTENG,-0.78,123.63,11
4.6,170,166,MALUKUBRTDAYA,-7.3,129.02,14
5.3,21,83,SUMBAR,-2.09,100.44,20
3.0,10,27,SULTENG,-1.15,120.7,11
2.5,19,68,PAPUA,-2.39,140.02,10
3.1,112,40,SUMUT,0.51,99.61,2
2.5,10,24,SULSEL,-2.51,121.38,17
3.9,65,71,BALI,-8.99,114.58,22
3.4,20,84,BENGKULU,-5.78,102.89,13
2.7,22,71,JABAR,-8.01,107.93,4
3.7,10,85,PAPUA,-2.26,140.1,10
4.7,58,167,MALUKUTENGGARABRT,-6.68,130.53,25
3.6,25,43,NTT,-10.38,123.88,7
3.0,39,34,BENGKULUSELATAN,-4.64,102.67,18
4.8,153,45,MALUKUBRTDAYA,-7.75,127.86,14
4.9,14,110,MALUT,1.19,126.46,5
4.0,30,114,BENGKULU,-6.02,103.05,13
3.8,13,178,NTT,-11.37,118.99,7
3.6,12,38,NTT,-8.15,119.88,7
3.3,10,96,NTB,-9.57,116.26,8
3.5,163,30,NTT,-8.34,119.67,7
2.7,145,40,GORONTALO,0.12,122.09,12
2.9,148,58,GORONTALO,0.26,121.46,12
3.0,108,10,NTB,-8.61,118.41,8
1.9,10,56,NTB,-8.76,117.85,8
4.8,105,115,SULUT,4.84,127.29,15
4.8,25,102,SULUT,4.84,126.3,15
3.7,13,76,PAPUA,-1.94,139.64,10
4.5,10,147,JATIM,-9.46,113.22,29
4.2,26,24,NTT,-9.17,119.16,7
4.4,10,286,SULUT,6.45,125.89,15
3.8,10,67,SUMBAR,-0.62,99.51,20
2.8,10,13,SULSEL,-2.46,121.15,17
4.1,10,79,MALUKUTENGAH,-2.69,129.33,3
3.3,10,63,SULTENG,-0.85,122.05,11
3.5,10,63,SULTENG,-0.88,122.06,11
3.1,19,116,JABAR,-7.96,107.01,4
2.5,11,22,ACEH,5.19,96.25,23
2.7,10,3,SULSEL,-2.61,121.16,17
3.6,10,15,SULTENG,-1.65,121.22,11
4.6,15,91,SULUT,0.15,125.17,15
4.0,16,162,SUMUT,-0.68,98.57,2
3.6,10,81,MALUKU,-3.76,130.17,6
3.6,35,65,SULUT,0.85,125.35,15
3.1,10,9,JABAR,-6.64,107.81,4
4.2,154,37,SULUT,0.1,123.79,15
3.2,50,17,NTT,-9.53,120.18,7
2.7,109,7,NTB,-8.56,118.4,8
3.3,10,140,MALUT,0.23,126.22,5
2.6,21,20,NTT,-10.5,120.16,7
4.4,10,111,JATIM,-9.14,112.64,29
4.1,421,202,MALUKU,-4.49,125.75,6
4.6,10,53,MALUT,-1.09,127.31,5
2.9,157,64,NTB,-8.21,117.98,8
3.8,13,41,PAPUABRT,-0.78,133.5,1
3.9,14,58,NTT,-10.49,123.71,7
3.5,10,20,MALUKU,-3.14,130.67,6
5.4,10,112,MALUKU,-4.76,134.11,6
2.3,77,25,GORONTALO,0.23,121.91,12
2.3,10,38,SULTENG,-1.43,120.23,11
4.9,37,462,SULUT,8.12,127.24,15
2.4,10,22,JABAR,-7.21,107.61,4
2.0,53,46,NTT,-9.01,119.36,7
1.6,10,29,SULTRA,-4.55,122.54,37
2.5,13,63,NTT,-10.13,118.79,7
2.0,23,34,NTT,-8.19,119.85,7
3.7,12,58,PAPUA,-4.98,139.73,10
4.4,100,427,SULUT,7.84,126.46,15
1.8,10,20,NTT,-9.96,124.44,7
3.1,24,57,SULUT,-0.12,124.14,15
2.7,10,195,NTB,-10.42,117.42,8
3.6,23,53,BENGKULUSELATAN,-4.92,102.8,18
2.0,18,21,NTB,-8.48,117.23,8
4.4,10,96,SULUT,-0.41,124.35,15
2.7,74,30,JATIM,-8.36,111.76,29
3.4,159,30,NTT,-8.36,119.65,7
2.7,10,13,SULTENG,0.88,121.43,11
3.8,48,18,BENGKULUUTARA,-3.44,102.03,31
3.1,23,28,SULTENG,0.76,121.51,11
3.5,17,97,SULSEL,-6.91,121.12,17
2.6,40,36,GORONTALO,0.94,122.58,12
3.2,10,94,JATIM,-7.16,114.72,29
2.6,65,53,MALUT,1.06,126.98,5
2.7,177,71,NTT,-7.92,120.18,7
2.9,10,26,SULTENG,-2.85,121.72,11
3.5,180,274,MALUKUTENGGARABRT,-5.77,130.19,25
4.4,34,69,MALUT,1.89,127.26,5
4.0,10,129,SULUT,2.95,127.18,15
4.6,75,163,SULUT,5.47,126.59,15
4.5,122,85,MALUT,2.79,128.11,5
3.6,10,15,NTT,-9.76,119.6,7
3.6,10,62,SULTENG,-2.87,122.44,11
5.0,166,232,SULUT,5.86,125.73,15
3.1,10,15,SULTENG,-2.8,121.81,11
2.5,10,27,SULTENG,-2.88,121.73,11
3.4,10,145,DIY,-9.27,110.32,28
3.9,27,50,SULUT,3.6,126.89,15
4.0,10,290,DIY,-10.36,109.47,28
3.9,555,276,NTT,-6.31,126.06,7
3.6,10,100,PAPUABRT,-4.1,133.54,1
4.2,137,133,PAPUABRT,-4.49,133.85,1
4.7,10,75,SUMUT,0.54,98.49,2
3.3,195,116,MALUKUTENGAH,-4.33,129.14,3
2.6,142,10,NTB,-8.42,118.83,8
3.1,10,87,SULTENG,-1.91,122.53,11
3.1,10,15,SULBAR,-2.92,119.46,30
3.2,10,81,SUMUT,0.58,98.55,2
4.2,10,95,SULUT,0.11,125.18,15
4.0,10,37,ACEH,4.51,96.51,23
3.9,10,35,PAPUA,-4.78,139.68,10
5.6,78,512,SULUT,8.6,127.02,15
5.4,10,22,PAPUA,-4.7,139.54,10
4.6,457,119,GORONTALO,1.75,122.38,12
2.6,55,66,NTT,-9.04,122.63,7
4.6,12,141,SULUT,5.19,126.22,15
2.3,10,47,SULTENG,-1.66,120.42,11
2.7,10,48,SULSEL,-2.32,120.82,17
4.5,23,54,SUMUT,1.69,96.94,2
5.1,10,401,PAPUA,-3.95,144.32,10
4.0,10,264,NTB,-11.13,116.75,8
4.5,195,190,MALUKUTENGGARABRT,-7.04,129.87,25
4.4,10,117,MALUT,1.91,126.69,5
3.8,30,54,SUMUT,0.6,98.3,2
3.7,10,93,JABAR,-8.25,107.86,4
4.3,10,27,MALUKU,-3.43,126.92,6
3.8,27,55,BANTEN,-7.01,105.22,21
3.0,10,48,PAPUABRT,-2.46,134.13,1
2.9,10,27,SUMBAR,0.36,99.84,20
3.3,14,65,PAPUABRT,-1.44,134.27,1
3.4,10,66,PAPUABRT,-1.43,134.31,1
3.4,10,21,SULSEL,-2.49,121.0,17
2.9,10,59,SULSEL,-2.12,120.49,17
3.3,32,92,SUMBAR,-0.72,99.31,20
3.2,248,44,GORONTALO,0.2,122.57,12
4.3,34,71,SULUT,4.16,125.82,15
2.8,214,42,GORONTALO,0.15,122.27,12
3.6,10,67,PAPUABRT,-1.42,134.33,1
3.5,14,79,JABAR,-7.7,106.54,4
3.2,39,72,SULUT,1.42,125.77,15
3.5,33,87,GORONTALO,-0.19,122.83,12
3.5,22,45,ACEH,2.1,96.19,23
4.7,74,582,SULUT,9.09,127.92,15
6.6,10,151,JABAR,-8.42,107.26,4
3.9,10,126,JATIM,-5.78,112.27,29
2.9,5,11,JABAR,-6.84,107.0,4
4.9,159,202,MALUKUTENGGARABRT,-6.44,130.32,25
4.8,10,49,BANTEN,-7.08,105.42,21
4.2,10,60,SULTENG,-0.76,123.04,11
3.5,11,121,SULUT,1.01,126.13,15
3.3,299,21,JABAR,-6.67,107.95,4
3.6,388,103,NTT,-7.75,120.82,7
3.9,71,39,PAPUA,-2.63,139.52,10
3.9,10,126,ACEHJAYA,4.1,94.58,36
2.8,113,51,JABAR,-7.77,107.89,4
3.0,45,84,NTT,-9.23,123.84,7
3.6,16,37,MALUKUTENGAH,-2.96,128.94,3
3.7,36,97,GORONTALO,-0.31,122.92,12
4.8,10,118,GORONTALO,1.67,122.26,12
4.8,10,205,BALI,-10.63,115.0,22
3.4,90,15,BENGKULU,-4.16,102.69,13
3.6,13,48,NTT,-10.0,118.83,7
3.9,522,118,NTT,-7.31,124.96,7
3.3,57,81,NTT,-9.12,122.75,7
3.8,30,38,SULUT,3.65,126.71,15
3.2,10,19,PAPUA,-3.14,139.95,10
3.1,259,59,GORONTALO,-0.06,122.09,12
3.2,112,64,NTT,-8.83,119.32,7
4.1,10,36,SULSEL,-2.35,120.94,17
3.3,10,82,PAPUABRT,-1.43,134.53,1
3.0,42,60,NTT,-9.31,120.8,7
3.5,207,37,JAMBI,-2.2,102.36,19
3.9,10,33,MALUKU,-3.32,128.36,6
4.9,10,193,JABAR,-9.34,107.91,4
4.7,10,37,MALUKU,-3.32,128.41,6
3.1,52,77,NTT,-8.9,124.17,7
4.7,235,23,ACEH,6.1,95.28,23
4.7,21,109,SUMBAR,-2.92,100.01,20
4.9,10,372,SULUT,7.32,127.16,15
3.7,58,73,NTT,-8.92,123.97,7
3.9,12,137,LAMPUNG,-6.61,104.17,16
4.2,476,275,SULUT,5.41,123.78,15
3.4,11,68,NTB,-7.87,117.4,8
3.8,10,85,JABAR,-8.19,107.9,4
3.0,10,29,SULTENG,-2.71,121.64,11
3.3,23,46,ACEHBARATDAYA,3.48,96.74,34
5.1,156,45,GORONTALO,0.19,122.57,12
3.7,10,77,SULUT,-0.14,124.46,15
3.3,127,17,JABAR,-6.84,106.5,4
4.2,74,54,SULUT,-0.08,124.16,15
4.1,37,74,SUMUT,0.98,98.73,2
3.9,10,99,PAPUA,-2.37,140.5,10
4.3,10,65,PAPUA,-4.22,137.02,10
4.1,11,19,MALUT,-0.81,127.44,5
3.5,10,27,SULTENG,0.92,120.51,11
3.7,10,98,MALUKU,-2.68,129.71,6
4.2,390,226,MALUKUBRTDAYA,-6.12,127.6,14
3.2,103,7,NTB,-8.5,118.41,8
3.3,10,134,MALUT,2.16,126.69,5
4.3,114,58,MALUKUBRTDAYA,-7.67,127.57,14
4.2,10,73,SULTENG,-0.76,122.11,11
3.7,311,72,NTB,-7.84,117.45,8
4.0,33,58,SUMUT,1.02,98.88,2
3.3,10,17,SULSEL,-2.43,121.2,17
3.6,13,86,PAPUABRT,-1.48,134.54,1
3.5,97,81,NTB,-7.94,119.26,8
2.8,10,14,DIY,-7.97,110.48,28
3.3,10,3,JATIM,-7.13,111.86,29
3.5,10,45,SULSEL,-2.21,121.0,17
4.9,120,178,MALUKUTENGGARABRT,-6.41,130.93,25
4.7,11,50,MALUT,1.1,127.01,5
2.8,10,15,SULBAR,-2.84,119.44,30
4.9,52,73,JATENG,-8.36,109.19,33
2.3,10,21,SULTENG,-1.36,120.07,11
3.3,11,117,SUMBAR,-0.79,99.09,20
3.9,10,121,JATENG,-8.79,109.24,33
3.7,65,8,SULTENG,0.58,120.88,11
2.7,18,48,NTT,-8.18,120.39,7
3.1,10,35,MALUT,-0.6,127.81,5
4.3,612,210,SULUT,4.86,124.07,15
4.0,322,266,MALUKU,-5.84,129.06,6
3.6,30,97,BALI,-9.16,114.26,22
3.5,14,62,ACEH,3.0,96.18,23
3.6,11,129,NTB,-9.6,117.77,8
3.2,26,102,SUMBAR,-0.35,99.03,20
2.8,19,95,SULUT,-0.38,123.58,15
3.1,161,14,GORONTALO,0.36,122.03,12
2.8,101,85,SULUT,-0.33,123.69,15
3.2,272,117,MALUT,1.86,126.66,5
3.1,10,57,NTB,-8.32,117.99,8
4.5,52,113,SULUT,4.99,126.92,15
4.2,10,86,JATIM,-8.83,110.68,29
4.4,10,118,SUMBAR,-0.75,99.06,20
3.3,10,45,SULTENG,-2.82,122.29,11
2.7,28,33,NTT,-10.0,119.83,7
3.4,10,8,SULBAR,-2.91,119.4,30
4.4,208,12,SULUT,1.5,124.9,15
3.0,10,126,JATIM,-9.14,110.49,29
3.6,10,98,SULTRA,-3.19,123.31,37
4.1,280,56,SULUT,1.64,124.32,15
2.3,10,39,SULTENG,-0.77,121.66,11
3.2,10,59,MALUKUTENGAH,-2.86,129.27,3
2.5,22,53,NTT,-9.93,118.64,7
3.0,10,70,NTT,-8.01,122.38,7
3.5,85,85,GORONTALO,-0.18,122.87,12
3.4,37,11,SULUT,4.07,126.6,15
3.1,10,16,SUMUT,1.74,99.23,2
3.3,10,114,SULTRA,-3.14,123.56,37
4.8,10,64,BANTEN,-7.45,105.99,21
4.8,507,120,NTT,-7.3,125.0,7
3.1,107,19,BALI,-8.56,114.95,22
4.0,10,140,PAPUABRT,-1.11,129.61,1
3.1,111,74,GORONTALO,-0.08,122.88,12
4.2,10,189,MALUKUBRTDAYA,-6.77,128.79,14
3.5,10,200,JATIM,-9.89,110.54,29
4.4,490,248,SULUT,5.38,124.13,15
3.2,91,36,BENGKULU,-2.94,101.94,13
5.0,10,133,MALUT,2.18,126.72,5
3.5,10,127,MALUT,1.49,126.4,5
4.3,10,118,SULUT,1.24,126.17,15
3.6,29,11,NTT,-9.61,118.88,7
3.3,10,27,NTB,-8.22,116.79,8
3.6,247,93,NTT,-7.75,119.51,7
4.7,51,1018,SULUT,13.15,126.2,15
3.5,22,78,PAPUA,-2.31,140.06,10
4.9,10,136,MALUT,2.28,126.78,5
3.6,63,27,DIY,-8.15,110.31,28
3.4,10,137,JATIM,-5.71,112.39,29
3.2,11,75,MALUKUTENGAH,-2.83,129.45,3
3.5,10,77,MALUKUTENGAH,-2.8,129.45,3
3.7,10,79,MALUKUTENGAH,-2.8,129.47,3
3.0,10,75,MALUKUTENGAH,-2.82,129.44,3
4.1,11,78,MALUKUTENGAH,-2.74,129.39,3
3.9,10,248,JABAR,-9.37,107.0,4
3.2,10,139,MALUT,2.79,127.28,5
2.3,11,11,NTT,-9.55,119.08,7
4.3,10,354,JABAR,-10.19,106.49,4
1.7,69,32,NTT,-8.93,121.94,7
2.2,20,37,SULBAR,-3.17,118.6,30
2.9,102,15,BALI,-8.91,115.15,22
2.7,25,33,PAPUA,-2.76,139.27,10
2.4,10,12,SUMBAR,-0.59,100.39,20
4.7,13,35,SULUT,3.72,126.83,15
3.3,10,81,MALUKUTENGAH,-2.76,129.45,3
3.5,10,79,MALUKUTENGAH,-2.76,129.43,3
3.1,14,78,MALUT,1.22,126.78,5
3.9,15,75,MALUKUTENGAH,-2.88,129.49,3
3.6,10,153,JATIM,-9.51,113.16,29
2.8,146,70,GORONTALO,-0.05,123.38,12
2.8,10,74,MALUKUTENGAH,-2.8,129.4,3
4.8,10,78,MALUKUTENGAH,-2.78,129.43,3
3.0,10,18,BALI,-8.09,115.26,22
4.4,10,128,MALUT,2.74,127.37,5
1.7,21,30,NTT,-8.53,121.95,7
3.9,24,44,SULUT,0.43,124.85,15
3.2,30,29,ACEHSINGKIL,2.6,97.75,35
4.6,34,40,SULUT,4.31,126.87,15
3.2,10,128,SULUT,0.83,126.1,15
3.2,10,96,PAPUABRT,-1.27,134.79,1
3.5,10,141,JABAR,-8.19,106.97,4
3.6,25,70,ACEHBARATDAYA,3.39,96.51,34
3.4,44,6,NTT,-9.37,119.13,7
3.3,10,112,MALUT,2.52,127.36,5
3.0,151,9,SUMUT,1.56,99.56,2
3.0,151,9,SUMUT,1.56,99.56,2
3.5,90,18,NTT,-8.5,123.65,7
3.6,10,145,SULUT,2.8,127.2,15
2.9,10,64,PAPUABRT,-3.53,133.4,1
3.9,13,157,SULUT,3.65,128.05,15
2.5,10,14,MALUT,0.88,127.66,5
3.6,10,89,PAPUABRT,-1.51,134.54,1
2.6,18,74,NTT,-7.86,120.11,7
2.4,10,42,SULTENG,-1.69,120.12,11
2.5,17,53,NTB,-8.06,117.63,8
3.1,14,69,PAPUABRT,-1.41,134.38,1
3.7,10,26,SULSEL,-2.46,120.97,17
3.6,33,75,PAPUABRT,-1.51,134.32,1
4.0,10,89,PAPUABRT,-1.48,134.57,1
3.2,15,1,NTB,-8.48,117.04,8
3.3,10,143,JATIM,-5.71,112.55,29
2.7,10,73,MALUKUTENGAH,-2.83,129.42,3
4.6,13,74,MALUKUTENGAH,-2.79,129.4,3
2.3,10,67,SULTENG,-1.97,120.55,11
4.0,10,144,SULUT,2.8,127.19,15
2.2,10,32,NTT,-10.04,124.3,7
2.2,10,90,PAPUABRT,-1.45,134.61,1
3.6,10,142,MALUT,2.8,127.25,5
3.1,11,80,SULUT,0.3,125.17,15
3.9,10,57,NTB,-7.99,117.54,8
2.7,10,92,MALUKUTENGAH,-4.08,128.66,3
3.9,10,91,PAPUABRT,-1.5,134.58,1
3.6,91,11,NTB,-8.79,116.21,8
4.4,13,87,PAPUABRT,-1.49,134.54,1
3.5,10,93,PAPUABRT,-1.49,134.61,1
3.7,10,144,SULUT,2.8,127.19,15
3.9,10,139,JATIM,-5.74,112.53,29
3.7,10,139,MALUT,2.83,127.31,5
6.5,10,147,MALUT,2.75,127.14,5
4.9,10,94,PAPUABRT,-1.47,134.65,1
3.0,10,38,SULTENG,-1.24,121.22,11
4.2,10,92,PAPUABRT,-1.42,134.66,1
3.7,10,86,PAPUABRT,-1.48,134.53,1
3.6,10,28,SUMUT,1.76,99.08,2
4.7,25,38,BENGKULU,-4.84,103.01,13
2.7,10,85,PAPUABRT,-1.35,134.64,1
3.8,10,84,PAPUABRT,-1.48,134.51,1
6.1,10,89,PAPUABRT,-1.51,134.54,1
3.1,12,97,SULUT,1.67,125.97,15
3.8,156,28,SUMSEL,-4.24,103.39,26
3.4,10,41,PAPUA,-0.79,136.26,10
4.6,11,41,MALUKU,-2.83,127.9,6
4.0,164,31,GORONTALO,0.25,122.32,12
3.4,42,32,JABAR,-7.28,106.56,4
4.1,10,109,MALUT,0.66,129.32,5
4.0,113,16,NTB,-8.66,118.39,8
3.9,10,90,SULTRA,-3.33,123.45,37
4.6,62,106,SULUT,4.4,127.55,15
3.8,16,102,SULUT,3.3,127.28,15
3.8,10,199,JABAR,-9.5,108.45,4
4.7,155,66,MALUKUBRTDAYA,-7.76,128.25,14
2.9,14,109,LAMPUNG,-6.34,104.19,16
2.6,10,139,LAMPUNG,-6.58,104.08,16
3.4,10,119,JATIM,-5.84,112.24,29
2.2,47,9,JATIM,-8.23,111.04,29
3.3,10,51,SULBAR,-2.51,119.09,30
3.2,161,4,JATIM,-8.22,114.41,29
3.7,10,57,SULTENG,1.09,120.29,11
4.1,10,88,SULTRA,-3.29,123.32,37
3.1,10,31,SULTENG,0.82,120.48,11
4.0,10,133,SULTRA,-3.73,124.19,37
3.4,10,127,MALUT,1.4,126.37,5
3.2,10,149,JABAR,-8.28,107.05,4
3.6,26,58,MALUKUTENGGARA,-6.0,133.14,41
4.3,165,132,MALUKUBRTDAYA,-7.47,128.77,14
4.0,34,63,SULUT,-0.12,123.71,15
4.4,374,181,MALUKUBRTDAYA,-6.69,128.52,14
4.3,10,92,SULUT,-0.16,124.63,15
3.4,29,63,JATENG,-8.3,109.02,33
4.4,134,215,SULUT,5.94,126.78,15
3.8,10,98,SULUT,0.42,125.43,15
2.3,10,21,SULTENG,-1.25,120.62,11
2.5,106,12,NTB,-8.61,118.38,8
3.9,12,79,PAPUABRT,-3.99,133.82,1
3.6,86,80,GORONTALO,-0.17,122.99,12
4.4,180,43,MALUKUBRTDAYA,-7.77,127.89,14
3.7,10,115,SULTRA,-3.09,123.48,37
2.1,10,22,SULTENG,-1.24,120.62,11
4.6,14,81,SUMUT,0.55,98.55,2
3.4,10,64,SULTENG,1.19,120.27,11
3.6,10,59,ACEH,3.01,96.38,23
3.8,147,40,SULUT,3.43,125.81,15
2.1,41,29,JABAR,-7.25,106.57,4
3.2,10,116,JABAR,-8.08,107.3,4
4.3,10,132,MALUT,2.32,126.89,5
3.7,20,92,NTB,-7.67,119.03,8
3.1,10,138,JATIM,-5.68,112.3,29
3.0,50,25,JATIM,-8.33,110.93,29
4.5,10,134,SULUT,1.5,126.33,15
3.4,54,74,NTB,-9.15,118.2,8
4.7,13,225,SULUT,5.64,125.48,15
3.0,36,43,BENGKULUSELATAN,-4.72,102.63,18
3.2,21,66,NTT,-10.69,123.72,7
2.5,10,42,MALUKU,-2.93,127.84,6
4.7,10,84,SULTRA,-3.32,123.3,37
4.8,10,89,SULTRA,-3.27,123.3,37
3.7,10,163,JATIM,-9.58,112.87,29
3.6,10,212,BALI,-10.69,114.96,22
3.6,114,8,GORONTALO,0.43,122.02,12
2.8,42,34,JABAR,-7.3,106.52,4
3.9,17,87,SULTRA,-3.3,123.34,37
3.8,10,42,JATIM,-7.84,114.37,29
3.7,10,136,JATIM,-5.8,112.59,29
3.6,46,100,JABAR,-7.87,106.76,4
3.0,10,32,SULTENG,-1.1,120.73,11
3.0,284,93,NTT,-7.79,119.44,7
3.2,136,29,JABAR,-7.37,107.68,4
4.1,10,193,SULUT,5.72,126.41,15
3.5,10,115,SULUT,0.05,125.37,15
2.9,10,30,SULTENG,-2.66,121.63,11
3.7,10,137,JATIM,-5.8,112.6,29
3.0,10,26,SULSEL,-3.53,120.32,17
3.6,10,115,JATIM,-5.96,112.49,29
4.1,12,34,BENGKULU,-5.28,102.57,13
2.9,10,85,SULTENG,-1.89,122.53,11
4.1,10,2,JABAR,-6.84,107.93,4
2.9,10,27,JABAR,-6.74,106.6,4
5.0,10,93,JABAR,-8.25,107.86,4
2.8,15,6,NTB,-8.62,116.58,8
2.5,51,36,MALUKU,-3.36,128.05,6
3.6,366,233,MALUKU,-5.88,128.26,6
2.4,15,26,JABAR,-6.75,106.52,4
2.8,10,25,JABAR,-6.76,106.59,4
2.9,20,139,SULUT,1.77,126.33,15
2.9,40,36,BENGKULUUTARA,-3.42,101.87,31
2.6,105,58,PAPUA,-2.45,139.73,10
5.6,154,787,PAPUA,-6.35,147.41,10
2.8,13,15,MALUT,1.49,127.64,5
3.1,126,14,ACEH,4.1,97.42,23
3.7,12,69,ACEH,2.66,95.77,23
3.4,10,26,JABAR,-6.75,106.57,4
3.7,10,93,MALUKUTENGAH,-2.64,129.48,3
2.6,26,52,PAPUA,-2.93,139.39,10
3.1,28,43,PAPUA,-2.79,139.52,10
4.3,23,44,PAPUA,-2.77,139.47,10
4.0,10,104,SULTENG,1.91,121.3,11
3.9,10,45,PAPUA,-2.64,139.57,10
2.8,54,45,PAPUA,-2.72,139.53,10
3.6,27,65,PAPUA,-3.06,139.25,10
6.4,29,48,PAPUA,-2.9,139.43,10
2.8,10,30,NTT,-8.51,122.78,7
2.8,10,92,GORONTALO,-0.29,123.05,12
3.1,12,26,MALUKUTENGAH,-3.54,128.96,3
4.1,10,92,NTT,-11.27,121.41,7
3.8,139,48,JATIM,-8.45,111.45,29
3.4,24,77,NTT,-9.13,123.71,7
3.6,10,53,SULSEL,-2.18,121.43,17
3.5,19,38,BENGKULUSELATAN,-4.58,102.59,18
3.3,112,40,GORONTALO,0.37,121.59,12
3.8,213,246,MALUKUTENGGARABRT,-6.2,129.97,25
4.7,133,305,PAPUA,-4.52,143.26,10
3.1,140,69,GORONTALO,-0.07,122.97,12
6.5,10,387,ACEHJAYA,2.48,92.84,36
3.1,10,26,JABAR,-6.72,106.59,4
2.6,20,25,JABAR,-6.71,106.6,4
2.3,175,37,NTT,-7.99,124.4,7
2.5,21,14,NTB,-8.41,118.61,8
3.2,10,164,PAPUABRT,-1.37,129.57,1
3.4,83,96,MALUT,2.44,127.5,5
2.9,118,20,SUMUT,0.86,99.75,2
4.1,164,119,MALUKUBRTDAYA,-7.5,128.65,14
2.7,11,36,NTB,-8.15,118.87,8
3.1,106,20,NTB,-8.53,116.32,8
2.5,10,14,NTT,-9.89,124.48,7
4.5,64,294,SULUT,6.63,126.97,15
2.3,10,36,NTB,-8.66,119.01,8
2.8,10,95,JABAR,-8.43,108.04,4
2.8,50,10,SULUT,0.9,123.92,15
4.1,139,135,MALUKUBRTDAYA,-7.49,128.82,14
2.5,28,25,JABAR,-6.69,106.59,4
3.5,50,41,SUMUT,2.21,98.18,2
3.7,76,47,JATIM,-8.52,112.39,29
3.0,10,25,SUMUT,1.77,99.13,2
4.2,11,66,PAPUA,-1.87,139.18,10
3.0,10,42,PAPUABRT,-2.04,133.69,1
2.8,10,71,SULTENG,-1.69,122.52,11
3.0,10,24,ACEH,4.54,97.76,23
2.0,10,4,SULTRA,-4.07,121.56,37
3.0,10,90,BENGKULUUTARA,-3.85,101.49,31
3.4,27,52,PAPUA,-2.1,138.91,10
3.4,153,226,MALUKUTENGGARABRT,-6.18,130.34,25
5.2,79,946,SULUT,12.49,127.38,15
4.5,10,865,SULUT,11.54,124.73,15
3.1,14,62,BENGKULU,-3.13,101.05,13
3.0,21,80,SULUT,-0.28,124.3,15
3.8,22,47,PAPUA,-4.6,139.94,10
2.3,19,28,JABAR,-6.69,106.56,4
2.9,12,57,NTT,-10.09,118.83,7
3.7,38,31,PAPUA,-2.43,139.48,10
2.5,24,69,NTB,-7.89,119.02,8
3.9,10,44,SULTENG,-1.24,121.12,11
2.5,24,69,NTB,-7.89,119.02,8
3.2,91,19,SUMUT,1.76,98.99,2
3.0,10,46,SULTENG,-1.27,121.15,11
3.4,20,47,NTT,-10.0,118.87,7
2.9,19,6,SULSEL,-3.72,120.05,17
4.1,35,57,BENGKULU,-4.24,102.09,13
3.0,10,45,SULTENG,-1.27,121.14,11
3.2,24,67,BANTEN,-7.53,106.14,21
4.6,10,191,NTT,-7.25,125.93,7
4.0,496,206,NTT,-6.94,125.83,7
2.9,17,86,NTB,-7.69,118.91,8
3.2,10,50,MALUKU,-3.51,128.3,6
3.0,43,8,SUMBAR,-0.29,100.3,20
3.7,10,60,ACEHBARATDAYA,3.38,96.67,34
5.4,56,277,SULUT,6.25,125.6,15
4.0,10,36,MALUT,1.28,127.22,5
2.5,181,61,NTT,-8.08,122.46,7
3.2,11,29,NTB,-8.22,116.76,8
3.6,200,248,MALUKUTENGGARABRT,-5.93,130.39,25
3.4,17,87,JABAR,-8.14,107.84,4
5.5,14,81,JABAR,-8.12,107.89,4
3.0,270,105,NTT,-7.6,119.59,7
5.2,29,13,NTT,-10.04,123.77,7
3.8,17,24,MALUKU,-2.94,128.38,6
3.1,74,44,NTB,-9.05,116.55,8
3.7,10,128,JABAR,-8.18,107.26,4
3.5,10,10,ACEH,2.44,96.28,23
4.2,210,66,MALUT,2.64,128.38,5
3.0,16,18,ACEH,2.31,96.36,23
3.8,22,43,BENGKULUSELATAN,-4.84,102.87,18
2.1,10,18,JATENG,-7.22,109.83,33
2.8,10,25,JABAR,-6.76,106.6,4
3.4,10,34,ACEHTENGAH,4.46,96.58,9
2.5,11,26,JABAR,-6.75,106.56,4
3.2,10,23,JABAR,-6.78,106.55,4
2.8,10,134,NTT,-7.44,121.95,7
4.2,10,17,MALUKU,-2.95,130.47,6
3.7,60,37,SULTENG,0.57,121.14,11
4.1,15,90,PAPUA,-1.6,138.07,10
3.9,10,73,MALUKU,-3.77,126.67,6
2.8,48,56,MALUT,0.97,126.9,5
4.0,26,124,SULUT,1.3,126.23,15
3.8,10,7,NTT,-9.58,124.95,7
3.4,10,157,JATIM,-9.52,112.9,29
4.5,10,93,PAPUA,-1.13,136.82,10
3.8,10,163,JATIM,-9.59,112.82,29
4.2,10,243,NTT,-11.14,117.43,7
2.9,14,123,SULUT,1.05,126.16,15
5.2,79,547,PAPUA,-5.36,145.38,10
3.9,14,109,SULUT,2.11,126.11,15
4.4,10,1,NTT,-9.54,124.91,7
4.9,10,436,SULUT,7.91,127.02,15
4.4,119,75,GORONTALO,-0.11,122.94,12
3.1,62,58,NTT,-9.21,124.13,7
5.0,48,24,SULUT,3.78,126.65,15
3.6,11,27,GORONTALO,0.29,122.28,12
4.4,97,14,NTB,-8.63,118.38,8
3.9,20,62,MALUT,0.65,126.82,5
2.9,10,92,SULTENG,-0.57,122.64,11
3.3,10,115,JATIM,-9.16,111.45,29
3.4,10,7,SULTENG,0.92,121.31,11
4.8,84,133,SULUT,5.09,126.18,15
3.6,10,91,MALUKUTENGAH,-2.68,129.5,3
2.9,10,38,SULTRA,-3.82,122.75,37
2.9,12,54,NTB,-8.01,117.34,8
2.7,42,18,BALI,-8.75,115.39,22
3.4,65,52,NTT,-8.69,123.9,7
4.0,10,15,MALUT,1.36,128.35,5
3.9,44,8,SULUT,4.07,126.69,15
2.8,10,46,SUMUT,0.48,98.22,2
4.6,26,75,NTB,-7.97,117.86,8
2.8,349,113,NTT,-7.51,120.16,7
4.8,10,100,BANTEN,-7.18,104.84,21
2.6,10,59,SULBAR,-2.43,119.08,30
3.0,21,45,NTT,-9.94,118.77,7
2.8,37,20,NTT,-9.46,119.69,7
3.2,10,26,JABAR,-6.75,106.56,4
3.3,16,40,SULTENG,-1.26,121.21,11
2.7,55,27,NTT,-9.44,120.15,7
2.9,58,44,GORONTALO,0.16,123.26,12
3.2,22,83,BENGKULUUTARA,-3.69,101.49,31
4.0,18,41,SULTENG,-1.23,121.19,11
3.7,10,43,SULTENG,-1.23,121.17,11
2.7,68,26,SUMBAR,-1.19,100.75,20
4.0,10,108,NTT,-9.43,118.02,7
3.2,10,111,JATENG,-8.73,109.07,33
3.3,10,18,SUMUT,2.63,98.47,2
3.0,57,20,ACEHBESAR,5.06,95.59,32
5.9,91,793,SULUT,11.11,127.29,15
2.8,35,71,NTT,-9.06,123.22,7
2.5,142,34,SUMSEL,-4.31,103.39,26
2.7,45,72,NTT,-9.35,123.77,7
3.3,10,17,MALUT,1.39,128.35,5
4.4,10,12,MALUT,1.31,128.37,5
3.3,54,95,LAMPUNG,-6.34,104.69,16
2.7,14,42,NTT,-9.12,120.71,7
5.2,10,445,SULUT,8.0,126.9,15
3.0,17,14,MALUKUTENGAH,-3.35,128.84,3
3.8,10,38,PAPUA,-2.72,138.97,10
2.9,12,91,MALUT,0.28,126.71,5
3.1,11,56,NTB,-8.01,117.6,8
5.5,315,1136,PAPUA,-4.32,150.94,10
3.4,14,81,MALUKU,-3.24,131.21,6
2.3,16,19,JATENG,-7.23,109.79,33
3.0,10,135,NTB,-9.81,117.46,8
3.9,10,101,SULUT,0.4,125.45,15
4.4,14,106,SUMBAR,-0.55,99.11,20
3.6,10,117,SULUT,0.8,125.96,15
3.4,92,172,JATIM,-9.55,110.37,29
4.8,10,101,SULUT,0.38,125.45,15
2.7,27,33,MALUT,0.99,127.8,5
2.3,10,19,SUMBAR,0.07,100.0,20
3.8,10,65,MALUKU,-3.33,129.94,6
2.5,13,39,JATIM,-7.87,114.42,29
2.4,10,10,SULSEL,-4.54,119.71,17
2.7,11,36,MALUT,-0.59,127.82,5
2.8,10,7,PAPUABRT,-0.96,134.05,1
1.8,10,17,SUMUT,0.91,97.31,2
3.1,10,32,ACEH,4.95,95.99,23
3.0,59,21,SULTENG,-2.89,121.93,11
5.4,23,75,MALUT,2.72,128.18,5
2.2,95,35,ACEH,4.7,96.14,23
2.4,10,51,NTB,-8.66,118.02,8
2.7,61,59,SUMUT,1.99,98.28,2
3.7,23,18,PAPUA,-2.63,139.24,10
3.0,37,53,JAMBI,-1.95,100.95,19
2.4,13,18,JATIM,-8.02,113.35,29
3.9,10,211,BANTEN,-8.71,105.55,21
4.5,10,208,BANTEN,-8.68,105.55,21
2.6,22,77,JABAR,-7.68,106.59,4
3.6,10,97,SULTENG,-0.74,122.36,11
3.6,125,46,NTB,-8.5,117.84,8
3.7,212,30,JAMBI,-2.03,102.21,19
4.6,165,197,MALUKUTENGGARABRT,-7.14,129.74,25
3.2,11,27,NTB,-8.28,118.55,8
4.8,10,64,SULUT,1.46,123.48,15
3.4,59,13,MALUT,-0.69,127.38,5
3.2,10,51,ACEH,6.19,94.96,23
4.4,105,423,SULUT,7.76,127.3,15
2.9,10,126,MALUT,1.74,126.52,5
3.7,17,64,PAPUA,-1.94,139.45,10
2.7,10,18,MALUKUTENGAH,-3.33,128.79,3
3.3,10,35,JATIM,-7.9,114.37,29
3.0,10,57,SULTENG,-1.11,120.32,11
3.0,334,88,NTT,-7.5,124.58,7
2.6,10,11,SULSEL,-3.64,119.82,17
2.0,298,1,JABAR,-6.91,106.92,4
3.5,64,14,MALUT,2.15,128.21,5
3.0,10,33,ACEH,4.43,96.54,23
4.1,25,108,NTT,-9.43,122.75,7
4.1,10,35,ACEHTENGAH,4.41,96.61,9
4.3,10,51,MALUT,-0.19,127.58,5
4.6,10,56,MALUT,-0.66,126.99,5
3.5,24,25,SULTENG,0.75,121.41,11
4.1,83,186,MALUKUTENGGARABRT,-6.52,130.46,25
2.6,97,28,JABAR,-7.15,107.04,4
3.2,33,25,NTT,-9.82,119.01,7
2.5,10,2,SULTENG,-0.4,119.83,11
3.7,10,92,MALUKU,-2.66,129.78,6
4.3,158,57,PAPUA,-4.51,138.88,10
2.2,17,21,JATENG,-7.2,109.81,33
4.0,50,60,SULTENG,0.26,120.37,11
4.3,10,198,JABAR,-8.72,106.12,4
2.9,21,83,GORONTALO,-0.2,123.0,12
3.6,10,63,SULTENG,-1.88,120.45,11
3.8,10,40,ACEH,6.17,95.08,23
3.9,19,50,PAPUABRT,-3.66,133.68,1
3.9,10,18,PAPUA,-3.38,135.85,10
3.3,13,137,PAPUABRT,-1.05,129.59,1
2.9,10,13,SULSEL,-2.49,121.09,17
3.5,32,23,MALUT,1.36,128.28,5
2.6,14,28,JABAR,-6.73,106.56,4
2.8,11,24,JABAR,-6.78,106.47,4
2.7,10,25,JABAR,-6.76,106.56,4
4.2,28,80,SULUT,3.43,127.12,15
5.5,160,69,MALUT,2.66,128.16,5
2.5,28,48,JABAR,-7.41,106.44,4
3.7,31,18,PAPUA,-2.96,140.02,10
2.5,146,18,JAMBI,-2.34,102.02,19
3.2,91,49,JATIM,-8.59,110.94,29
2.3,189,30,GORONTALO,0.27,121.75,12
4.2,10,110,SULUT,3.29,127.38,15
3.9,269,42,NTT,-7.94,122.9,7
3.2,10,54,PAPUABRT,-0.16,130.03,1
3.1,10,23,JABAR,-6.78,106.54,4
4.5,10,84,MALUT,-0.89,126.78,5
4.0,51,78,SULUT,3.45,127.12,15
2.4,10,27,JABAR,-6.74,106.55,4
5.3,116,745,SULUT,10.66,127.5,15
4.8,24,499,SULUT,8.38,125.65,15
3.6,10,59,ACEH,6.2,94.88,23
4.9,597,121,NTB,-7.45,119.18,8
3.8,23,95,JABAR,-7.85,106.52,4
3.2,13,51,MALUT,2.34,128.65,5
4.3,10,45,ACEH,6.23,95.08,23
2.7,13,32,JATENG,-7.14,108.87,33
3.0,48,65,NTT,-8.99,124.23,7
3.3,10,15,PAPUA,-4.36,139.55,10
3.6,46,12,SULUT,3.9,126.73,15
3.0,10,14,MALUT,2.1,128.17,5
3.0,10,37,SULSEL,-2.44,120.87,17
3.5,127,87,MALUKUBRTDAYA,-7.61,128.36,14
2.9,23,79,SULUT,-0.27,124.3,15
4.7,187,227,MALUKUTENGGARABRT,-6.93,129.54,25
5.2,10,99,PAPUA,-2.2,140.28,10
3.2,10,120,SULUT,0.89,126.06,15
3.5,41,121,SULUT,0.85,126.04,15
3.5,15,73,MALUKU,-2.91,129.86,6
4.9,10,429,SULUT,7.81,127.31,15
3.1,12,60,NTT,-9.51,123.63,7
3.6,10,90,SULTENG,-0.53,123.27,11
3.7,10,25,SULTENG,-1.38,123.58,11
3.4,10,87,SULTENG,-0.58,123.34,11
3.8,10,87,SULTENG,-0.56,123.29,11
4.6,115,221,MALUKU,-5.09,130.33,6
2.8,140,69,GORONTALO,-0.06,123.32,12
4.6,15,17,MALUKU,-3.13,130.64,6
4.4,10,89,SULTENG,-0.67,122.22,11
2.4,11,24,ACEH,4.82,96.14,23
3.0,10,24,MALUT,1.19,128.3,5
3.0,14,59,NTB,-8.31,119.26,8
3.0,15,63,NTB,-8.24,119.27,8
1.8,10,25,JABAR,-6.76,106.6,4
2.2,10,23,JABAR,-6.78,106.52,4
3.9,11,74,NTT,-9.02,125.56,7
2.7,22,66,ACEHJAYA,4.47,95.01,36
2.9,10,32,SUMBAR,-1.82,99.34,20
3.3,40,33,SUMBAR,-2.05,99.89,20
3.4,10,39,JATIM,-7.87,114.36,29
3.0,63,99,MALUT,2.12,127.12,5
1.9,24,16,JATENG,-7.28,109.78,33
1.8,17,15,JATENG,-7.25,109.83,33
4.7,10,429,SULUT,7.85,126.99,15
3.5,10,25,ACEH,5.2,96.47,23
3.6,14,75,MALUT,2.73,128.3,5
1.7,35,8,SULSEL,-2.63,121.11,17
5.4,19,130,SUMBAR,-0.35,98.75,20
3.2,10,7,ACEHBESAR,5.29,95.65,32
4.2,141,46,MALUKUBRTDAYA,-7.79,127.58,14
3.2,17,41,SULTENG,-0.7,119.59,11
3.6,24,113,SULUT,1.26,126.13,15
3.3,30,79,SUMBAR,-2.06,100.61,20
2.3,10,18,JABAR,-6.83,106.5,4
2.0,19,18,JATENG,-7.24,109.79,33
4.1,10,95,MALUT,-1.18,126.83,5
3.6,178,31,NTT,-8.21,119.88,7
4.6,58,383,SULUT,7.44,126.91,15
3.3,10,93,BENGKULU,-4.59,101.89,13
3.4,10,34,PAPUABRT,-0.92,134.31,1
4.1,10,27,JATENG,-7.11,108.91,33
3.4,10,119,BALI,-9.75,114.73,22
3.7,11,120,BALI,-9.73,114.67,22
3.4,77,82,SULUT,-0.36,123.91,15
3.4,139,79,GORONTALO,-0.11,122.83,12
3.0,13,27,JABAR,-6.74,106.53,4
4.8,10,476,SULUT,8.24,127.32,15
5.0,10,534,SULUT,8.74,127.48,15
4.9,10,529,SULUT,8.71,127.39,15
4.3,13,34,JATENG,-7.14,108.85,33
3.7,10,35,SULUT,4.26,126.86,15
3.1,10,87,PAPUA,-2.47,140.45,10
2.9,10,37,NTT,-8.79,119.73,7
3.6,13,64,BENGKULU,-2.86,101.62,13
2.9,10,6,SUMBAR,-0.41,100.36,20
3.1,77,57,NTT,-8.73,123.93,7
2.0,10,13,JABAR,-7.2,107.78,4
2.0,16,9,SULBAR,-2.96,119.4,30
2.7,13,73,MALUT,0.54,126.75,5
2.2,70,86,GORONTALO,-0.2,122.89,12
2.1,76,8,SUMBAR,-0.65,100.07,20
2.2,18,35,NTB,-8.57,119.05,8
2.6,18,76,BALI,-9.47,115.37,22
3.1,10,90,PAPUA,-2.25,140.2,10
3.0,14,75,MALUT,0.77,126.69,5
4.2,11,112,MALUT,1.63,126.62,5
5.4,178,213,MALUKUTENGGARABRT,-6.94,129.68,25
4.7,10,405,SULUT,7.64,126.94,15
4.6,10,405,SULUT,7.64,126.94,15
3.5,10,76,BENGKULU,-4.41,101.98,13
5.2,166,152,MALUKUTENGGARABRT,-6.79,130.6,25
2.0,16,3,JATENG,-7.34,109.91,33
3.5,53,67,ACEH,1.98,96.72,23
3.1,17,29,MALUT,1.17,128.26,5
4.0,69,261,MALUKU,-5.44,130.24,6
4.8,10,429,SULUT,7.85,126.98,15
4.4,90,54,MALUT,1.8,127.39,5
4.9,15,29,BANTEN,-7.17,106.13,21
3.3,14,21,NTB,-8.33,118.89,8
4.9,10,536,SULUT,8.77,127.42,15
3.1,131,64,GORONTALO,0.0,123.35,12
3.3,116,15,DIY,-8.09,110.51,28
2.2,10,13,JABAR,-6.96,106.82,4
1.3,10,27,SULSEL,-2.72,120.97,17
4.8,10,453,SULUT,8.04,127.24,15
2.7,26,12,NTT,-9.82,119.27,7
2.4,20,17,JABAR,-6.88,106.43,4
2.2,10,13,JABAR,-6.9,106.47,4
3.0,10,95,MALUKUTENGAH,-2.63,129.49,3
2.2,15,24,JABAR,-6.77,106.52,4
5.4,99,42,SULUT,0.0,124.08,15
4.3,20,77,JABAR,-8.14,107.95,4
4.0,13,102,SUMUT,0.06,97.05,2
2.9,10,93,GORONTALO,-0.28,122.92,12
3.9,10,125,PAPUA,-0.6,137.02,10
3.2,13,43,SULTENG,-0.57,119.47,11
2.6,10,27,JABAR,-6.74,106.54,4
2.6,10,27,JABAR,-6.74,106.53,4
3.2,129,22,SUMSEL,-4.74,104.2,26
3.5,29,25,MALUT,2.2,128.47,5
3.6,14,38,BANTEN,-6.98,105.44,21
3.6,94,66,MALUT,1.62,127.06,5
4.9,115,525,SULUT,8.72,126.4,15
2.8,10,12,SUMBAR,-0.47,100.28,20
3.3,31,39,PAPUA,-3.67,140.62,10
3.1,10,25,NTT,-9.96,124.29,7
2.6,109,13,BANTEN,-6.86,106.16,21
3.8,16,41,SULTENG,-0.71,119.59,11
3.8,16,41,SULTENG,-0.71,119.59,11
2.7,10,10,DIY,-7.96,110.52,28
3.3,10,27,NTT,-9.97,124.27,7
2.4,10,34,JATENG,-7.14,108.85,33
2.4,10,2,SUMUT,2.76,98.34,2
2.5,10,13,SULSEL,-3.55,119.48,17
3.8,127,104,MALUKUTENGAH,-4.16,129.34,3
2.2,10,55,SULSEL,-2.41,120.7,17
3.5,25,41,SUMBAR,-1.41,100.21,20
3.1,11,45,JATIM,-7.82,114.42,29
3.6,10,95,SULTENG,-2.02,122.43,11
4.1,10,87,SULTENG,-1.89,122.51,11
4.1,10,99,MALUKUTENGAH,-2.69,129.61,3
4.8,10,501,SULUT,8.49,127.08,15
5.2,10,193,NTB,-10.49,116.98,8
2.5,10,23,JABAR,-6.78,106.54,4
5.0,10,470,SULUT,8.19,127.27,15
3.2,21,140,MALUT,1.93,126.47,5
4.7,12,428,SULUT,7.85,126.82,15
2.8,10,30,JABAR,-6.67,106.53,4
3.9,11,144,SULUT,2.7,126.8,15
3.4,10,114,JATIM,-9.15,112.36,29
2.8,10,30,SULTENG,-2.97,121.94,11
4.2,10,244,MALUKUTENGGARABRT,-6.54,129.63,25
2.7,17,16,JATENG,-7.27,109.76,33
2.9,10,98,SULTENG,-0.49,123.38,11
4.4,169,322,SULUT,6.9,126.56,15
4.2,94,75,SULUT,2.88,126.03,15
4.2,10,134,SULUT,0.51,125.89,15
5.8,258,22,RIAU,-0.5,101.33,24
3.9,23,91,NTT,-9.49,118.17,7
3.5,27,19,PAPUA,-3.55,135.58,10
2.7,10,14,SULSEL,-3.52,119.52,17
3.3,24,58,NTB,-8.11,117.78,8
3.4,169,9,BANTEN,-6.39,106.06,21
4.4,10,29,PAPUA,-4.24,139.44,10
2.8,10,13,SULSEL,-3.54,119.5,17
5.3,114,64,MALUT,2.62,128.23,5
5.0,35,30,MALUKUBRTDAYA,-7.89,127.7,14
3.1,95,78,GORONTALO,-0.15,122.97,12
3.3,12,80,PAPUA,-2.62,140.77,10
2.8,11,27,ACEH,5.22,96.18,23
2.7,29,55,PAPUABRT,-1.45,133.88,1
4.5,85,55,NTB,-8.83,119.08,8
4.8,10,439,SULUT,7.92,127.17,15
3.5,25,135,MALUT,1.83,126.47,5
4.7,125,624,SULUT,9.51,125.57,15
4.7,125,624,SULUT,9.51,125.57,15
4.4,212,19,GORONTALO,0.43,122.2,12
3.4,10,123,SULUT,0.79,126.02,15
5.4,96,37,PAPUA,-3.59,140.99,10
3.3,12,93,BANTEN,-7.76,106.13,21
3.6,13,57,SUMUT,1.46,98.35,2
4.9,10,430,SULUT,7.87,126.7,15
4.6,561,17,SULTENG,0.98,120.88,11
3.4,10,72,SULUT,0.15,124.84,15
4.7,29,137,MALUT,1.86,126.46,5
4.0,20,37,NTB,-8.29,117.69,8
2.6,14,15,NTB,-8.33,116.02,8
2.7,11,16,NTB,-8.3,116.02,8
3.0,38,83,NTT,-9.08,123.93,7
3.4,18,95,MALUKUTENGAH,-2.67,129.54,3
5.0,10,243,SULUT,6.15,126.24,15
3.6,76,75,NTT,-8.87,124.19,7
3.5,138,44,NTT,-8.93,124.57,7
3.2,43,48,PAPUA,-2.19,139.54,10
3.0,111,9,NTB,-8.59,118.4,8
4.8,10,394,SULUT,7.55,126.7,15
2.2,10,5,SULSEL,-3.03,119.75,17
3.1,10,104,MALUKU,-4.42,128.48,6
4.7,33,577,SULUT,9.2,126.74,15
3.1,26,5,NTT,-9.62,119.44,7
4.0,199,18,SULUT,0.27,123.86,15
4.7,39,438,SULUT,7.92,127.12,15
3.7,17,71,MALUT,2.06,128.94,5
4.6,85,584,SULUT,9.26,126.83,15
4.5,10,427,SULUT,7.77,127.42,15
3.9,10,104,SULUT,0.43,125.5,15
2.8,12,118,MALUT,1.11,126.36,5
3.3,21,48,BANTEN,-7.32,106.05,21
3.8,21,105,LAMPUNG,-6.13,103.8,16
3.9,204,57,SULUT,1.87,124.72,15
3.1,23,53,NTB,-8.12,118.22,8
4.7,10,476,SULUT,8.28,126.95,15
4.7,10,476,SULUT,8.28,126.95,15
2.9,218,40,SULUT,1.54,124.44,15
3.2,12,107,GORONTALO,1.65,122.43,12
3.2,15,80,PAPUA,-1.57,135.47,10
5.1,10,513,SULUT,8.6,127.15,15
3.4,36,33,PAPUA,-2.46,138.61,10
4.5,12,84,SUMBAR,-2.35,100.28,20
4.7,132,494,SULUT,8.41,127.26,15
3.5,10,237,SULUT,6.11,126.32,15
2.2,10,9,SULTENG,-0.45,119.92,11
3.2,52,51,MALUT,2.43,128.55,5
5.3,87,524,SULUT,8.69,127.24,15
3.4,10,110,BALI,-9.6,114.64,22
3.1,13,75,BANTEN,-6.46,104.93,21
3.2,45,46,SULUT,3.87,126.28,15
3.1,10,77,PAPUA,-1.79,139.04,10
5.0,50,1054,SULUT,13.39,128.02,15
3.1,10,13,BALI,-8.78,115.35,22
3.3,310,121,NTT,-7.49,119.47,7
5.9,39,233,SULUT,5.77,125.54,15
2.6,28,15,JABAR,-6.9,106.79,4
4.6,104,144,SULUT,5.15,127.29,15
5.6,101,586,SULUT,9.26,127.1,15
4.8,65,471,SULUT,8.24,126.82,15
3.3,10,93,MALUT,-1.19,126.85,5
4.9,10,95,MALUT,-1.17,126.82,5
3.7,10,42,NTT,-10.06,119.11,7
2.4,10,17,JABAR,-6.85,106.63,4
3.7,13,39,MALUT,1.2,128.15,5
4.7,10,435,SULUT,7.92,126.72,15
3.5,105,15,NTB,-8.66,118.4,8
2.9,10,172,KALTIM,0.95,118.79,42
2.3,10,29,SULTRA,-4.29,121.72,37
4.8,70,476,SULUT,8.28,126.97,15
4.8,10,539,SULUT,8.84,127.07,15
3.3,5,28,JABAR,-6.73,106.54,4
4.8,77,476,SULUT,8.29,126.67,15
4.8,77,476,SULUT,8.29,126.67,15
4.8,77,476,SULUT,8.29,126.67,15
2.9,62,19,SULTENG,0.82,121.26,11
4.4,10,30,BENGKULU,-5.62,102.27,13
3.0,22,56,MALUT,2.55,128.23,5
5.6,92,495,SULUT,8.45,126.96,15
3.2,10,26,SULUT,3.43,125.34,15
3.1,10,24,BENGKULU,-5.24,102.46,13
3.0,5,27,JABAR,-6.74,106.54,4
3.7,124,45,SUMSEL,-3.1,103.62,26
2.9,10,27,JABAR,-6.74,106.56,4
4.2,10,86,SULUT,3.29,127.0,15
3.3,23,104,JABAR,-8.0,107.37,4
5.2,10,494,SULUT,8.45,126.85,15
6.0,15,954,SULUT,12.57,127.23,15
4.9,42,503,SULUT,8.53,126.7,15
2.8,10,28,JABAR,-6.73,106.55,4
3.2,25,52,SUMBAR,-1.8,100.43,20
3.8,87,31,PAPUA,-2.62,139.44,10
4.6,10,522,SULUT,8.69,126.39,15
5.3,99,567,SULUT,9.11,126.77,15
2.7,145,31,SUMBAR,-0.01,100.41,20
5.3,132,780,SULUT,11.0,127.25,15
4.9,113,558,SULUT,9.02,126.83,15
4.9,119,523,SULUT,8.7,126.93,15
5.1,71,474,ACEH,9.71,93.41,23
5.7,10,664,SULUT,9.96,127.17,15
4.4,68,410,SULUT,7.69,126.64,15
4.2,19,68,MALUT,2.66,128.24,5
5.7,10,518,SULUT,8.66,126.8,15
5.5,10,519,SULUT,8.67,126.79,15
5.7,21,67,MALUT,2.65,128.24,5
5.7,107,673,SULUT,10.06,126.69,15
3.8,10,18,JABAR,-7.23,107.73,4
5.5,66,531,SULUT,8.78,126.92,15
6.0,96,1213,KALTARA,13.94,120.46,27
3.5,10,21,MALUKU,-3.04,130.67,6
4.6,57,450,SULUT,8.01,127.24,15
4.7,65,452,SULUT,8.07,126.73,15
4.8,47,545,SULUT,8.9,127.03,15
3.4,164,33,NTT,-8.49,120.98,7
5.3,124,516,SULUT,8.65,126.67,15
5.4,53,520,SULUT,8.68,126.65,15
5.3,53,520,SULUT,8.68,126.65,15
3.6,134,48,MALUT,2.48,128.3,5
3.6,15,58,SULUT,3.58,127.0,15
2.5,149,24,GORONTALO,0.35,122.14,12
3.9,10,16,SUMUT,1.01,99.51,2
4.1,108,7,GORONTALO,0.44,121.88,12
2.8,10,38,SULTRA,-4.4,121.63,37
4.5,10,163,MALUKUTENGGARA,-6.28,131.4,41
3.7,15,60,SULUT,3.58,127.02,15
4.9,11,53,SULUT,3.6,126.94,15
4.4,95,454,SULUT,8.09,126.67,15
2.4,49,37,SULTENG,0.64,121.44,11
4.8,58,555,SULUT,8.99,126.91,15
2.9,10,91,MALUKUTENGAH,-2.58,129.35,3
3.2,13,114,SULUT,1.96,126.03,15
5.0,10,383,SULUT,7.45,126.52,15
4.9,10,397,SULUT,7.56,127.02,15
3.9,38,81,SULUT,2.52,126.06,15
5.9,10,486,SULUT,8.35,127.18,15
6.8,10,465,SULUT,8.18,126.88,15
3.4,23,25,NTT,-9.77,119.13,7
3.8,10,47,SULUT,4.32,126.96,15
2.7,10,55,SULSEL,-2.2,120.85,17
3.3,127,22,NTT,-8.64,123.6,7
5.0,10,476,SULUT,8.29,126.74,15
5.2,10,88,MALUKUTENGAH,-2.68,129.46,3
5.5,10,488,SULUT,8.37,127.12,15
4.7,63,59,NTB,-8.99,118.81,8
4.7,174,17,NTT,-8.35,119.84,7
4.2,41,68,SULUT,0.74,125.33,15
4.7,10,446,SULUT,8.01,126.86,15
4.7,10,446,SULUT,8.01,126.86,15
3.7,18,35,NTT,-8.3,124.87,7
5.4,43,471,SULUT,8.23,126.95,15
6.3,10,455,SULUT,8.09,126.9,15
5.3,10,474,SULUT,8.27,126.76,15
5.2,10,422,SULUT,7.79,127.01,15
5.5,10,471,SULUT,8.22,127.08,15
5.1,10,464,SULUT,8.16,127.11,15
2.8,10,17,JABAR,-7.15,107.44,4
4.8,13,96,MALUKUTENGAH,-2.74,129.62,3
6.4,69,469,SULUT,8.2,127.13,15
6.5,10,492,SULUT,8.39,127.26,15
6.0,93,473,SULUT,8.25,126.91,15
6.1,115,506,SULUT,8.55,126.93,15
6.5,95,483,SULUT,8.34,127.03,15
5.6,162,580,SULUT,9.2,127.2,15
2.9,10,94,MALUKUTENGAH,-2.75,129.61,3
2.5,142,20,GORONTALO,0.29,121.87,12
5.5,10,453,SULUT,8.07,126.9,15
5.9,94,631,SULUT,9.64,127.38,15
4.9,35,390,SULUT,7.51,126.56,15
5.7,49,487,SULUT,8.38,126.92,15
5.7,49,487,SULUT,8.38,126.92,15
6.1,122,845,SULUT,11.55,127.59,15
6.2,106,482,SULUT,8.32,127.14,15
5.7,10,457,SULUT,8.11,126.88,15
3.1,13,50,BALI,-7.67,115.0,22
5.2,82,437,SULUT,7.93,126.9,15
5.4,10,421,SULUT,7.79,126.76,15
5.6,49,470,SULUT,8.21,127.12,15
5.7,10,445,SULUT,7.99,127.05,15
5.7,101,494,SULUT,8.4,127.31,15
5.7,101,494,SULUT,8.4,127.31,15
3.6,10,97,MALUKUTENGAH,-2.73,129.62,3
6.2,47,480,SULUT,8.31,126.98,15
5.3,10,101,MALUKUTENGAH,-2.67,129.62,3
7.5,113,840,SULUT,11.56,126.87,15
3.5,28,13,NTT,-10.03,123.77,7
3.8,119,55,SULUT,-0.03,123.7,15
4.9,88,22,BENGKULUUTARA,-3.5,102.0,31
2.5,10,27,ACEH,5.23,96.22,23
6.1,162,188,MALUKUTENGGARABRT,-7.15,129.82,25
3.3,10,60,PAPUA,-3.52,140.25,10
3.4,105,194,SULUT,5.7,126.25,15
3.2,10,68,MALUT,1.99,128.91,5
2.7,10,45,SULTENG,-1.23,120.26,11
2.8,71,66,JATENG,-8.29,108.8,33
2.9,70,82,NTT,-8.91,124.09,7
3.4,12,73,PAPUA,-1.58,136.81,10
2.6,10,27,SULBAR,-2.81,119.1,30
3.5,148,24,JABAR,-7.0,107.27,4
4.3,128,18,BANTEN,-5.98,105.79,21
5.3,10,204,JATIM,-9.98,112.51,29
3.3,63,53,NTT,-8.99,118.91,7
2.8,10,29,ACEH,5.25,96.22,23
4.4,170,111,MALUKUBRTDAYA,-7.52,128.57,14
2.9,12,51,SULTRA,-4.28,123.41,37
2.7,73,20,GORONTALO,0.58,121.81,12
3.9,23,14,SUMUT,1.34,97.27,2
3.1,10,39,PAPUA,-1.86,135.83,10
2.7,10,93,MALUKUTENGAH,-2.61,129.44,3
3.4,10,74,SULSEL,-2.16,120.65,17
2.7,10,102,LAMPUNG,-5.74,103.2,16
3.1,121,13,NTB,-8.62,118.38,8
4.9,10,94,MALUKUTENGAH,-2.61,129.46,3
3.6,19,266,MALUKUTENGGARABRT,-6.16,129.73,25
2.9,10,83,GORONTALO,-0.28,122.07,12
2.8,10,47,SULTENG,-1.1,120.45,11
4.6,10,93,MALUKUTENGAH,-2.63,129.46,3
2.8,10,34,ACEH,4.52,96.44,23
3.2,10,115,ACEHJAYA,4.9,94.58,36
3.0,10,58,NTT,-9.13,120.24,7
3.3,15,79,SULUT,0.92,125.61,15
2.7,28,75,PAPUA,-2.67,140.84,10
3.8,10,33,ACEH,4.51,96.43,23
3.1,16,72,NTB,-7.87,119.04,8
3.2,10,29,ACEHTENGAH,4.54,96.59,9
2.9,10,107,SULUT,1.78,122.85,15
4.4,386,187,MALUKUBRTDAYA,-6.47,127.97,14
3.1,24,69,MALUT,1.39,126.93,5
2.4,17,54,JABAR,-7.47,107.32,4
