date,mag,depth,prov,prov_enco,kmeans,kmedoids
Nov,2.5,10,MALUKU,1,2,4
Nov,3.1,10,MALUKU,1,2,4
Nov,4.7,51,PAPUA,2,0,3
Nov,3.0,26,SULUT,3,0,3
Nov,3.8,132,SULUT,3,0,0
Nov,2.6,188,NTT,4,0,0
Nov,3.6,10,MALUKU,1,1,1
Nov,4.6,10,MALUT,5,1,2
Nov,3.8,10,SULSEL,6,1,1
Nov,3.2,42,SULUT,3,0,0
Nov,3.9,143,NTT,4,0,0
Nov,2.6,10,GORONTALO,7,2,4
Nov,2.6,81,GORONTALO,7,0,0
Nov,2.4,13,ACEH,8,2,3
Nov,2.7,11,SUMUT,9,2,4
Nov,3.9,19,LAMPUNG,10,2,3
Nov,5.1,61,PAPUA,2,0,0
Nov,2.4,10,SULBAR,11,2,4
Nov,2.4,85,SULTENG,12,0,0
Nov,3.2,89,SULUT,3,0,0
Nov,3.7,10,ACEH,8,1,1
Nov,2.7,21,JABAR,13,0,3
Nov,2.9,12,NTB,14,2,4
Nov,3.0,10,MALUKU,1,2,4
Nov,2.3,104,NTT,4,0,0
Nov,2.5,26,SULUT,3,0,3
Nov,3.2,119,MALUT,5,0,0
Nov,3.9,144,NTT,4,0,0
Nov,4.3,209,MALUKUBRTDAYA,15,0,0
Nov,3.1,10,SULUT,3,2,4
Nov,3.2,10,MALUKU,1,2,4
Nov,4.0,10,MALUKU,1,1,1
Nov,4.1,10,MALUT,5,1,1
Nov,4.4,163,NTT,4,0,0
Nov,2.3,14,JABAR,13,0,3
Nov,2.2,10,MALUKU,1,2,4
Nov,3.3,10,MALUT,5,2,1
Nov,3.4,299,GORONTALO,7,0,0
Nov,3.5,10,SULSEL,6,1,1
Nov,4.6,10,MALUT,5,1,2
Nov,5.0,10,MALUT,5,1,2
Nov,4.9,10,MALUT,5,1,2
Nov,4.7,175,PAPUA,2,0,0
Nov,3.4,66,MALUT,5,0,0
Nov,2.5,10,SULSEL,6,2,4
Nov,3.4,10,ACEH,8,2,1
Nov,3.4,10,MALUKU,1,2,1
Nov,2.6,16,MALUKU,1,0,3
Nov,2.4,10,NTT,4,2,4
Nov,2.8,10,MALUKU,1,2,4
Nov,3.2,10,MALUT,5,2,4
Nov,4.5,207,MALUT,5,0,0
Nov,3.4,16,NTT,4,2,4
Nov,3.3,10,NTT,4,2,1
Nov,4.3,10,PAPUA,2,1,2
Nov,2.5,31,GORONTALO,7,0,0
Nov,3.2,41,NTT,4,0,0
Nov,3.5,22,NTT,4,0,3
Nov,3.0,21,NTT,4,0,3
Nov,2.9,10,PAPUA,2,2,4
Nov,4.3,14,PAPUA,2,2,4
Nov,2.8,41,SULTENG,12,0,0
Nov,3.9,22,SULTENG,12,2,3
Nov,2.3,163,NTT,4,0,0
Nov,3.1,23,NTT,4,0,3
Nov,3.4,121,MALUT,5,0,0
Nov,3.1,10,SULBAR,11,2,4
Nov,3.9,13,NTB,14,2,4
Nov,3.1,51,NTT,4,0,0
Nov,3.6,272,MALUKUTENGAH,16,0,0
Nov,3.0,14,SULBAR,11,2,4
Nov,2.8,21,NTT,4,0,3
Nov,2.5,12,BANTEN,17,2,3
Nov,3.7,10,SULUT,3,1,1
Nov,4.3,175,MALUKUTENGGARABRT,18,0,0
Nov,3.5,21,MALUT,5,2,3
Nov,5.2,132,MALUT,5,0,0
Nov,4.7,132,MALUT,5,0,0
Nov,3.1,21,NTT,4,0,3
Nov,3.6,10,JABAR,13,1,1
Nov,3.0,50,NTT,4,0,0
Nov,1.8,104,DIY,19,0,0
Nov,3.2,12,PAPUA,2,2,4
Nov,3.2,16,BANTEN,17,2,3
Nov,3.6,69,SULTENG,12,0,0
Nov,4.4,10,NTT,4,1,2
Nov,3.5,10,SULBAR,11,1,1
Nov,3.7,45,NTT,4,0,0
Nov,3.0,154,NTT,4,0,0
Nov,3.1,10,JABAR,13,2,4
Nov,2.8,17,PAPUA,2,2,3
Nov,3.3,10,BANTEN,17,2,1
Nov,3.7,153,GORONTALO,7,0,0
Nov,3.4,223,NTB,14,0,0
Nov,4.3,10,MALUKUBRTDAYA,15,1,2
Nov,2.8,10,PAPUA,2,2,4
Nov,2.5,238,GORONTALO,7,0,0
Nov,3.8,31,SULUT,3,0,3
Nov,3.1,10,PAPUA,2,2,4
Nov,2.9,85,MALUT,5,0,0
Nov,2.4,16,SULTENG,12,0,3
Nov,4.6,130,SULUT,3,0,0
Nov,2.3,5,SULTENG,12,1,2
Nov,3.4,99,SULUT,3,0,0
Nov,2.0,5,SULTENG,12,1,1
Nov,4.6,5,PAPUA,2,1,2
Nov,3.1,27,SULUT,3,0,3
Nov,2.1,5,NTT,4,1,1
Nov,3.4,534,MALUT,5,0,0
Nov,3.0,5,PAPUABRT,20,1,2
Nov,2.4,153,NTB,14,0,0
Nov,2.5,18,GORONTALO,7,0,3
Nov,4.8,148,PAPUA,2,0,0
Nov,2.8,15,SUMUT,9,2,3
Nov,3.3,19,PAPUA,2,2,3
Nov,3.3,10,MALUKU,1,2,1
Nov,2.6,5,PAPUABRT,20,1,2
Nov,2.6,5,SULTENG,12,1,2
Nov,3.8,142,GORONTALO,7,0,0
Nov,3.3,205,MALUT,5,0,0
Nov,2.8,10,SULSEL,6,2,4
Nov,2.8,102,GORONTALO,7,0,0
Nov,3.6,19,JABAR,13,2,3
Nov,3.7,73,MALUKU,1,0,0
Nov,3.4,21,MALUKU,1,0,3
Nov,3.7,32,MALUKU,1,0,3
Nov,3.2,10,MALUKU,1,2,4
Nov,3.9,10,SUMBAR,21,1,1
Nov,2.3,52,NTT,4,0,0
Nov,2.8,150,MALUKU,1,0,0
Nov,3.9,10,MALUKUTENGGARABRT,18,1,1
Nov,2.6,102,GORONTALO,7,0,0
Nov,3.3,111,PAPUA,2,0,0
Nov,4.2,127,MALUKUBRTDAYA,15,0,0
Nov,3.6,138,MALUKUBRTDAYA,15,0,0
Nov,4.6,10,SULUT,3,1,2
Nov,3.5,16,NTT,4,2,4
Nov,3.0,11,SULUT,3,2,4
Nov,4.2,148,MALUKUTENGGARABRT,18,0,0
Nov,2.7,10,MALUT,5,2,4
Nov,3.3,11,NTT,4,2,4
Nov,3.7,10,NTT,4,1,1
Nov,4.8,77,MALUKUTENGGARA,22,0,0
Nov,2.3,12,NTB,14,2,3
Nov,2.5,69,GORONTALO,7,0,0
Nov,2.5,10,NTT,4,2,4
Nov,2.2,27,NTT,4,0,0
Nov,2.4,45,NTT,4,0,0
Nov,2.5,13,NTB,14,2,3
Nov,2.7,504,NTT,4,0,0
Nov,2.6,55,ACEHBARAT,23,0,0
Nov,2.7,19,NTT,4,0,3
Nov,4.2,69,GORONTALO,7,0,0
Nov,4.1,18,JABAR,13,2,4
Nov,2.9,17,NTT,4,2,3
Nov,3.8,20,NTT,4,2,3
Nov,3.3,10,NTT,4,2,1
Nov,3.9,197,MALUKUTENGGARABRT,18,0,0
Nov,4.2,15,NTT,4,2,4
Nov,2.9,90,NTT,4,0,0
Nov,3.6,10,NTT,4,1,1
Nov,2.9,10,NTT,4,2,4
Nov,3.9,15,NTT,4,2,4
Nov,4.0,14,PAPUA,2,2,4
Nov,3.7,10,SULUT,3,1,1
Nov,2.7,10,BALI,24,2,4
Nov,3.0,25,NTT,4,0,3
Nov,3.5,31,SULUT,3,0,3
Nov,2.2,10,PAPUA,2,2,4
Nov,2.2,26,NTT,4,0,0
Nov,4.2,10,SULUT,3,1,1
Nov,1.8,16,NTT,4,0,3
Nov,3.6,31,SUMBAR,21,0,3
Nov,2.6,10,MALUKU,1,2,4
Nov,2.7,10,MALUKU,1,2,4
Nov,3.2,13,PAPUA,2,2,4
Nov,2.9,21,SULTRA,25,0,3
Nov,3.2,10,ACEH,8,2,4
Nov,3.8,59,MALUKUBRTDAYA,15,0,0
Nov,4.4,69,SULUT,3,0,0
Nov,2.1,5,SULTRA,25,1,1
Nov,4.8,156,SULUT,3,0,0
Nov,2.8,14,GORONTALO,7,2,3
Nov,3.1,24,NTB,14,0,3
Nov,2.3,23,PAPUA,2,0,3
Nov,3.8,11,MALUT,5,2,1
Nov,2.1,13,PAPUA,2,0,3
Nov,4.2,10,GORONTALO,7,1,1
Nov,2.4,222,MALUKUTENGAH,16,0,0
Nov,3.9,10,MALUKUTENGGARABRT,18,1,1
Nov,2.8,90,GORONTALO,7,0,0
Nov,4.4,195,MALUKUTENGGARABRT,18,0,0
Nov,3.1,13,NTB,14,2,4
Nov,2.6,10,JABAR,13,2,4
Nov,3.1,12,NTB,14,2,4
Nov,3.9,10,MALUT,5,1,1
Nov,3.1,10,MALUKU,1,2,4
Nov,2.8,22,NTT,4,0,3
Nov,5.0,17,SULUT,3,2,4
Nov,4.9,28,SULUT,3,2,3
Nov,2.2,10,ACEH,8,2,4
Nov,3.2,15,NTB,14,2,4
Nov,3.1,10,MALUKUTENGAH,16,2,4
Nov,3.7,18,NTB,14,2,3
Nov,4.1,10,MALUKUBRTDAYA,15,1,1
Nov,3.4,22,BANTEN,17,0,3
Nov,3.1,10,GORONTALO,7,2,4
Nov,3.8,10,MALUKUTENGGARABRT,18,1,1
Nov,4.2,10,MALUKUTENGGARABRT,18,1,1
Nov,3.2,89,MALUT,5,0,0
Nov,3.3,26,MALUT,5,0,3
Nov,3.1,104,MALUT,5,0,0
Nov,6.6,109,MALUT,5,0,0
Nov,6.1,116,MALUT,5,0,0
Nov,5.0,61,PAPUA,2,0,0
Nov,4.0,16,NTT,4,2,4
Nov,3.6,10,JATIM,26,1,1
Nov,3.6,25,ACEH,8,0,3
Nov,2.1,10,SULTENG,12,2,4
Nov,3.2,10,MALUKU,1,2,4
Nov,3.2,14,SULUT,3,2,4
Nov,2.4,22,ACEHSELATAN,27,0,3
Nov,3.5,26,SULUT,3,0,3
Nov,3.4,52,SUMUT,9,0,0
Nov,2.6,49,BENGKULU,28,0,0
Nov,5.5,10,PAPUA,2,1,2
Nov,5.5,10,PAPUA,2,1,2
Nov,2.8,10,PAPUA,2,2,4
Nov,3.3,13,PAPUA,2,2,4
Nov,3.7,48,SULTENG,12,0,0
Nov,3.3,19,BENGKULU,28,2,3
Nov,3.1,20,ACEHSINGKIL,29,0,3
Nov,2.9,16,SULTENG,12,2,3
Nov,2.6,21,GORONTALO,7,0,3
Nov,4.1,10,MALUKU,1,1,1
Nov,4.5,218,SULUT,3,0,0
Nov,5.3,21,SULUT,3,2,4
Nov,5.2,18,SULUT,3,2,4
Nov,2.2,10,NTT,4,2,4
Nov,2.2,10,MALUT,5,2,4
Nov,3.4,29,GORONTALO,7,0,3
Nov,2.9,45,BANTEN,17,0,0
Nov,4.4,10,MALUKUTENGGARABRT,18,1,2
Nov,3.2,10,MALUT,5,2,4
Nov,3.2,28,NTT,4,0,3
Nov,3.8,214,MALUKUTENGAH,16,0,0
Nov,3.2,33,BENGKULU,28,0,3
Nov,2.3,10,NTT,4,2,4
Nov,3.8,10,MALUKU,1,1,1
Nov,2.6,11,JABAR,13,2,4
Nov,2.4,179,GORONTALO,7,0,0
Nov,5.3,10,SULUT,3,1,2
Nov,3.8,15,PAPUA,2,2,4
Nov,3.1,102,SULUT,3,0,0
Nov,4.4,81,SULUT,3,0,0
Nov,2.2,30,SULTENG,12,0,0
Nov,4.1,388,NTT,4,0,0
Nov,3.0,19,JATIM,26,0,3
Nov,4.4,10,JATIM,26,1,2
Nov,3.6,13,MALUKU,1,2,4
Nov,4.6,10,MALUKU,1,1,2
Nov,2.5,90,MALUKU,1,0,0
Nov,3.3,19,JABAR,13,2,3
Nov,2.9,32,GORONTALO,7,0,3
Nov,3.6,31,NTT,4,0,3
Nov,3.6,10,SULTENG,12,1,1
Nov,3.2,155,SUMUT,9,0,0
Nov,3.0,11,SULTRA,25,2,4
Nov,3.8,158,MALUKUBRTDAYA,15,0,0
Nov,5.1,214,SULUT,3,0,0
Nov,3.5,10,PAPUA,2,1,1
Nov,4.0,112,GORONTALO,7,0,0
Nov,3.5,10,JABAR,13,1,1
Nov,4.7,15,SULUT,3,2,4
Nov,4.0,10,MALUKUTENGGARABRT,18,1,1
Nov,4.4,10,SULTENG,12,1,2
Nov,2.1,38,BANTEN,17,0,0
Nov,3.9,163,MALUKUTENGGARABRT,18,0,0
Nov,3.5,10,MALUKUTENGGARABRT,18,1,1
Nov,2.9,10,NTT,4,2,4
Nov,2.5,10,MALUKU,1,2,4
Nov,3.4,49,JATENG,30,0,0
Nov,2.7,10,MALUKU,1,2,4
Nov,3.6,10,SULTENG,12,1,1
Nov,3.7,214,MALUKUTENGAH,16,0,0
Nov,4.7,175,MALUKUTENGAH,16,0,0
Nov,4.4,147,SULUT,3,0,0
Nov,2.1,75,JABAR,13,0,0
Nov,2.8,76,GORONTALO,7,0,0
Nov,5.0,20,SUMBAR,21,2,4
Nov,2.9,10,SULTENG,12,2,4
Nov,2.2,179,NTT,4,0,0
Nov,4.0,10,SULUT,3,1,1
Nov,4.2,10,PAPUA,2,1,1
Nov,4.1,530,NTT,4,0,0
Nov,4.6,46,SULUT,3,0,3
Nov,3.8,49,SULUT,3,0,0
Nov,4.2,10,MALUKU,1,1,1
Nov,2.8,111,NTB,14,0,0
Nov,3.1,5,SULSEL,6,1,2
Nov,5.2,21,JABAR,13,2,4
Nov,5.4,24,JABAR,13,2,4
Nov,2.5,10,SULTENG,12,2,4
Nov,4.2,27,SULUT,3,0,3
Nov,3.0,69,GORONTALO,7,0,0
Nov,3.8,72,SULUT,3,0,0
Nov,3.9,10,SULSEL,6,1,1
Nov,3.0,28,SULTRA,25,0,3
Nov,3.3,10,PAPUA,2,2,1
Nov,3.1,10,ACEH,8,2,4
Nov,3.3,73,SUMUT,9,0,0
Nov,3.8,349,MALUKU,1,0,0
Nov,3.4,11,SULUT,3,2,4
Nov,3.3,14,PAPUA,2,2,4
Nov,3.9,228,MALUT,5,0,0
Nov,4.2,46,SULUT,3,0,3
Nov,4.1,50,SULUT,3,0,0
Nov,6.9,44,SULUT,3,0,3
Nov,3.3,10,SUMBAR,21,2,1
Nov,5.1,10,TANIMBAR,31,1,2
Nov,5.1,10,MALUKUTENGGARABRT,18,1,2
Nov,2.6,10,NTB,14,2,4
Nov,3.5,72,SULUT,3,0,0
Nov,3.4,10,LAMPUNG,10,2,1
Nov,3.7,73,SULUT,3,0,0
Nov,5.2,22,PAPUA,2,2,4
Nov,5.2,22,PAPUA,2,2,4
Nov,4.4,47,MALUKUBRTDAYA,15,0,3
Nov,3.0,21,SUMUT,9,0,3
Nov,2.4,21,BALI,24,0,3
Nov,3.3,10,SULTENG,12,2,1
Nov,2.3,34,BENGKULUTENGAH,32,0,0
Nov,3.4,107,PAPUA,2,0,0
Nov,2.9,10,PAPUABRT,20,2,4
Nov,4.3,22,BENGKULU,28,2,3
Nov,3.8,106,MALUKUTENGGARA,22,0,0
Nov,3.0,113,GORONTALO,7,0,0
Nov,3.3,10,ACEH,8,2,1
Nov,3.6,22,SULUT,3,0,3
Nov,3.5,28,ACEHJAYA,33,0,3
Nov,4.0,10,MALUKUTENGGARABRT,18,1,1
Nov,2.4,10,NTB,14,2,4
Nov,4.7,35,NTT,4,0,3
Nov,3.1,15,NTB,14,2,3
Nov,3.2,138,GORONTALO,7,0,0
Nov,3.8,85,SULUT,3,0,0
Nov,3.2,10,MALUKU,1,2,4
Nov,2.6,13,NTB,14,2,3
Nov,5.1,127,PAPUAPGNGN,34,0,0
Nov,5.3,126,PAPUA,2,0,0
Nov,4.1,10,MALUKUTENGGARABRT,18,1,1
Nov,3.5,10,SULBAR,11,1,1
Nov,2.8,10,NTT,4,2,4
Nov,3.5,27,SULUT,3,0,3
Nov,6.2,307,SULUT,3,0,0
Nov,6.2,294,SULUT,3,0,0
Nov,3.5,10,JATIM,26,1,1
Nov,2.4,148,SUMUT,9,0,0
Nov,3.0,750,MALUKU,1,0,0
Nov,3.4,10,SULUT,3,2,1
Nov,3.7,10,PAPUABRT,20,1,1
Nov,3.1,10,MALUT,5,2,4
Nov,4.3,112,MALUKUTENGGARABRT,18,0,0
Nov,3.1,69,MALUT,5,0,0
Nov,4.2,70,NTT,4,0,0
Nov,3.1,16,GORONTALO,7,2,3
Nov,3.6,10,MALUT,5,1,1
Nov,3.4,10,MALUKU,1,2,1
Nov,3.0,35,NTB,14,0,0
Nov,3.9,10,SULTENG,12,1,1
Nov,4.7,26,BENGKULUUTARA,35,2,3
Nov,3.0,10,NTT,4,2,4
Nov,3.2,23,BALI,24,0,3
Nov,4.9,10,MALUKUTENGGARABRT,18,1,2
Nov,3.2,57,JABAR,13,0,0
Nov,2.8,10,JATIM,26,2,4
Nov,3.0,15,SULTENG,12,2,3
Nov,4.0,10,BALI,24,1,1
Nov,3.1,10,JABAR,13,2,4
Nov,2.8,23,NTT,4,0,3
Nov,2.6,10,NTT,4,2,4
Nov,3.6,27,SULUT,3,0,3
Nov,2.9,10,NTB,14,2,4
Nov,3.8,10,SULUT,3,1,1
Nov,3.9,10,BALI,24,1,1
Nov,2.8,10,NTT,4,2,4
Nov,3.1,88,NTB,14,0,0
Nov,5.9,17,PAPUA,2,2,1
Nov,4.3,15,SULUT,3,2,4
Nov,4.7,229,SULUT,3,0,0
Nov,4.5,10,BALI,24,1,2
Nov,4.2,384,MALUKU,1,0,0
Nov,3.3,73,SULUT,3,0,0
Nov,5.9,10,PAPUA,2,1,2
Nov,3.6,10,MALUKUBRTDAYA,15,1,1
Nov,4.2,20,BENGKULU,28,2,4
Nov,2.8,10,NTT,4,2,4
Nov,2.6,10,GORONTALO,7,2,4
Nov,3.5,19,BANTEN,17,2,3
Nov,5.2,10,TANIMBAR,31,1,2
Nov,5.3,10,MALUKUTENGGARABRT,18,1,2
Nov,3.5,25,ACEH,8,0,3
Nov,5.4,53,PAPUA,2,0,3
Nov,4.3,10,PAPUA,2,1,2
Nov,3.5,10,NTT,4,1,1
Nov,2.8,51,NTT,4,0,0
Nov,3.1,57,NTT,4,0,0
Nov,4.3,10,MALUT,5,1,2
Nov,2.6,10,NTT,4,2,4
Nov,5.5,10,SULUT,3,1,2
Nov,5.2,10,SULUT,3,1,2
Nov,2.0,34,ACEHJAYA,33,0,0
Nov,3.7,10,MALUKUTENGGARABRT,18,1,1
Nov,4.3,10,MALUKUTENGGARABRT,18,1,2
Nov,4.3,56,SULTENG,12,0,0
Nov,4.2,14,SUMUT,9,2,4
Nov,3.7,10,PAPUABRT,20,1,1
Nov,4.1,14,PAPUA,2,2,4
Nov,2.4,16,NTT,4,0,3
Nov,2.1,10,MALUKUTENGAH,16,2,4
Nov,3.0,750,GORONTALO,7,0,0
Nov,3.3,91,MALUKUTENGAH,16,0,0
Nov,3.3,26,PAPUABRT,20,0,3
Nov,4.2,10,JATIM,26,1,1
Nov,3.5,134,PAPUA,2,0,0
Nov,4.4,86,PAPUA,2,0,0
Nov,4.7,10,PAPUA,2,1,2
Nov,3.5,224,MALUT,5,0,0
Nov,4.1,10,KALSEL,36,1,1
Nov,4.4,10,NTT,4,1,2
Nov,3.6,10,PAPUABRT,20,1,1
Nov,4.2,104,SULUT,3,0,0
Nov,5.8,24,PAPUA,2,2,4
Nov,5.8,24,PAPUA,2,2,4
Nov,3.0,10,SULBAR,11,2,4
Nov,2.6,10,SULTRA,25,2,4
Nov,3.8,10,ACEHTIMUR,37,1,1
Nov,3.4,17,PAPUA,2,2,3
Nov,3.0,92,GORONTALO,7,0,0
Nov,3.6,132,SUMUT,9,0,0
Nov,5.0,10,MALUKUTENGGARABRT,18,1,2
Nov,3.1,113,MALUT,5,0,0
Nov,4.9,108,PAPUA,2,0,0
Nov,3.1,10,PAPUA,2,2,4
Nov,2.9,151,NTT,4,0,0
Nov,3.9,10,PAPUA,2,1,1
Nov,3.5,10,MALUKUTENGGARABRT,18,1,1
Nov,4.2,10,SULSEL,6,1,1
Nov,3.2,25,BALI,24,0,3
Nov,3.6,18,BALI,24,2,3
Nov,4.1,10,MALUKUTENGGARABRT,18,1,1
Nov,4.0,31,BENGKULU,28,0,3
Nov,3.3,163,NTT,4,0,0
Nov,2.9,10,ACEH,8,2,4
Nov,3.3,134,GORONTALO,7,0,0
Nov,4.1,10,MALUKUTENGGARABRT,18,1,1
Nov,4.1,108,MALUKUTENGGARABRT,18,0,0
Nov,3.4,10,SULTRA,25,2,1
Nov,5.4,34,NTT,4,0,3
Nov,5.5,42,NTT,4,0,3
Nov,4.4,10,MALUKUTENGGARABRT,18,1,2
Nov,2.3,10,SULSEL,6,2,4
Nov,3.5,86,SULUT,3,0,0
Nov,3.7,90,NTB,14,0,0
Nov,3.7,10,MALUKUTENGGARABRT,18,1,1
Nov,3.7,305,MALUKU,1,0,0
Nov,4.1,10,BENGKULUUTARA,35,1,1
Nov,4.6,10,NTT,4,1,2
Nov,3.5,94,MALUKUBRTDAYA,15,0,0
Nov,4.6,10,MALUKUTENGGARABRT,18,1,2
Nov,3.1,10,NTT,4,2,4
Nov,4.3,10,MALUKUTENGGARABRT,18,1,2
Nov,4.2,10,MALUKUTENGGARABRT,18,1,1
Nov,3.3,31,SUMBAR,21,0,3
Nov,3.8,77,MALUKUTENGGARABRT,18,0,0
Nov,3.2,15,SULUT,3,2,4
Nov,3.8,10,MALUKU,1,1,1
Nov,4.1,10,MALUKUTENGGARABRT,18,1,1
Nov,2.9,50,NTT,4,0,0
Nov,3.3,222,MALUT,5,0,0
Nov,2.6,12,JABAR,13,2,4
Nov,2.6,23,JABAR,13,0,3
Nov,2.9,107,SUMUT,9,0,0
Nov,4.0,10,SULUT,3,1,1
Nov,2.8,158,NTT,4,0,0
Nov,4.0,10,MALUKUTENGGARABRT,18,1,1
Nov,3.7,10,MALUKU,1,1,1
Nov,3.3,10,PAPUABRT,20,2,1
Nov,4.6,251,NTT,4,0,0
Nov,5.9,127,TANIMBAR,31,0,0
Nov,5.8,127,MALUKUTENGGARABRT,18,0,0
Nov,3.4,10,SUMUT,9,2,1
Nov,4.1,10,MALUKUTENGGARABRT,18,1,1
Nov,4.8,10,PAPUA,2,1,2
Nov,4.2,38,BENGKULU,28,0,3
Nov,3.8,750,MALUKUTENGAH,16,0,0
Nov,4.6,10,MALUKUTENGGARABRT,18,1,2
Nov,4.1,170,MALUKUTENGGARABRT,18,0,0
Nov,3.8,10,SUMUT,9,1,1
Nov,4.7,750,MALUKUBRTDAYA,15,0,0
Nov,3.6,10,MALUKU,1,1,1
Nov,3.4,10,MALUKUTENGGARABRT,18,2,1
Nov,3.7,10,MALUKUTENGGARABRT,18,1,1
Nov,3.6,31,MALUKUTENGGARABRT,18,0,3
Nov,4.9,10,MALUKUTENGGARABRT,18,1,2
Nov,5.5,10,MALUKUTENGGARABRT,18,1,2
Nov,5.3,10,TANIMBAR,31,1,2
Nov,5.4,10,MALUKUTENGGARABRT,18,1,2
Nov,5.3,10,TANIMBAR,31,1,2
Nov,5.3,10,MALUKUTENGGARABRT,18,1,2
Nov,5.3,10,MALUKUTENGGARABRT,18,1,2
Nov,5.1,10,MALUKUTENGGARABRT,18,1,2
Nov,5.2,10,TANIMBAR,31,1,2
Nov,5.3,10,MALUKUTENGGARABRT,18,1,2
Nov,4.8,10,MALUKUTENGGARABRT,18,1,2
Nov,6.0,78,MALUKUTENGGARABRT,18,0,0
Nov,6.2,10,TANIMBAR,31,1,2
Nov,4.3,10,MALUKUTENGGARABRT,18,1,2
Nov,2.7,10,SULUT,3,2,4
Nov,3.8,10,MALUKUTENGGARABRT,18,1,1
Nov,3.9,11,PAPUABRT,20,1,1
Nov,3.5,11,LAMPUNG,10,2,4
Nov,4.8,120,MALUKUTENGGARABRT,18,0,0
Nov,3.6,10,MALUKUTENGGARABRT,18,1,1
Nov,4.2,10,MALUKUTENGGARABRT,18,1,1
Nov,4.0,10,MALUKUTENGGARABRT,18,1,1
Nov,3.9,88,PAPUA,2,0,0
Nov,4.1,10,MALUKUTENGGARABRT,18,1,1
Nov,3.0,79,NTT,4,0,0
Nov,4.9,10,MALUKUTENGGARABRT,18,1,2
Nov,4.7,10,MALUKUTENGGARABRT,18,1,2
Nov,4.5,10,MALUKUTENGGARABRT,18,1,2
Nov,4.4,10,MALUKUTENGGARABRT,18,1,2
Nov,2.5,10,PAPUABRT,20,2,4
Nov,3.3,10,SUMUT,9,2,1
Nov,4.4,28,PAPUA,2,0,3
Nov,2.2,74,JABAR,13,0,0
Nov,2.7,10,MALUT,5,2,4
Nov,2.9,22,MALUKUTENGAH,16,0,3
Nov,3.0,105,NTT,4,0,0
Nov,4.4,10,MALUKUTENGGARABRT,18,1,2
Nov,4.0,10,MALUKUTENGGARABRT,18,1,1
Nov,2.5,23,MALUKUTENGAH,16,0,3
Nov,2.8,159,NTT,4,0,0
Nov,2.0,104,NTB,14,0,0
Nov,4.5,10,MALUKUTENGAH,16,1,2
Nov,3.4,10,NTT,4,2,1
Nov,4.7,10,MALUKUTENGGARABRT,18,1,2
Nov,5.8,114,MALUKUTENGGARABRT,18,0,0
Nov,6.0,121,TANIMBAR,31,0,0
Nov,4.6,10,MALUKUTENGGARABRT,18,1,2
Nov,4.2,534,MALUKUBRTDAYA,15,0,0
Nov,2.6,101,NTT,4,0,0
Nov,4.3,10,MALUKU,1,1,2
Nov,4.0,10,MALUKUTENGGARABRT,18,1,1
Nov,4.5,135,MALUT,5,0,0
Nov,3.5,10,SUMUT,9,1,1
Nov,3.6,171,MALUKUBRTDAYA,15,0,0
Nov,4.4,10,MALUKUTENGGARABRT,18,1,2
Nov,3.0,45,MALUT,5,0,0
Nov,3.2,10,MALUKU,1,2,4
Nov,2.6,10,MALUT,5,2,4
Nov,2.7,10,MALUKU,1,2,4
Nov,3.6,10,SUMUT,9,1,1
Nov,2.7,161,NTT,4,0,0
Nov,4.7,10,MALUKUTENGGARABRT,18,1,2
Nov,2.2,38,SULTRA,25,0,0
Nov,3.7,10,MALUKUTENGGARABRT,18,1,1
Nov,3.3,10,SULTRA,25,2,1
Nov,4.3,10,MALUKU,1,1,2
Nov,3.6,10,MALUKUTENGGARABRT,18,1,1
Nov,2.3,10,NTT,4,2,4
Nov,2.4,10,MALUKUTENGAH,16,2,4
Nov,2.4,100,NTB,14,0,0
Nov,3.7,17,MALUT,5,2,4
Nov,4.5,118,MALUKUTENGGARABRT,18,0,0
Nov,3.4,57,SUMUT,9,0,0
Nov,4.5,10,MALUKUTENGGARABRT,18,1,2
Nov,3.5,10,MALUKUTENGGARABRT,18,1,1
Nov,3.6,10,ACEH,8,1,1
Nov,5.3,10,MALUKU,1,1,2
Nov,5.3,10,MALUKU,1,1,2
Nov,3.8,68,NTT,4,0,0
Nov,3.6,10,PAPUA,2,1,1
Nov,4.1,10,MALUKUTENGGARABRT,18,1,1
Nov,3.1,28,BANTEN,17,0,3
Nov,3.8,10,MALUKUBRTDAYA,15,1,1
Nov,2.6,25,NTB,14,0,3
Nov,3.8,131,SULUT,3,0,0
Nov,4.3,147,MALUKUTENGGARA,22,0,0
Nov,3.4,197,SUMUT,9,0,0
Nov,3.0,10,SULUT,3,2,4
Nov,4.1,10,MALUKUTENGGARABRT,18,1,1
Nov,3.4,15,MALUKU,1,2,4
Nov,2.8,15,NTB,14,2,3
Nov,2.6,72,NTT,4,0,0
Nov,2.6,12,MALUKUTENGAH,16,2,4
Nov,3.6,10,MALUKUTENGGARABRT,18,1,1
Nov,4.0,10,MALUKUTENGGARABRT,18,1,1
Nov,4.2,10,MALUKU,1,1,1
Nov,3.4,10,PAPUA,2,2,1
Nov,4.0,10,MALUKU,1,1,1
Nov,4.2,10,MALUKUTENGGARABRT,18,1,1
Nov,4.3,10,MALUKUTENGGARABRT,18,1,2
Nov,3.8,10,MALUKUTENGGARABRT,18,1,1
Nov,2.7,10,SULTENG,12,2,4
Nov,2.9,10,PAPUABRT,20,2,4
Nov,4.8,10,MALUKU,1,1,2
Nov,5.4,10,MALUKU,1,1,2
Nov,5.6,10,MALUKU,1,1,2
Nov,3.3,11,ACEH,8,2,4
Nov,4.6,10,MALUKUTENGGARABRT,18,1,2
Nov,3.9,59,MALUKU,1,0,0
Nov,4.1,10,MALUKUTENGGARABRT,18,1,1
Nov,4.7,10,MALUKUTENGGARABRT,18,1,2
Nov,4.4,10,MALUKUTENGGARABRT,18,1,2
Nov,3.4,13,NTT,4,2,4
Nov,3.8,10,MALUKUTENGAH,16,1,1
Nov,3.9,176,MALUKUTENGGARABRT,18,0,0
Nov,4.0,10,MALUKUTENGGARABRT,18,1,1
Nov,2.8,49,PAPUA,2,0,0
Nov,3.6,10,MALUKUTENGGARABRT,18,1,1
Nov,4.5,10,MALUKUTENGGARABRT,18,1,2
Nov,4.2,10,MALUKUTENGGARABRT,18,1,1
Nov,4.6,10,MALUKUTENGGARABRT,18,1,2
Nov,5.1,10,TANIMBAR,31,1,2
Nov,5.2,10,MALUKUTENGGARABRT,18,1,2
Nov,3.6,10,PAPUA,2,1,1
Nov,4.5,10,MALUKUTENGGARABRT,18,1,2
Nov,4.4,10,MALUKUTENGGARABRT,18,1,2
Nov,4.9,10,MALUKUTENGGARABRT,18,1,2
Nov,4.8,10,MALUKUTENGGARABRT,18,1,2
Nov,4.5,10,MALUKUTENGGARABRT,18,1,2
Nov,4.9,10,MALUKUTENGGARABRT,18,1,2
Nov,4.5,10,MALUKUTENGGARABRT,18,1,2
Nov,5.3,10,TANIMBAR,31,1,2
Nov,5.3,10,MALUKUTENGGARABRT,18,1,2
Nov,6.8,10,TANIMBAR,31,1,2
Nov,7.0,10,MALUKUTENGGARABRT,18,1,2
Nov,3.5,10,MALUKUTENGGARABRT,18,1,1
Nov,2.1,10,SULSEL,6,2,4
Nov,2.9,329,NTB,14,0,0
Nov,5.3,10,SUMUT,9,1,2
Nov,5.0,10,PAPUA,2,1,2
Nov,4.9,10,PAPUA,2,1,2
Nov,2.7,10,NTT,4,2,4
Nov,3.4,10,MALUKUTENGGARABRT,18,2,1
Nov,3.8,28,ACEHSELATAN,27,0,3
Nov,4.1,10,MALUKUTENGGARABRT,18,1,1
Nov,4.3,501,NTB,14,0,0
Nov,3.8,269,MALUKUBRTDAYA,15,0,0
Nov,4.1,10,PAPUA,2,1,1
Nov,4.7,10,MALUKUTENGGARABRT,18,1,2
Nov,3.5,718,MALUKUTENGGARABRT,18,0,0
Nov,3.9,461,MALUKUBRTDAYA,15,0,0
Nov,4.3,10,MALUKUTENGGARABRT,18,1,2
Nov,5.1,38,MALUKUTENGAH,16,0,3
Nov,5.1,38,MALUKUTENGAH,16,0,3
Nov,4.4,10,MALUKUTENGGARABRT,18,1,2
Nov,3.9,10,MALUKUBRTDAYA,15,1,1
Nov,3.9,10,MALUKUTENGGARABRT,18,1,1
Nov,4.2,10,MALUKUTENGGARABRT,18,1,1
Nov,5.2,10,TANIMBAR,31,1,2
Nov,5.2,10,MALUKUTENGGARABRT,18,1,2
Nov,4.8,10,MALUKUTENGGARABRT,18,1,2
Nov,4.7,10,MALUKUTENGGARABRT,18,1,2
Nov,5.5,10,MALUKUTENGGARABRT,18,1,2
Nov,5.6,10,TANIMBAR,31,1,2
Nov,4.0,10,PAPUABRT,20,1,1
Nov,7.2,10,TANIMBAR,31,1,2
Nov,6.9,14,MALUKUTENGGARABRT,18,1,2
Nov,2.9,13,MALUKU,1,2,4
Nov,3.6,11,JABAR,13,2,1
Nov,3.0,88,NTT,4,0,0
Nov,2.6,10,MALUT,5,2,4
Nov,3.3,14,BANTEN,17,2,4
Nov,2.9,37,GORONTALO,7,0,0
Nov,3.0,137,MALUKUTENGAH,16,0,0
Nov,3.0,10,PAPUA,2,2,4
Nov,3.7,10,MALUT,5,1,1
Nov,3.1,33,GORONTALO,7,0,3
Nov,3.3,10,PAPUA,2,2,1
Nov,3.5,49,GORONTALO,7,0,0
Nov,4.0,177,MALUKUBRTDAYA,15,0,0
Nov,3.0,16,MALUKU,1,2,3
Nov,2.8,57,ACEHJAYA,33,0,0
Nov,3.6,22,BENGKULU,28,0,3
Nov,3.3,97,BANTEN,17,0,0
Nov,2.5,10,NTT,4,2,4
Nov,4.4,182,MALUKUBRTDAYA,15,0,0
Nov,3.5,10,GORONTALO,7,1,1
Nov,3.7,10,SULUT,3,1,1
Nov,5.3,202,ACEH,8,0,0
Nov,5.3,604,PAPUA,2,0,0
Nov,3.2,10,SULUT,3,2,4
Nov,1.9,10,SULSEL,6,2,3
Nov,3.0,64,NTT,4,0,0
Nov,5.1,10,NTT,4,1,2
Nov,5.0,10,NTT,4,1,2
Nov,2.8,10,NTB,14,2,4
Nov,3.6,24,BANTEN,17,0,3
Nov,3.7,21,SUMUT,9,2,3
Nov,3.8,10,PAPUA,2,1,1
Nov,3.1,119,JAMBI,38,0,0
Nov,2.8,10,SULTENG,12,2,4
Nov,2.4,10,NTT,4,2,4
Nov,5.0,10,ACEH,8,1,2
Nov,4.9,10,ACEH,8,1,2
Nov,3.6,19,NTB,14,2,3
Nov,2.7,18,MALUKU,1,0,3
Nov,2.8,10,SULBAR,11,2,4
Nov,2.6,11,SULTENG,12,2,4
Nov,4.0,87,PAPUA,2,0,0
Nov,4.0,11,PAPUA,2,1,1
Nov,5.2,168,MALUKUBRTDAYA,15,0,0
Nov,3.5,119,JAMBI,38,0,0
Nov,3.4,10,LAMPUNG,10,2,1
Nov,3.2,10,LAMPUNG,10,2,4
Nov,3.5,20,DIY,19,2,3
Nov,4.1,10,LAMPUNG,10,1,1
Nov,3.8,10,PAPUA,2,1,1
Nov,3.7,10,LAMPUNG,10,1,1
Nov,2.5,10,JATENG,30,2,4
Nov,3.3,10,MALUT,5,2,1
Nov,2.9,18,SUMUT,9,0,3
Nov,3.5,10,NTT,4,1,1
Nov,3.7,10,NTT,4,1,1
Nov,2.7,27,SULTENG,12,0,3
Nov,3.2,10,LAMPUNG,10,2,4
Nov,3.0,10,LAMPUNG,10,2,4
Nov,3.0,10,NTT,4,2,4
Nov,2.8,10,SULTENG,12,2,4
Nov,3.1,80,MALUKU,1,0,0
Nov,3.3,19,BENGKULUUTARA,35,2,3
Nov,2.6,10,MALUT,5,2,4
Nov,3.2,84,GORONTALO,7,0,0
Nov,2.6,156,NTT,4,0,0
Nov,2.8,10,MALUKU,1,2,4
Nov,3.3,63,MALUKU,1,0,0
Nov,3.7,11,BENGKULUTENGAH,32,2,1
Nov,3.8,38,NTT,4,0,3
Nov,3.3,137,MALUT,5,0,0
Nov,3.5,95,NTT,4,0,0
Nov,3.4,10,NTT,4,2,1
Nov,5.0,10,BENGKULU,28,1,2
Nov,3.9,10,NTT,4,1,1
Nov,4.5,10,SULTENG,12,1,2
Nov,3.0,37,NTT,4,0,0
Nov,2.9,34,DIY,19,0,0
Nov,3.3,577,SULSEL,6,0,0
Nov,2.8,10,NTT,4,2,4
Nov,3.5,38,BENGKULU,28,0,3
Nov,2.6,13,SULSEL,6,2,3
Nov,2.8,174,NTT,4,0,0
Nov,2.6,141,GORONTALO,7,0,0
Nov,2.3,118,JABAR,13,0,0
Nov,3.8,598,NTT,4,0,0
Nov,4.1,206,MALUKU,1,0,0
Nov,2.4,42,NTT,4,0,0
Nov,4.2,10,PAPUA,2,1,1
Nov,3.5,37,BENGKULU,28,0,3
Nov,4.9,138,MALUKUTENGGARA,22,0,0
Nov,3.4,35,ACEHBARAT,23,0,3
Nov,2.4,10,SULTENG,12,2,4
Nov,3.7,85,SUMBAR,21,0,0
Nov,3.0,27,SUMUT,9,0,3
Nov,3.5,21,PAPUA,2,2,3
Nov,3.7,505,NTT,4,0,0
Nov,4.1,10,PAPUABRT,20,1,1
Nov,3.0,155,GORONTALO,7,0,0
Nov,2.8,70,SUMBAR,21,0,0
Nov,4.2,10,ACEHSINGKIL,29,1,1
Nov,4.0,124,MALUKUTENGAH,16,0,0
Nov,4.4,10,SULUT,3,1,2
Nov,3.2,10,PAPUABRT,20,2,4
Nov,3.5,11,PAPUABRT,20,2,4
Nov,3.5,12,JATIM,26,2,4
Nov,3.2,10,MALUKU,1,2,4
Nov,3.4,10,MALUKU,1,2,1
Nov,3.2,12,SULUT,3,2,4
Nov,2.1,165,GORONTALO,7,0,0
Nov,3.8,10,SULTENG,12,1,1
Nov,2.1,62,BENGKULUSELATAN,39,0,0
Nov,3.1,30,NTT,4,0,3
Nov,3.1,23,NTT,4,0,3
Nov,2.7,10,SULTENG,12,2,4
Nov,2.4,10,SULTENG,12,2,4
Nov,2.8,10,SULTENG,12,2,4
Nov,3.0,10,MALUKU,1,2,4
Nov,2.4,10,SULTENG,12,2,4
Nov,3.9,10,MALUKUTENGGARABRT,18,1,1
Nov,5.2,12,BENGKULU,28,1,2
Nov,5.3,85,BENGKULU,28,0,0
Nov,3.6,75,GORONTALO,7,0,0
Nov,3.7,10,SULUT,3,1,1
Nov,4.2,30,JATIM,26,0,3
Nov,2.6,51,SULTENG,12,0,0
Dec,2.9,10,SULTENG,12,2,4
Dec,4.1,10,JABAR,13,1,1
Dec,2.9,10,JABAR,13,2,4
Dec,5.0,10,JABAR,13,1,2
Dec,5.0,10,JABAR,13,1,2
Dec,2.8,15,NTB,14,2,3
Dec,2.5,51,MALUKU,1,0,0
Dec,3.6,366,MALUKU,1,0,0
Dec,2.4,15,JABAR,13,0,3
Dec,2.8,10,JABAR,13,2,4
Dec,2.9,20,SULUT,3,0,3
Dec,2.9,40,BENGKULUUTARA,35,0,0
Dec,2.6,105,PAPUA,2,0,0
Dec,5.6,154,PAPUA,2,0,0
Dec,2.8,13,MALUT,5,2,4
Dec,3.1,126,ACEH,8,0,0
Dec,3.7,12,ACEH,8,2,4
Dec,3.4,10,JABAR,13,2,1
Dec,3.7,10,MALUKUTENGAH,16,1,1
Dec,2.6,26,PAPUA,2,0,3
Dec,3.1,28,PAPUA,2,0,3
Dec,4.3,23,PAPUA,2,2,3
Dec,4.0,10,SULTENG,12,1,1
Dec,3.9,10,PAPUA,2,1,1
Dec,2.8,54,PAPUA,2,0,0
Dec,3.6,27,PAPUA,2,0,3
Dec,6.5,30,PAPUAPGNGN,34,2,4
Dec,6.4,29,PAPUA,2,2,4
Dec,2.8,10,NTT,4,2,4
Dec,2.8,10,GORONTALO,7,2,4
Dec,3.1,12,MALUKUTENGAH,16,2,4
Dec,4.1,10,NTT,4,1,1
Dec,3.8,139,JATIM,26,0,0
Dec,3.4,24,NTT,4,0,3
Dec,3.6,10,SULSEL,6,1,1
Dec,3.5,19,BENGKULUSELATAN,39,2,3
Dec,3.3,112,GORONTALO,7,0,0
Dec,3.8,213,MALUKUTENGGARABRT,18,0,0
Dec,4.7,133,PAPUA,2,0,0
Dec,3.1,140,GORONTALO,7,0,0
Dec,6.5,10,ACEHJAYA,33,1,2
Dec,3.1,10,JABAR,13,2,4
Dec,2.6,20,JABAR,13,0,3
Dec,2.3,175,NTT,4,0,0
Dec,2.5,21,NTB,14,0,3
Dec,3.2,10,PAPUABRT,20,2,4
Dec,3.4,83,MALUT,5,0,0
Dec,2.9,118,SUMUT,9,0,0
Dec,4.1,164,MALUKUBRTDAYA,15,0,0
Dec,2.7,11,NTB,14,2,4
Dec,3.1,106,NTB,14,0,0
Dec,2.5,10,NTT,4,2,4
Dec,4.5,64,SULUT,3,0,0
Dec,2.3,10,NTB,14,2,4
Dec,2.8,10,JABAR,13,2,4
Dec,2.8,50,SULUT,3,0,0
Dec,4.1,139,MALUKUBRTDAYA,15,0,0
Dec,2.5,28,JABAR,13,0,3
Dec,3.5,50,SUMUT,9,0,0
Dec,3.7,76,JATIM,26,0,0
Dec,3.0,10,SUMUT,9,2,4
Dec,4.2,11,PAPUA,2,1,1
Dec,3.0,10,PAPUABRT,20,2,4
Dec,2.8,10,SULTENG,12,2,4
Dec,3.0,10,ACEH,8,2,4
Dec,2.0,10,SULTRA,25,2,3
Dec,3.0,10,BENGKULUUTARA,35,2,4
Dec,3.4,27,PAPUA,2,0,3
Dec,3.4,153,MALUKUTENGGARABRT,18,0,0
Dec,5.2,79,SULUT,3,0,0
Dec,4.5,10,SULUT,3,1,2
Dec,3.1,14,BENGKULU,28,2,4
Dec,3.0,21,SULUT,3,0,3
Dec,3.8,22,PAPUA,2,2,3
Dec,2.3,19,JABAR,13,0,3
Dec,2.9,12,NTT,4,2,4
Dec,3.7,38,PAPUA,2,0,3
Dec,2.5,24,NTB,14,0,3
Dec,3.9,10,SULTENG,12,1,1
Dec,2.5,24,NTB,14,0,3
Dec,3.2,91,SUMUT,9,0,0
Dec,3.0,10,SULTENG,12,2,4
Dec,3.4,20,NTT,4,2,3
Dec,2.9,19,SULSEL,6,0,3
Dec,4.1,35,BENGKULU,28,0,3
Dec,3.0,10,SULTENG,12,2,4
Dec,3.2,24,BANTEN,17,0,3
Dec,4.6,10,NTT,4,1,2
Dec,4.0,496,NTT,4,0,0
Dec,2.9,17,NTB,14,2,3
Dec,3.2,10,MALUKU,1,2,4
Dec,3.0,43,SUMBAR,21,0,0
Dec,3.7,10,ACEHBARATDAYA,40,1,1
Dec,5.4,56,SULUT,3,0,3
Dec,4.0,10,MALUT,5,1,1
Dec,2.5,181,NTT,4,0,0
Dec,3.2,11,NTB,14,2,4
Dec,3.6,200,MALUKUTENGGARABRT,18,0,0
Dec,3.4,17,JABAR,13,2,3
Dec,5.5,14,JABAR,13,1,1
Dec,5.5,14,JABAR,13,1,1
Dec,3.0,270,NTT,4,0,0
Dec,5.2,29,NTT,4,2,3
Dec,5.1,32,NTT,4,0,3
Dec,3.8,17,MALUKU,1,2,4
Dec,3.1,74,NTB,14,0,0
Dec,3.7,10,JABAR,13,1,1
Dec,3.5,10,ACEH,8,1,1
Dec,4.2,210,MALUT,5,0,0
Dec,3.0,16,ACEH,8,2,3
Dec,3.8,22,BENGKULUSELATAN,39,2,3
Dec,2.1,10,JATENG,30,2,4
Dec,2.8,10,JABAR,13,2,4
Dec,3.4,10,ACEHTENGAH,41,2,1
Dec,2.5,11,JABAR,13,2,4
Dec,3.2,10,JABAR,13,2,4
Dec,2.8,10,NTT,4,2,4
Dec,4.2,10,MALUKU,1,1,1
Dec,3.7,60,SULTENG,12,0,0
Dec,4.1,15,PAPUA,2,2,4
Dec,3.9,10,MALUKU,1,1,1
Dec,2.8,48,MALUT,5,0,0
Dec,4.0,26,SULUT,3,0,3
Dec,3.8,10,NTT,4,1,1
Dec,3.4,10,JATIM,26,2,1
Dec,4.5,10,PAPUA,2,1,2
Dec,3.8,10,JATIM,26,1,1
Dec,4.2,10,NTT,4,1,1
Dec,2.9,14,SULUT,3,2,3
Dec,5.2,79,PAPUA,2,0,0
Dec,3.9,14,SULUT,3,2,4
Dec,4.4,10,NTT,4,1,2
Dec,4.9,10,SULUT,3,1,2
Dec,4.4,119,GORONTALO,7,0,0
Dec,3.1,62,NTT,4,0,0
Dec,5.0,48,SULUT,3,0,3
Dec,5.0,56,SULUT,3,0,3
Dec,3.6,11,GORONTALO,7,2,1
Dec,4.4,97,NTB,14,0,0
Dec,3.9,20,MALUT,5,2,3
Dec,2.9,10,SULTENG,12,2,4
Dec,3.3,10,JATIM,26,2,1
Dec,3.4,10,SULTENG,12,2,1
Dec,4.8,84,SULUT,3,0,0
Dec,3.6,10,MALUKUTENGAH,16,1,1
Dec,2.9,10,SULTRA,25,2,4
Dec,2.9,12,NTB,14,2,4
Dec,2.7,42,BALI,24,0,0
Dec,3.4,65,NTT,4,0,0
Dec,4.0,10,MALUT,5,1,1
Dec,3.9,44,SULUT,3,0,3
Dec,2.8,10,SUMUT,9,2,4
Dec,4.6,26,NTB,14,2,3
Dec,2.8,349,NTT,4,0,0
Dec,4.8,10,BANTEN,17,1,2
Dec,2.6,10,SULBAR,11,2,4
Dec,3.0,21,NTT,4,0,3
Dec,2.8,37,NTT,4,0,0
Dec,3.2,10,JABAR,13,2,4
Dec,3.3,16,SULTENG,12,2,3
Dec,2.7,55,NTT,4,0,0
Dec,2.9,58,GORONTALO,7,0,0
Dec,3.2,22,BENGKULUUTARA,35,0,3
Dec,4.0,18,SULTENG,12,2,4
Dec,3.7,10,SULTENG,12,1,1
Dec,2.7,68,SUMBAR,21,0,0
Dec,4.0,10,NTT,4,1,1
Dec,3.2,10,JATENG,30,2,4
Dec,3.3,10,SUMUT,9,2,1
Dec,3.0,57,ACEHBESAR,42,0,0
Dec,5.9,91,SULUT,3,0,0
Dec,2.8,35,NTT,4,0,0
Dec,2.5,142,SUMSEL,43,0,0
Dec,2.7,45,NTT,4,0,0
Dec,3.3,10,MALUT,5,2,1
Dec,4.4,10,MALUT,5,1,2
Dec,3.3,54,LAMPUNG,10,0,0
Dec,2.7,14,NTT,4,2,3
Dec,5.2,10,SULUT,3,1,2
Dec,3.0,17,MALUKUTENGAH,16,2,3
Dec,3.8,10,PAPUA,2,1,1
Dec,2.9,12,MALUT,5,2,4
Dec,3.1,11,NTB,14,2,4
Dec,5.5,315,PAPUA,2,0,0
Dec,3.4,14,MALUKU,1,2,4
Dec,2.3,16,JATENG,30,0,3
Dec,3.0,10,NTB,14,2,4
Dec,3.9,10,SULUT,3,1,1
Dec,4.4,14,SUMBAR,21,2,4
Dec,3.6,10,SULUT,3,1,1
Dec,3.4,92,JATIM,26,0,0
Dec,4.8,10,SULUT,3,1,2
Dec,2.7,27,MALUT,5,0,3
Dec,2.3,10,SUMBAR,21,2,4
Dec,3.8,10,MALUKU,1,1,1
Dec,2.5,13,JATIM,26,2,3
Dec,2.4,10,SULSEL,6,2,4
Dec,2.7,11,MALUT,5,2,4
Dec,2.8,10,PAPUABRT,20,2,4
Dec,1.8,10,SUMUT,9,2,3
Dec,3.1,10,ACEH,8,2,4
Dec,3.0,59,SULTENG,12,0,0
Dec,5.4,23,MALUT,5,2,4
Dec,5.4,23,MALUT,5,2,4
Dec,2.2,95,ACEH,8,0,0
Dec,2.4,10,NTB,14,2,4
Dec,2.7,61,SUMUT,9,0,0
Dec,3.7,23,PAPUA,2,0,3
Dec,3.0,37,JAMBI,38,0,0
Dec,2.4,13,JATIM,26,2,3
Dec,3.9,10,BANTEN,17,1,1
Dec,4.5,10,BANTEN,17,1,2
Dec,2.6,22,JABAR,13,0,3
Dec,3.6,10,SULTENG,12,1,1
Dec,3.6,125,NTB,14,0,0
Dec,3.7,212,JAMBI,38,0,0
Dec,4.6,165,MALUKUTENGGARABRT,18,0,0
Dec,3.2,11,NTB,14,2,4
Dec,4.8,10,SULUT,3,1,2
Dec,3.4,59,MALUT,5,0,0
Dec,3.2,10,ACEH,8,2,4
Dec,4.4,105,SULUT,3,0,0
Dec,2.9,10,MALUT,5,2,4
Dec,3.7,17,PAPUA,2,2,4
Dec,2.7,10,MALUKUTENGAH,16,2,4
Dec,3.3,10,JATIM,26,2,1
Dec,3.0,10,SULTENG,12,2,4
Dec,3.0,334,NTT,4,0,0
Dec,2.6,10,SULSEL,6,2,4
Dec,2.0,298,JABAR,13,0,0
Dec,3.5,64,MALUT,5,0,0
Dec,3.0,10,ACEH,8,2,4
Dec,4.1,25,NTT,4,0,3
Dec,4.1,10,ACEHTENGAH,41,1,1
Dec,4.3,10,MALUT,5,1,2
Dec,4.6,10,MALUT,5,1,2
Dec,3.5,24,SULTENG,12,0,3
Dec,4.1,83,MALUKUTENGGARABRT,18,0,0
Dec,2.6,97,JABAR,13,0,0
Dec,3.2,33,NTT,4,0,3
Dec,2.5,10,SULTENG,12,2,4
Dec,3.7,10,MALUKU,1,1,1
Dec,4.3,158,PAPUA,2,0,0
Dec,2.2,17,JATENG,30,0,3
Dec,4.0,50,SULTENG,12,0,0
Dec,4.3,10,JABAR,13,1,2
Dec,2.9,21,GORONTALO,7,0,3
Dec,3.6,10,SULTENG,12,1,1
Dec,3.8,10,ACEH,8,1,1
Dec,3.9,19,PAPUABRT,20,2,3
Dec,3.9,10,PAPUA,2,1,1
Dec,3.3,13,PAPUABRT,20,2,4
Dec,2.9,10,SULSEL,6,2,4
Dec,3.5,32,MALUT,5,0,3
Dec,2.6,14,JABAR,13,2,3
Dec,2.8,11,JABAR,13,2,4
Dec,2.7,10,JABAR,13,2,4
Dec,4.2,28,SULUT,3,0,3
Dec,5.5,160,MALUT,5,0,0
Dec,5.1,151,MALUT,5,0,0
Dec,2.5,28,JABAR,13,0,3
Dec,3.7,31,PAPUA,2,0,3
Dec,2.5,146,JAMBI,38,0,0
Dec,3.2,91,JATIM,26,0,0
Dec,2.3,189,GORONTALO,7,0,0
Dec,4.2,10,SULUT,3,1,1
Dec,3.9,269,NTT,4,0,0
Dec,3.2,10,PAPUABRT,20,2,4
Dec,3.1,10,JABAR,13,2,4
Dec,4.5,10,MALUT,5,1,2
Dec,4.0,51,SULUT,3,0,0
Dec,2.4,10,JABAR,13,2,4
Dec,5.3,116,SULUT,3,0,0
Dec,4.8,24,SULUT,3,2,3
Dec,3.6,10,ACEH,8,1,1
Dec,4.9,597,NTB,14,0,0
Dec,3.8,23,JABAR,13,2,3
Dec,3.2,13,MALUT,5,2,4
Dec,4.3,10,ACEH,8,1,2
Dec,2.7,13,JATENG,30,2,3
Dec,3.0,48,NTT,4,0,0
Dec,3.3,10,PAPUA,2,2,1
Dec,3.6,46,SULUT,3,0,0
Dec,3.0,10,MALUT,5,2,4
Dec,3.0,10,SULSEL,6,2,4
Dec,3.5,127,MALUKUBRTDAYA,15,0,0
Dec,2.9,23,SULUT,3,0,3
Dec,4.7,187,MALUKUTENGGARABRT,18,0,0
Dec,5.2,10,PAPUA,2,1,2
Dec,5.2,10,PAPUA,2,1,2
Dec,3.2,10,SULUT,3,2,4
Dec,3.5,41,SULUT,3,0,0
Dec,3.5,15,MALUKU,1,2,4
Dec,4.9,10,SULUT,3,1,2
Dec,3.1,12,NTT,4,2,4
Dec,3.6,10,SULTENG,12,1,1
Dec,3.7,10,SULTENG,12,1,1
Dec,3.4,10,SULTENG,12,2,1
Dec,3.8,10,SULTENG,12,1,1
Dec,4.6,115,MALUKU,1,0,0
Dec,2.8,140,GORONTALO,7,0,0
Dec,4.6,15,MALUKU,1,2,4
Dec,4.4,10,SULTENG,12,1,2
Dec,2.4,11,ACEH,8,2,4
Dec,3.0,10,MALUT,5,2,4
Dec,3.0,14,NTB,14,2,4
Dec,3.0,15,NTB,14,2,3
Dec,1.8,10,JABAR,13,2,3
Dec,2.2,10,JABAR,13,2,4
Dec,3.9,11,NTT,4,1,1
Dec,2.7,22,ACEHJAYA,33,0,3
Dec,2.9,10,SUMBAR,21,2,4
Dec,3.3,40,SUMBAR,21,0,0
Dec,3.4,10,JATIM,26,2,1
Dec,3.0,63,MALUT,5,0,0
Dec,1.9,24,JATENG,30,0,0
Dec,1.8,17,JATENG,30,0,3
Dec,4.7,10,SULUT,3,1,2
Dec,3.5,10,ACEH,8,1,1
Dec,3.6,14,MALUT,5,2,4
Dec,1.7,35,SULSEL,6,0,0
Dec,5.4,19,SUMBAR,21,2,4
Dec,5.4,19,SUMBAR,21,2,4
Dec,3.2,10,ACEHBESAR,42,2,4
Dec,4.2,141,MALUKUBRTDAYA,15,0,0
Dec,3.2,17,SULTENG,12,2,3
Dec,3.6,24,SULUT,3,0,3
Dec,3.3,30,SUMBAR,21,0,3
Dec,2.3,10,JABAR,13,2,4
Dec,2.0,19,JATENG,30,0,3
Dec,4.1,10,MALUT,5,1,1
Dec,3.6,178,NTT,4,0,0
Dec,4.6,58,SULUT,3,0,0
Dec,3.3,10,BENGKULU,28,2,1
Dec,3.4,10,PAPUABRT,20,2,1
Dec,4.1,10,JATENG,30,1,1
Dec,3.4,10,BALI,24,2,1
Dec,3.7,11,BALI,24,2,1
Dec,3.4,77,SULUT,3,0,0
Dec,3.4,139,GORONTALO,7,0,0
Dec,3.0,13,JABAR,13,2,4
Dec,4.8,10,SULUT,3,1,2
Dec,5.0,10,SULUT,3,1,2
Dec,4.9,10,SULUT,3,1,2
Dec,4.3,13,JATENG,30,2,1
Dec,3.7,10,SULUT,3,1,1
Dec,3.1,10,PAPUA,2,2,4
Dec,2.9,10,NTT,4,2,4
Dec,3.6,13,BENGKULU,28,2,4
Dec,2.9,10,SUMBAR,21,2,4
Dec,3.1,77,NTT,4,0,0
Dec,2.0,10,JABAR,13,2,3
Dec,2.0,16,SULBAR,11,0,3
Dec,2.7,13,MALUT,5,2,3
Dec,2.2,70,GORONTALO,7,0,0
Dec,2.1,76,SUMBAR,21,0,0
Dec,2.2,18,NTB,14,0,3
Dec,2.6,18,BALI,24,0,3
Dec,3.1,10,PAPUA,2,2,4
Dec,3.0,14,MALUT,5,2,4
Dec,4.2,11,MALUT,5,1,1
Dec,5.4,178,MALUKUTENGGARABRT,18,0,0
Dec,4.7,10,SULUT,3,1,2
Dec,4.6,10,SULUT,3,1,2
Dec,3.5,10,BENGKULU,28,1,1
Dec,5.2,166,MALUKUTENGGARABRT,18,0,0
Dec,5.2,166,TANIMBAR,31,0,0
Dec,2.0,16,JATENG,30,0,3
Dec,3.5,53,ACEH,8,0,0
Dec,3.1,17,MALUT,5,2,3
Dec,4.0,69,MALUKU,1,0,0
Dec,4.8,10,SULUT,3,1,2
Dec,4.4,90,MALUT,5,0,0
Dec,4.9,15,BANTEN,17,2,1
Dec,3.3,14,NTB,14,2,4
Dec,4.9,10,SULUT,3,1,2
Dec,3.1,131,GORONTALO,7,0,0
Dec,3.3,116,DIY,19,0,0
Dec,2.2,10,JABAR,13,2,4
Dec,1.3,10,SULSEL,6,0,3
Dec,4.8,10,SULUT,3,1,2
Dec,2.7,26,NTT,4,0,3
Dec,2.4,20,JABAR,13,0,3
Dec,2.2,10,JABAR,13,2,4
Dec,3.0,10,MALUKUTENGAH,16,2,4
Dec,2.2,15,JABAR,13,0,3
Dec,5.4,99,SULUT,3,0,0
Dec,4.3,20,JABAR,13,2,4
Dec,4.0,13,SUMUT,9,2,4
Dec,2.9,10,GORONTALO,7,2,4
Dec,3.9,10,PAPUA,2,1,1
Dec,3.2,13,SULTENG,12,2,4
Dec,2.6,10,JABAR,13,2,4
Dec,2.6,10,JABAR,13,2,4
Dec,3.2,129,SUMSEL,43,0,0
Dec,3.5,29,MALUT,5,0,3
Dec,3.6,14,BANTEN,17,2,4
Dec,3.6,94,MALUT,5,0,0
Dec,4.9,115,SULUT,3,0,0
Dec,2.8,10,SUMBAR,21,2,4
Dec,3.3,31,PAPUA,2,0,3
Dec,3.1,10,NTT,4,2,4
Dec,2.6,109,BANTEN,17,0,0
Dec,3.8,16,SULTENG,12,2,4
Dec,3.8,16,SULTENG,12,2,4
Dec,2.7,10,DIY,19,2,4
Dec,3.3,10,NTT,4,2,1
Dec,2.4,10,JATENG,30,2,4
Dec,2.4,10,SUMUT,9,2,4
Dec,2.5,10,SULSEL,6,2,4
Dec,3.8,127,MALUKUTENGAH,16,0,0
Dec,2.2,10,SULSEL,6,2,4
Dec,3.5,25,SUMBAR,21,0,3
Dec,3.1,11,JATIM,26,2,4
Dec,3.6,10,SULTENG,12,1,1
Dec,4.1,10,SULTENG,12,1,1
Dec,4.1,10,MALUKUTENGAH,16,1,1
Dec,4.8,10,SULUT,3,1,2
Dec,5.1,10,NTB,14,1,2
Dec,5.2,10,NTB,14,1,2
Dec,2.5,10,JABAR,13,2,4
Dec,5.0,10,SULUT,3,1,2
Dec,3.2,21,MALUT,5,0,3
Dec,4.7,12,SULUT,3,1,1
Dec,2.8,10,JABAR,13,2,4
Dec,3.9,11,SULUT,3,1,1
Dec,3.4,10,JATIM,26,2,1
Dec,2.8,10,SULTENG,12,2,4
Dec,4.2,10,MALUKUTENGGARABRT,18,1,1
Dec,2.7,17,JATENG,30,0,3
Dec,2.9,10,SULTENG,12,2,4
Dec,4.4,169,SULUT,3,0,0
Dec,4.2,94,SULUT,3,0,0
Dec,4.2,10,SULUT,3,1,1
Dec,5.8,258,RIAU,44,0,0
Dec,5.8,257,RIAU,44,0,0
Dec,3.9,23,NTT,4,2,3
Dec,3.5,27,PAPUA,2,0,3
Dec,2.7,10,SULSEL,6,2,4
Dec,3.3,24,NTB,14,0,3
Dec,3.4,169,BANTEN,17,0,0
Dec,4.4,10,PAPUA,2,1,2
Dec,2.8,10,SULSEL,6,2,4
Dec,5.3,114,MALUT,5,0,0
Dec,5.3,114,MALUT,5,0,0
Dec,5.0,35,MALUKUBRTDAYA,15,0,3
Dec,3.1,95,GORONTALO,7,0,0
Dec,3.3,12,PAPUA,2,2,4
Dec,2.8,11,ACEH,8,2,4
Dec,2.7,29,PAPUABRT,20,0,3
Dec,5.5,72,PAPUAPGNGN,34,0,0
Dec,4.5,85,NTB,14,0,0
Dec,4.8,10,SULUT,3,1,2
Dec,3.5,25,MALUT,5,0,3
Dec,4.7,125,SULUT,3,0,0
Dec,4.7,125,SULUT,3,0,0
Dec,4.4,212,GORONTALO,7,0,0
Dec,3.4,10,SULUT,3,2,1
Dec,5.4,96,PAPUA,2,0,0
Dec,5.3,105,PAPUA,2,0,0
Dec,3.3,12,BANTEN,17,2,4
Dec,3.6,13,SUMUT,9,2,4
Dec,4.9,10,SULUT,3,1,2
Dec,4.6,561,SULTENG,12,0,0
Dec,3.4,10,SULUT,3,2,1
Dec,4.7,29,MALUT,5,0,3
Dec,4.0,20,NTB,14,2,3
Dec,2.6,14,NTB,14,2,3
Dec,2.7,11,NTB,14,2,4
Dec,3.0,38,NTT,4,0,0
Dec,3.4,18,MALUKUTENGAH,16,2,3
Dec,5.0,10,SULUT,3,1,2
Dec,3.6,76,NTT,4,0,0
Dec,3.5,138,NTT,4,0,0
Dec,3.2,43,PAPUA,2,0,0
Dec,3.0,111,NTB,14,0,0
Dec,4.8,10,SULUT,3,1,2
Dec,2.2,10,SULSEL,6,2,4
Dec,3.1,10,MALUKU,1,2,4
Dec,4.7,33,SULUT,3,0,3
Dec,3.1,26,NTT,4,0,3
Dec,4.0,199,SULUT,3,0,0
Dec,4.7,39,SULUT,3,0,3
Dec,3.7,17,MALUT,5,2,4
Dec,4.6,85,SULUT,3,0,0
Dec,4.5,10,SULUT,3,1,2
Dec,3.9,10,SULUT,3,1,1
Dec,2.8,12,MALUT,5,2,4
Dec,3.3,21,BANTEN,17,0,3
Dec,3.8,21,LAMPUNG,10,2,3
Dec,3.9,204,SULUT,3,0,0
Dec,3.1,23,NTB,14,0,3
Dec,4.7,10,SULUT,3,1,2
Dec,4.7,10,SULUT,3,1,2
Dec,2.9,218,SULUT,3,0,0
Dec,3.2,12,GORONTALO,7,2,4
Dec,3.2,15,PAPUA,2,2,4
Dec,5.1,10,SULUT,3,1,2
Dec,3.4,36,PAPUA,2,0,3
Dec,4.5,12,SUMBAR,21,1,1
Dec,4.7,132,SULUT,3,0,0
Dec,3.5,10,SULUT,3,1,1
Dec,2.2,10,SULTENG,12,2,4
Dec,3.2,52,MALUT,5,0,0
Dec,5.3,87,SULUT,3,0,0
Dec,3.4,10,BALI,24,2,1
Dec,3.1,13,BANTEN,17,2,4
Dec,3.2,45,SULUT,3,0,0
Dec,3.1,10,PAPUA,2,2,4
Dec,5.0,50,SULUT,3,0,3
Dec,3.1,10,BALI,24,2,4
Dec,3.3,310,NTT,4,0,0
Dec,5.9,39,SULUT,3,0,3
Dec,5.6,12,SULUT,3,1,2
Dec,2.6,28,JABAR,13,0,3
Dec,4.6,104,SULUT,3,0,0
Dec,5.6,101,SULUT,3,0,0
Dec,4.8,65,SULUT,3,0,0
Dec,3.3,10,MALUT,5,2,1
Dec,4.9,10,MALUT,5,1,2
Dec,5.0,10,MALUT,5,1,2
Dec,3.7,10,NTT,4,1,1
Dec,2.4,10,JABAR,13,2,4
Dec,3.7,13,MALUT,5,2,4
Dec,4.7,10,SULUT,3,1,2
Dec,3.5,105,NTB,14,0,0
Dec,2.9,10,KALTIM,45,2,4
Dec,2.3,10,SULTRA,25,2,4
Dec,4.8,70,SULUT,3,0,0
Dec,4.8,10,SULUT,3,1,2
Dec,3.3,5,JABAR,13,1,2
Dec,4.8,77,SULUT,3,0,0
Dec,4.8,77,SULUT,3,0,0
Dec,4.8,77,SULUT,3,0,0
Dec,2.9,62,SULTENG,12,0,0
Dec,4.4,10,BENGKULU,28,1,2
Dec,3.0,22,MALUT,5,0,3
Dec,5.6,92,SULUT,3,0,0
Dec,3.2,10,SULUT,3,2,4
Dec,3.1,10,BENGKULU,28,2,4
Dec,3.0,5,JABAR,13,1,2
Dec,3.7,124,SUMSEL,43,0,0
Dec,2.9,10,JABAR,13,2,4
Dec,4.2,10,SULUT,3,1,1
Dec,3.3,23,JABAR,13,0,3
Dec,5.2,10,SULUT,3,1,2
Dec,6.0,15,SULUT,3,1,1
Dec,4.9,42,SULUT,3,0,3
Dec,2.8,10,JABAR,13,2,4
Dec,3.2,25,SUMBAR,21,0,3
Dec,3.8,87,PAPUA,2,0,0
Dec,4.6,10,SULUT,3,1,2
Dec,5.3,99,SULUT,3,0,0
Dec,2.7,145,SUMBAR,21,0,0
Dec,5.3,132,SULUT,3,0,0
Dec,4.9,113,SULUT,3,0,0
Dec,4.9,119,SULUT,3,0,0
Dec,5.1,71,ACEH,8,0,0
Dec,5.7,10,SULUT,3,1,2
Dec,4.4,68,SULUT,3,0,0
Dec,4.2,19,MALUT,5,2,4
Dec,5.7,10,SULUT,3,1,2
Dec,5.5,10,SULUT,3,1,2
Dec,5.6,18,MALUT,5,2,4
Dec,5.7,21,MALUT,5,2,4
Dec,5.7,107,SULUT,3,0,0
Dec,3.8,10,JABAR,13,1,1
Dec,5.5,66,SULUT,3,0,0
Dec,6.0,96,KALTARA,46,0,0
Dec,3.5,10,MALUKU,1,1,1
Dec,4.6,57,SULUT,3,0,0
Dec,4.7,65,SULUT,3,0,0
Dec,4.8,47,SULUT,3,0,3
Dec,3.4,164,NTT,4,0,0
Dec,5.3,124,SULUT,3,0,0
Dec,5.4,53,SULUT,3,0,3
Dec,5.3,53,SULUT,3,0,3
Dec,3.6,134,MALUT,5,0,0
Dec,3.6,15,SULUT,3,2,4
Dec,2.5,149,GORONTALO,7,0,0
Dec,3.9,10,SUMUT,9,1,1
Dec,4.1,108,GORONTALO,7,0,0
Dec,2.8,10,SULTRA,25,2,4
Dec,4.5,10,MALUKUTENGGARA,22,1,2
Dec,3.7,15,SULUT,3,2,4
Dec,4.9,11,SULUT,3,1,2
Dec,4.4,95,SULUT,3,0,0
Dec,2.4,49,SULTENG,12,0,0
Dec,4.8,58,SULUT,3,0,0
Dec,2.9,10,MALUKUTENGAH,16,2,4
Dec,3.2,13,SULUT,3,2,4
Dec,5.0,10,SULUT,3,1,2
Dec,4.9,10,SULUT,3,1,2
Dec,3.9,38,SULUT,3,0,3
Dec,5.9,10,SULUT,3,1,2
Dec,6.8,10,SULUT,3,1,2
Dec,3.4,23,NTT,4,0,3
Dec,3.8,10,SULUT,3,1,1
Dec,2.7,10,SULSEL,6,2,4
Dec,3.3,127,NTT,4,0,0
Dec,5.0,10,SULUT,3,1,2
Dec,5.2,10,MALUKUTENGAH,16,1,2
Dec,5.2,10,MALUKUTENGAH,16,1,2
Dec,5.5,10,SULUT,3,1,2
Dec,4.7,63,NTB,14,0,0
Dec,4.7,174,NTT,4,0,0
Dec,4.2,41,SULUT,3,0,3
Dec,4.7,10,SULUT,3,1,2
Dec,4.7,10,SULUT,3,1,2
Dec,3.7,18,NTT,4,2,3
Dec,5.4,43,SULUT,3,0,3
Dec,6.3,10,SULUT,3,1,2
Dec,5.3,10,SULUT,3,1,2
Dec,5.2,10,SULUT,3,1,2
Dec,5.5,10,SULUT,3,1,2
Dec,5.1,10,SULUT,3,1,2
Dec,2.8,10,JABAR,13,2,4
Dec,4.8,13,MALUKUTENGAH,16,1,1
Dec,6.4,69,SULUT,3,0,3
Dec,6.5,10,SULUT,3,1,2
Dec,6.0,93,SULUT,3,0,0
Dec,6.1,115,SULUT,3,0,0
Dec,6.5,95,SULUT,3,0,0
Dec,5.6,162,SULUT,3,0,0
Dec,2.9,10,MALUKUTENGAH,16,2,4
Dec,2.5,142,GORONTALO,7,0,0
Dec,5.5,10,SULUT,3,1,2
Dec,5.9,94,SULUT,3,0,0
Dec,4.9,35,SULUT,3,0,3
Dec,5.7,49,SULUT,3,0,3
Dec,5.7,49,SULUT,3,0,3
Dec,6.1,122,SULUT,3,0,0
Dec,6.2,106,SULUT,3,0,0
Dec,5.7,10,SULUT,3,1,2
Dec,3.1,13,BALI,24,2,4
Dec,5.2,82,SULUT,3,0,0
Dec,5.4,10,SULUT,3,1,2
Dec,5.6,49,SULUT,3,0,3
Dec,5.7,10,SULUT,3,1,2
Dec,5.7,101,SULUT,3,0,0
Dec,5.7,101,SULUT,3,0,0
Dec,3.6,10,MALUKUTENGAH,16,1,1
Dec,6.2,47,SULUT,3,0,3
Dec,5.3,10,MALUKUTENGAH,16,1,2
Dec,5.0,10,MALUKUTENGAH,16,1,2
Dec,7.5,113,SULUT,3,0,0
Dec,3.5,28,NTT,4,0,3
Dec,3.8,119,SULUT,3,0,0
Dec,5.0,108,BENGKULUUTARA,35,0,0
Dec,4.9,88,BENGKULUUTARA,35,0,0
Dec,2.5,10,ACEH,8,2,4
Dec,6.0,157,TANIMBAR,31,0,0
Dec,6.1,162,MALUKUTENGGARABRT,18,0,0
Dec,3.3,10,PAPUA,2,2,1
Dec,3.4,105,SULUT,3,0,0
Dec,3.2,10,MALUT,5,2,4
Dec,2.7,10,SULTENG,12,2,4
Dec,2.8,71,JATENG,30,0,0
Dec,2.9,70,NTT,4,0,0
Dec,3.4,12,PAPUA,2,2,4
Dec,2.6,10,SULBAR,11,2,4
Dec,3.5,148,JABAR,13,0,0
Dec,4.3,128,BANTEN,17,0,0
Dec,5.3,10,JATIM,26,1,2
Dec,5.2,10,JATIM,26,1,2
Dec,3.3,63,NTT,4,0,0
Dec,2.8,10,ACEH,8,2,4
Dec,4.4,170,MALUKUBRTDAYA,15,0,0
Dec,2.9,12,SULTRA,25,2,4
Dec,2.7,73,GORONTALO,7,0,0
Dec,3.9,23,SUMUT,9,2,3
Dec,3.1,10,PAPUA,2,2,4
Dec,2.7,10,MALUKUTENGAH,16,2,4
Dec,3.4,10,SULSEL,6,2,1
Dec,2.7,10,LAMPUNG,10,2,4
Dec,3.1,121,NTB,14,0,0
Dec,4.9,10,MALUKUTENGAH,16,1,2
Dec,3.6,19,MALUKUTENGGARABRT,18,2,3
Dec,2.9,10,GORONTALO,7,2,4
Dec,2.8,10,SULTENG,12,2,4
Dec,4.6,10,MALUKUTENGAH,16,1,2
Dec,2.8,10,ACEH,8,2,4
Dec,3.2,10,ACEHJAYA,33,2,4
Dec,3.0,10,NTT,4,2,4
Dec,3.3,15,SULUT,3,2,4
Dec,2.7,28,PAPUA,2,0,3
Dec,3.8,10,ACEH,8,1,1
Dec,3.1,16,NTB,14,2,3
Dec,3.2,10,ACEHTENGAH,41,2,4
Dec,2.9,10,SULUT,3,2,4
Dec,4.4,386,MALUKUBRTDAYA,15,0,0
Dec,3.1,24,MALUT,5,0,3
Dec,2.4,17,JABAR,13,0,3
Jan,3.6,10,PAPUABRT,20,1,1
Jan,2.6,164,SUMUT,9,0,0
Jan,4.5,182,MALUKUTENGAH,16,0,0
Jan,3.2,10,JABAR,13,2,4
Jan,5.0,11,MALUT,5,1,2
Jan,3.2,19,MALUKU,1,2,3
Jan,3.1,37,NTT,4,0,0
Jan,3.5,75,NTB,14,0,0
Jan,4.0,10,ACEHTENGAH,41,1,1
Jan,3.7,11,PAPUA,2,2,1
Jan,3.2,10,SULTENG,12,2,4
Jan,2.7,10,SULTENG,12,2,4
Jan,3.1,14,GORONTALO,7,2,4
Jan,3.3,10,BENGKULU,28,2,1
Jan,4.1,15,SUMUT,9,2,4
Jan,3.1,10,NTT,4,2,4
Jan,3.3,10,NTT,4,2,1
Jan,3.0,10,SUMUT,9,2,4
Jan,4.7,191,MALUKUBRTDAYA,15,0,0
Jan,3.2,10,MALUKUTENGAH,16,2,4
Jan,3.3,10,SULTENG,12,2,1
Jan,2.1,16,MALUKUTENGAH,16,0,3
Jan,2.3,10,NTB,14,2,4
Jan,3.6,134,PAPUA,2,0,0
Jan,5.1,106,SULUT,3,0,0
Jan,3.3,200,MALUT,5,0,0
Jan,4.7,190,SULUT,3,0,0
Jan,3.4,10,JABAR,13,2,1
Jan,4.1,28,NTT,4,0,3
Jan,2.9,129,GORONTALO,7,0,0
Jan,3.6,10,NTT,4,1,1
Jan,3.0,15,NTT,4,2,3
Jan,3.9,10,LAMPUNG,10,1,1
Jan,3.1,10,SULSEL,6,2,4
Jan,3.0,28,BENGKULUSELATAN,39,0,3
Jan,5.3,121,PNG,47,0,0
Jan,5.2,121,PAPUA,2,0,0
Jan,3.4,14,LAMPUNG,10,2,4
Jan,3.6,10,PAPUABRT,20,1,1
Jan,3.4,30,MALUT,5,0,3
Jan,3.5,10,PAPUA,2,1,1
Jan,3.8,10,JAMBI,38,1,1
Jan,3.0,55,JABAR,13,0,0
Jan,3.4,11,NTB,14,2,4
Jan,4.3,10,SULUT,3,1,2
Jan,2.5,59,SUMUT,9,0,0
Jan,3.8,10,MALUKU,1,1,1
Jan,2.4,10,SUMBAR,21,2,4
Jan,3.0,55,GORONTALO,7,0,0
Jan,2.8,10,SULSEL,6,2,4
Jan,2.2,16,JABAR,13,0,3
Jan,4.0,187,MALUT,5,0,0
Jan,3.0,125,GORONTALO,7,0,0
Jan,3.1,10,BANTEN,17,2,4
Jan,2.3,424,GORONTALO,7,0,0
Jan,4.5,10,MALUT,5,1,2
Jan,4.7,159,SULUT,3,0,0
Jan,4.2,10,SUMBAR,21,1,1
Jan,4.9,122,NTB,14,0,0
Jan,5.7,10,PAPUA,2,1,2
Jan,3.2,10,PAPUABRT,20,2,4
Jan,3.1,10,NTT,4,2,4
Jan,3.9,10,NTT,4,1,1
Jan,3.5,10,NTT,4,1,1
Jan,4.6,10,PAPUA,2,1,2
Jan,2.8,10,NTT,4,2,4
Jan,3.4,11,NTT,4,2,4
Jan,3.7,24,BANTEN,17,0,3
Jan,3.1,92,BALI,24,0,0
Jan,4.8,100,BALI,24,0,0
Jan,3.7,10,NTT,4,1,1
Jan,2.7,14,NTT,4,2,3
Jan,3.3,10,NTT,4,2,1
Jan,3.1,10,NTT,4,2,4
Jan,3.1,15,NTT,4,2,3
Jan,3.6,14,NTT,4,2,4
Jan,3.3,10,NTT,4,2,1
Jan,3.9,10,NTT,4,1,1
Jan,5.9,11,NTT,4,1,2
Jan,5.6,11,NTT,4,1,2
Jan,4.0,50,MALUKU,1,0,0
Jan,4.3,484,SULUT,3,0,0
Jan,4.1,10,NTB,14,1,1
Jan,5.0,71,PAPUA,2,0,0
Jan,5.1,61,PAPUA,2,0,0
Jan,5.5,52,PAPUA,2,0,3
Jan,5.2,61,PAPUA,2,0,0
Jan,5.1,61,PAPUA,2,0,0
Jan,4.7,10,JABAR,13,1,2
Jan,4.0,40,NTT,4,0,3
Jan,3.5,16,SULUT,3,2,4
Jan,2.9,58,NTT,4,0,0
Jan,3.8,14,ACEH,8,2,4
Jan,3.3,54,RIAU,44,0,0
Jan,4.4,126,SULUT,3,0,0
Jan,3.5,11,BENGKULU,28,2,4
Jan,5.9,160,TANIMBAR,31,0,0
Jan,6.0,166,MALUKUTENGGARABRT,18,0,0
Jan,3.8,169,NTT,4,0,0
Jan,3.2,25,SULUT,3,0,3
Jan,3.8,10,SULTENG,12,1,1
Jan,3.2,20,NTB,14,0,3
Jan,3.9,10,MALUT,5,1,1
Jan,3.7,199,SUMSEL,43,0,0
Jan,3.1,12,NTT,4,2,4
Jan,3.3,10,SULSEL,6,2,1
Jan,3.2,85,NTT,4,0,0
Jan,3.9,11,BENGKULU,28,1,1
Jan,4.6,153,SULUT,3,0,0
Jan,3.5,10,BANTEN,17,1,1
Jan,3.2,10,NTT,4,2,4
Jan,5.0,99,PAPUA,2,0,0
Jan,4.2,23,MALUT,5,2,3
Jan,3.5,100,NTT,4,0,0
Jan,4.3,10,PAPUA,2,1,2
Jan,3.4,12,NTT,4,2,4
Jan,4.1,53,SUMBAR,21,0,0
Jan,2.4,121,SUMUT,9,0,0
Jan,5.4,10,PAPUABRT,20,1,2
Jan,5.4,10,PAPUABRT,20,1,2
Jan,3.4,10,NTT,4,2,1
Jan,3.7,251,RIAU,44,0,0
Jan,4.0,10,MALUT,5,1,1
Jan,3.4,220,GORONTALO,7,0,0
Jan,3.2,124,GORONTALO,7,0,0
Jan,4.8,158,MALUKUBRTDAYA,15,0,0
Jan,3.3,16,NTT,4,2,3
Jan,2.7,95,NTB,14,0,0
Jan,3.6,89,NTT,4,0,0
Jan,4.0,557,NTT,4,0,0
Jan,3.6,10,SULTENG,12,1,1
Jan,3.1,130,SUMUT,9,0,0
Jan,3.3,194,SUMBAR,21,0,0
Jan,3.1,11,NTT,4,2,4
Jan,3.1,10,SUMBAR,21,2,4
Jan,2.8,77,SUMBAR,21,0,0
Jan,3.8,146,MALUT,5,0,0
Jan,4.7,57,KALTARA,46,0,0
Jan,3.5,10,NTB,14,1,1
Jan,4.0,10,MALUKU,1,1,1
Jan,3.6,27,SULUT,3,0,3
Jan,2.3,10,SULTENG,12,2,4
Jan,1.7,10,NTT,4,2,3
Jan,2.4,10,SULTENG,12,2,4
Jan,3.7,12,SULTENG,12,2,4
Jan,3.7,12,SULTENG,12,2,4
Jan,3.5,11,SUMBAR,21,2,4
Jan,3.0,10,SULTENG,12,2,4
Jan,3.8,10,SULTENG,12,1,1
Jan,4.7,10,SULTENG,12,1,2
Jan,2.6,11,SULTENG,12,2,4
Jan,3.3,10,SULTENG,12,2,1
Jan,5.4,10,SULTENG,12,1,2
Jan,5.4,10,SULTENG,12,1,2
Jan,3.7,10,SULTENG,12,1,1
Jan,4.6,10,SULTENG,12,1,2
Jan,2.8,34,SULTENG,12,0,0
Jan,3.0,10,SULTENG,12,2,4
Jan,4.3,483,SULUT,3,0,0
Jan,4.7,10,SULUT,3,1,2
Jan,2.3,15,NTB,14,0,3
Jan,2.3,63,BENGKULUSELATAN,39,0,0
Jan,2.7,172,NTT,4,0,0
Jan,3.8,13,SUMBAR,21,2,4
Jan,2.7,10,SULTENG,12,2,4
Jan,3.8,18,SULUT,3,2,4
Jan,4.2,10,NTT,4,1,1
Jan,3.0,46,MALUT,5,0,0
Jan,2.8,11,PAPUA,2,2,4
Jan,3.2,110,NTB,14,0,0
Jan,2.9,80,NTT,4,0,0
Jan,3.5,30,BANTEN,17,0,3
Jan,3.4,10,MALUKU,1,2,1
Jan,3.9,10,PAPUA,2,1,1
Jan,3.6,12,BALI,24,2,4
Jan,4.3,108,NTB,14,0,0
Jan,3.0,131,GORONTALO,7,0,0
Jan,3.2,136,GORONTALO,7,0,0
Jan,4.4,74,SULUT,3,0,0
Jan,2.8,108,NTB,14,0,0
Jan,3.3,10,MALUKUTENGAH,16,2,1
Jan,3.1,10,DIY,19,2,4
Jan,3.6,102,JATIM,26,0,0
Jan,3.2,82,GORONTALO,7,0,0
Jan,2.8,10,NTB,14,2,4
Jan,4.1,10,ACEH,8,1,1
Jan,3.2,13,SULTENG,12,2,4
Jan,3.0,10,PAPUABRT,20,2,4
Jan,5.1,48,SULUT,3,0,3
Jan,2.4,10,SULTENG,12,2,4
Jan,4.1,229,MALUKUTENGAH,16,0,0
Jan,3.7,26,MALUT,5,0,3
Jan,3.2,26,JABAR,13,0,3
Jan,4.6,271,MALUKUBRTDAYA,15,0,0
Jan,3.5,15,BANTEN,17,2,4
Jan,3.8,66,NTT,4,0,0
Jan,2.9,29,PAPUA,2,0,3
Jan,3.0,10,NTT,4,2,4
Jan,3.6,10,NTB,14,1,1
Jan,3.5,33,MALUT,5,0,3
Jan,2.0,10,SUMBAR,21,2,3
Jan,2.8,25,JABAR,13,0,3
Jan,3.6,10,MALUT,5,1,1
Jan,3.5,13,SULUT,3,2,4
Jan,3.1,10,PAPUABRT,20,2,4
Jan,5.0,30,SULUT,3,2,3
Jan,4.5,12,MALUKUBRTDAYA,15,1,1
Jan,4.0,10,JABAR,13,1,1
Jan,3.4,126,MALUT,5,0,0
Jan,3.5,30,SULUT,3,0,3
Jan,3.2,103,GORONTALO,7,0,0
Jan,3.1,28,NTB,14,0,3
Jan,4.5,10,MALUT,5,1,2
Jan,2.9,10,JABAR,13,2,4
Jan,2.9,10,NTT,4,2,4
Jan,2.9,10,JABAR,13,2,4
Jan,3.5,10,JABAR,13,1,1
Jan,3.4,15,ACEH,8,2,4
Jan,3.0,10,SULTENG,12,2,4
Jan,3.7,10,SULTENG,12,1,1
Jan,3.5,22,NTB,14,0,3
Jan,4.3,80,SULUT,3,0,0
Jan,3.0,10,MALUT,5,2,4
Jan,3.4,10,SULTENG,12,2,1
Jan,3.4,10,SULTENG,12,2,1
Jan,3.0,44,NTT,4,0,0
Jan,2.9,21,JABAR,13,0,3
Jan,3.5,34,LAMPUNG,10,0,3
Jan,2.4,10,SULBAR,11,2,4
Jan,3.5,23,SUMUT,9,0,3
Jan,4.1,10,PAPUABRT,20,1,1
Jan,4.8,45,SULUT,3,0,3
Jan,3.3,17,BALI,24,2,3
Jan,4.0,17,BENGKULU,28,2,4
Jan,3.1,29,NTT,4,0,3
Jan,3.2,52,BENGKULU,28,0,0
Jan,1.5,16,NTT,4,0,3
Jan,3.8,10,SULUT,3,1,1
Jan,3.7,86,PAPUA,2,0,0
Jan,4.0,37,NTT,4,0,3
Jan,4.4,10,PAPUA,2,1,2
Jan,5.3,10,SULUT,3,1,2
Jan,4.4,10,MALUKUTENGAH,16,1,2
Jan,3.3,22,PAPUA,2,0,3
Jan,2.8,10,SUMBAR,21,2,4
Jan,2.4,10,SUMBAR,21,2,4
Jan,3.2,17,MALUT,5,2,3
Jan,2.9,213,BALI,24,0,0
Jan,3.6,85,BENGKULUUTARA,35,0,0
Jan,3.1,10,ACEHBESAR,42,2,4
Jan,3.8,16,SUMUT,9,2,4
Jan,3.4,304,SULUT,3,0,0
Jan,4.2,10,JABAR,13,1,1
Jan,4.2,10,JABAR,13,1,1
Jan,4.2,10,JABAR,13,1,1
Jan,4.2,10,JABAR,13,1,1
Jan,3.6,10,MALUT,5,1,1
Jan,4.3,36,PAPUA,2,0,3
Jan,4.5,10,JATIM,26,1,2
Jan,2.8,10,SULTENG,12,2,4
Jan,3.7,10,PAPUA,2,1,1
Jan,2.9,101,SUMUT,9,0,0
Jan,3.6,20,MALUT,5,2,3
Jan,3.4,16,NTB,14,2,4
Jan,4.2,20,LAMPUNG,10,2,4
Jan,2.7,11,SUMBAR,21,2,4
Jan,4.5,70,PAPUABRT,20,0,0
Jan,3.7,14,PAPUABRT,20,2,4
Jan,4.0,128,SULUT,3,0,0
Jan,5.3,10,PAPUABRT,20,1,2
Jan,5.3,10,PAPUABRT,20,1,2
Jan,2.5,10,JATENG,30,2,4
Jan,5.1,24,SUMUT,9,2,4
Jan,5.2,14,SUMUT,9,1,1
Jan,3.8,10,JATIM,26,1,1
Jan,3.4,10,JABAR,13,2,1
Jan,2.9,33,GORONTALO,7,0,3
Jan,3.1,10,SULBAR,11,2,4
Jan,4.6,43,SULUT,3,0,3
Jan,4.1,87,SULUT,3,0,0
Jan,5.1,10,SULTENG,12,1,2
Jan,3.9,10,BENGKULU,28,1,1
Jan,2.9,155,NTT,4,0,0
Jan,2.9,10,SULSEL,6,2,4
Jan,4.4,76,SULUT,3,0,0
Jan,3.5,10,MALUT,5,1,1
Jan,3.8,11,SUMBAR,21,2,1
Jan,4.0,11,ACEHBARATDAYA,40,1,1
Jan,4.4,147,MALUKUTENGGARABRT,18,0,0
Jan,2.2,10,ACEH,8,2,4
Jan,3.9,476,SULSEL,6,0,0
Jan,2.9,23,JABAR,13,0,3
Jan,4.4,15,MALUKUTENGGARABRT,18,2,4
Jan,3.4,10,JAMBI,38,2,1
Jan,4.1,10,MALUKU,1,1,1
Jan,3.0,22,GORONTALO,7,0,3
Jan,2.9,13,NTT,4,2,4
Jan,4.0,10,MALUT,5,1,1
Jan,2.4,184,NTB,14,0,0
Jan,2.8,10,MALUT,5,2,4
Jan,3.3,10,PAPUA,2,2,1
Jan,3.2,243,MALUKU,1,0,0
Jan,3.0,150,MALUT,5,0,0
Jan,4.5,10,MALUKUTENGAH,16,1,2
Jan,3.8,10,MALUKU,1,1,1
Jan,4.3,156,MALUKUTENGAH,16,0,0
Jan,3.8,10,MALUKU,1,1,1
Jan,3.9,10,MALUKU,1,1,1
Jan,2.8,10,NTT,4,2,4
Jan,4.3,10,SULUT,3,1,2
Jan,3.3,13,NTT,4,2,4
Jan,3.6,10,NTT,4,1,1
Jan,3.3,13,NTT,4,2,4
Jan,3.7,15,NTT,4,2,4
Jan,2.6,22,NTB,14,0,3
Jan,3.4,13,PAPUABRT,20,2,4
Jan,2.9,10,NTB,14,2,4
Jan,2.6,10,SULTENG,12,2,4
Jan,4.0,10,SULTENG,12,1,1
Jan,4.0,78,GORONTALO,7,0,0
Jan,3.5,10,MALUT,5,1,1
Jan,3.9,13,MALUT,5,2,4
Jan,3.5,30,SULUT,3,0,3
Jan,3.0,10,PAPUA,2,2,4
Jan,3.3,10,JATENG,30,2,1
Jan,2.8,15,NTT,4,2,3
Jan,3.6,97,SULUT,3,0,0
Jan,3.9,27,MALUKUTENGGARABRT,18,0,3
Jan,3.1,10,MALUT,5,2,4
Jan,4.7,120,PAPUA,2,0,0
Jan,3.6,142,MALUKUBRTDAYA,15,0,0
Jan,2.1,10,SULTENG,12,2,4
Jan,2.6,10,SULSEL,6,2,4
Jan,3.4,10,PAPUABRT,20,2,1
Jan,2.2,29,SULSEL,6,0,0
Jan,3.6,13,ACEH,8,2,4
Jan,3.0,10,SULSEL,6,2,4
Jan,3.3,10,BENGKULU,28,2,1
Jan,2.7,10,MALUKUTENGAH,16,2,4
Jan,4.5,282,NTB,14,0,0
Jan,4.8,309,NTB,14,0,0
Jan,5.0,310,NTB,14,0,0
Jan,3.0,10,ACEH,8,2,4
Jan,3.5,45,MALUT,5,0,0
Jan,2.9,118,NTT,4,0,0
Jan,3.3,276,NTT,4,0,0
Jan,4.3,10,MALUT,5,1,2
Jan,3.2,188,MALUKUTENGAH,16,0,0
Jan,4.0,423,SULUT,3,0,0
Jan,4.8,10,SULUT,3,1,2
Jan,3.4,69,NTB,14,0,0
Jan,4.5,106,MALUKUBRTDAYA,15,0,0
Jan,3.7,10,SULUT,3,1,1
Jan,3.4,10,MALUT,5,2,1
Jan,3.4,96,GORONTALO,7,0,0
Jan,3.9,49,PAPUA,2,0,0
Jan,4.6,10,MALUT,5,1,2
Jan,3.6,10,JATIM,26,1,1
Jan,4.0,53,PAPUA,2,0,0
Jan,2.7,182,GORONTALO,7,0,0
Jan,3.3,32,PAPUA,2,0,3
Jan,3.4,130,BANTEN,17,0,0
Jan,3.3,21,PAPUA,2,0,3
Jan,3.2,155,SUMUT,9,0,0
Jan,3.2,123,NTB,14,0,0
Jan,4.4,404,NTT,4,0,0
Jan,4.3,10,SULTENG,12,1,2
Jan,5.5,148,PAPUA,2,0,0
Jan,5.9,74,BANTEN,17,0,0
Jan,3.7,10,PAPUABRT,20,1,1
Jan,2.4,13,NTT,4,2,3
Jan,3.0,20,SUMBAR,21,0,3
Jan,3.4,11,ACEH,8,2,4
Jan,3.3,10,PAPUA,2,2,1
Jan,2.4,10,SULBAR,11,2,4
Jan,2.1,10,NTT,4,2,4
Jan,3.2,10,NTT,4,2,4
Jan,3.0,10,SULBAR,11,2,4
Jan,2.1,10,JABAR,13,2,4
Jan,3.0,102,GORONTALO,7,0,0
Jan,5.1,37,NTT,4,0,3
Jan,5.0,37,NTT,4,0,3
Jan,3.6,15,BENGKULUSELATAN,39,2,4
Jan,3.8,26,JABAR,13,0,3
Jan,5.2,10,MALUKUTENGGARABRT,18,1,2
Jan,5.1,10,TANIMBAR,31,1,2
Jan,4.0,21,PAPUA,2,2,3
Jan,2.8,10,MALUKUTENGAH,16,2,4
Jan,2.8,10,SULTENG,12,2,4
Jan,2.6,11,NTB,14,2,4
Jan,3.0,10,PAPUA,2,2,4
Jan,2.9,26,ACEHSINGKIL,29,0,3
Jan,3.2,10,MALUKUTENGAH,16,2,4
Jan,2.7,35,NTT,4,0,0
Jan,4.3,26,SULUT,3,2,3
Jan,4.4,10,JABAR,13,1,2
Jan,2.8,23,MALUKU,1,0,3
Jan,2.6,10,NTT,4,2,4
Jan,5.5,46,SULUT,3,0,3
Jan,5.4,47,SULUT,3,0,3
Jan,3.7,97,MALUKU,1,0,0
Jan,4.8,23,NTB,14,2,4
Jan,2.8,10,SULTENG,12,2,4
Jan,3.1,10,NTB,14,2,4
Jan,3.5,10,PAPUA,2,1,1
Jan,3.2,10,ACEHTENGAH,41,2,4
Jan,3.4,32,MALUT,5,0,3
Jan,2.7,123,ACEHTENGAH,41,0,0
Jan,2.5,102,LAMPUNG,10,0,0
Jan,2.8,32,MALUKUTENGAH,16,0,3
Jan,2.8,10,SULTENG,12,2,4
Jan,2.3,10,SULTENG,12,2,4
Jan,4.1,10,PAPUA,2,1,1
Jan,3.8,168,JABAR,13,0,0
Jan,3.4,10,PAPUA,2,2,1
Jan,2.8,254,SULUT,3,0,0
Jan,3.1,10,SULTENG,12,2,4
Feb,4.0,16,ACEHBESAR,42,2,4
Feb,3.9,10,SULTENG,12,1,1
Feb,3.8,226,SULUT,3,0,0
Feb,3.3,23,NTB,14,0,3
Feb,4.1,10,JATENG,30,1,1
Feb,4.4,10,NTT,4,1,2
Feb,3.3,12,MALUKUTENGAH,16,2,4
Feb,4.7,37,SUMUT,9,0,3
Feb,3.6,10,DIY,19,1,1
Feb,2.7,10,SULTENG,12,2,4
Feb,3.6,10,PAPUABRT,20,1,1
Feb,2.4,124,JAMBI,38,0,0
Feb,2.9,25,JABAR,13,0,3
Feb,4.0,10,JABAR,13,1,1
Feb,3.1,11,BANTEN,17,2,4
Feb,2.7,10,GORONTALO,7,2,4
Feb,2.8,137,NTB,14,0,0
Feb,3.0,94,PAPUA,2,0,0
Feb,3.4,10,NTT,4,2,1
Feb,4.1,10,NTT,4,1,1
Feb,5.2,10,NTT,4,1,2
Feb,5.1,10,NTT,4,1,2
Feb,4.3,10,NTT,4,1,2
Feb,3.9,10,SULUT,3,1,1
Feb,3.6,10,MALUKU,1,1,1
Feb,4.3,10,BANTEN,17,1,2
Feb,3.8,201,MALUKUTENGGARABRT,18,0,0
Feb,4.4,20,SULUT,3,2,4
Feb,2.9,64,JABAR,13,0,0
Feb,5.4,119,MALUKUTENGGARA,22,0,0
Feb,3.0,162,NTB,14,0,0
Feb,3.0,10,SULTENG,12,2,4
Feb,3.2,29,DIY,19,0,3
Feb,2.7,12,DIY,19,2,4
Feb,3.0,10,SULTENG,12,2,4
Feb,2.5,10,SULTENG,12,2,4
Feb,3.2,38,JATENG,30,0,0
Feb,3.8,10,BANTEN,17,1,1
Feb,4.7,10,SULUT,3,1,2
Feb,2.9,17,ACEH,8,2,3
Feb,2.7,10,SUMBAR,21,2,4
Feb,2.6,104,SULTENG,12,0,0
Feb,2.4,102,SULTENG,12,0,0
Feb,3.6,10,ACEH,8,1,1
Feb,3.2,10,BANTEN,17,2,4
Feb,4.2,10,BANTEN,17,1,1
Feb,5.1,10,BANTEN,17,1,2
Feb,5.1,14,BANTEN,17,1,1
Feb,3.7,10,NTT,4,1,1
Feb,3.4,13,BANTEN,17,2,4
Feb,3.1,10,BANTEN,17,2,4
Feb,2.7,10,BANTEN,17,2,4
Feb,5.7,10,BANTEN,17,1,2
Feb,5.8,10,BANTEN,17,1,2
Feb,3.0,10,SULSEL,6,2,4
Feb,3.6,96,NTT,4,0,0
Feb,3.8,116,MALUT,5,0,0
Feb,4.2,24,PAPUA,2,2,3
Feb,3.5,10,PAPUABRT,20,1,1
Feb,3.8,25,ACEHJAYA,33,0,3
Feb,4.3,31,BENGKULU,28,0,3
Feb,2.7,174,NTT,4,0,0
Feb,5.2,11,PAPUA,2,1,2
Feb,2.8,10,SUMUT,9,2,4
Feb,2.6,10,ACEH,8,2,4
Feb,3.7,369,NTT,4,0,0
Feb,3.2,10,JATIM,26,2,4
Feb,3.8,81,NTB,14,0,0
Feb,2.9,10,SULBAR,11,2,4
Feb,3.0,149,SUMBAR,21,0,0
Feb,4.5,321,MALUKU,1,0,0
Feb,2.0,10,NTT,4,2,3
Feb,4.6,288,MALUKUBRTDAYA,15,0,0
Feb,3.6,156,JAMBI,38,0,0
Feb,3.7,10,NTT,4,1,1
Feb,4.2,10,ACEH,8,1,1
Feb,4.7,153,SULUT,3,0,0
Feb,4.3,300,NTB,14,0,0
Feb,5.3,10,SULUT,3,1,2
Feb,5.1,10,SULUT,3,1,2
Feb,4.4,10,MALUT,5,1,2
Feb,2.8,11,MALUKUTENGAH,16,2,4
Feb,3.6,28,NTB,14,0,3
Feb,4.0,10,SULUT,3,1,1
Feb,4.6,164,MALUKUTENGGARABRT,18,0,0
Feb,3.3,10,SULBAR,11,2,1
Feb,4.8,11,ACEH,8,1,2
Feb,4.1,252,GORONTALO,7,0,0
Feb,2.8,11,SULSEL,6,2,4
Feb,2.2,10,SULTRA,25,2,4
Feb,3.8,13,SUMBAR,21,2,4
Feb,5.6,26,SUMUT,9,2,4
Feb,5.7,25,SUMUT,9,2,4
Feb,2.4,23,NTB,14,0,3
Feb,3.1,10,SUMUT,9,2,4
Feb,3.1,10,SULUT,3,2,4
Feb,3.6,10,SULUT,3,1,1
Feb,2.5,10,BALI,24,2,4
Feb,3.2,10,NTT,4,2,4
Feb,4.1,10,SULTENG,12,1,1
Feb,2.9,74,NTT,4,0,0
Feb,3.4,35,MALUT,5,0,3
Feb,2.7,17,SULBAR,11,0,3
Feb,4.1,213,MALUKUTENGAH,16,0,0
Feb,3.4,10,SULTENG,12,2,1
Feb,4.9,10,SULUT,3,1,2
Feb,3.1,184,SULUT,3,0,0
Feb,3.2,31,NTT,4,0,3
Feb,3.0,28,JABAR,13,0,3
Feb,5.2,640,JATIM,26,0,0
Feb,5.2,640,JATIM,26,0,0
Feb,3.3,10,BALI,24,2,1
Feb,3.1,240,GORONTALO,7,0,0
Feb,3.1,10,SULTENG,12,2,4
Feb,2.9,10,SULTENG,12,2,4
Feb,5.3,28,PAPUA,2,2,3
Feb,2.4,10,SULSEL,6,2,4
Feb,3.4,10,ACEH,8,2,1
Feb,3.1,16,NTB,14,2,3
Feb,2.7,61,BENGKULU,28,0,0
Feb,3.5,28,PAPUA,2,0,3
Feb,4.6,123,SULUT,3,0,0
Feb,4.6,168,MALUKUBRTDAYA,15,0,0
Feb,3.2,10,SULTENG,12,2,4
Feb,3.9,170,SUMUT,9,0,0
Feb,3.1,10,DIY,19,2,4
Feb,3.6,10,DIY,19,1,1
Feb,3.5,107,JATIM,26,0,0
Feb,3.4,10,DIY,19,2,1
Feb,3.4,10,DIY,19,2,1
Feb,4.5,10,DIY,19,1,2
Feb,3.0,18,NTT,4,2,3
Feb,4.3,10,BALI,24,1,2
Feb,4.3,129,NTT,4,0,0
Feb,5.3,134,TANIMBAR,31,0,0
Feb,2.1,10,SULBAR,11,2,4
Feb,3.1,11,MALUT,5,2,4
Feb,4.0,27,BENGKULU,28,0,3
Feb,3.0,26,JATENG,30,0,3
Feb,4.5,132,SULUT,3,0,0
Feb,2.3,19,JABAR,13,0,3
Feb,2.0,24,JABAR,13,0,0
Feb,2.3,19,JABAR,13,0,3
Feb,3.8,10,SULUT,3,1,1
Feb,3.5,10,JABAR,13,1,1
Feb,2.8,10,ACEHSELATAN,27,2,4
Feb,4.0,25,MALUKUBRTDAYA,15,0,3
Feb,3.4,23,MALUT,5,0,3
Feb,4.8,23,SULUT,3,2,4
Feb,3.6,126,GORONTALO,7,0,0
Feb,4.9,112,JATIM,26,0,0
Feb,4.8,87,JATIM,26,0,0
Feb,3.2,118,GORONTALO,7,0,0
Feb,3.9,166,GORONTALO,7,0,0
Feb,4.0,17,MALUT,5,2,4
Feb,2.4,10,SULSEL,6,2,4
Feb,3.4,36,MALUKU,1,0,3
Feb,3.5,157,GORONTALO,7,0,0
Feb,4.1,10,JABAR,13,1,1
Feb,3.7,10,JABAR,13,1,1
Feb,4.4,10,SULTENG,12,1,2
Feb,2.8,19,SULTENG,12,0,3
Feb,2.2,17,NTB,14,0,3
Feb,3.3,10,MALUT,5,2,1
Feb,4.5,142,MALUKUBRTDAYA,15,0,0
Feb,3.4,10,JABAR,13,2,1
Feb,3.7,57,GORONTALO,7,0,0
Feb,3.8,25,NTB,14,0,3
Feb,2.6,62,JATENG,30,0,0
Feb,4.6,131,GORONTALO,7,0,0
Feb,4.8,101,SULUT,3,0,0
Feb,3.2,73,MALUT,5,0,0
Feb,3.8,10,MALUKU,1,1,1
Feb,2.7,71,SUMUT,9,0,0
Feb,3.2,10,SULTENG,12,2,4
Feb,2.6,10,SULTENG,12,2,4
Feb,4.3,138,MALUKUBRTDAYA,15,0,0
Feb,2.6,181,NTT,4,0,0
Feb,2.6,33,NTB,14,0,0
Feb,3.1,21,NTB,14,0,3
Feb,3.2,13,NTB,14,2,4
Feb,3.9,21,SULUT,3,2,3
Feb,4.8,10,KALSEL,36,1,2
Feb,5.1,12,SULUT,3,1,2
Feb,5.1,12,SULUT,3,1,2
Feb,1.4,109,JABAR,13,0,0
Feb,5.7,179,MALUKUTENGGARABRT,18,0,0
Feb,5.3,179,TANIMBAR,31,0,0
Feb,3.7,12,LAMPUNG,10,2,4
Feb,3.0,10,SULTENG,12,2,4
Feb,2.9,27,ACEHSINGKIL,29,0,3
Feb,2.8,85,NTT,4,0,0
Feb,4.5,10,SULUT,3,1,2
Feb,2.9,18,SUMUT,9,0,3
Feb,4.3,71,MALUKUTENGGARABRT,18,0,0
Feb,2.8,10,SULTENG,12,2,4
Feb,3.7,10,MALUT,5,1,1
Feb,3.0,12,JABAR,13,2,4
Feb,3.6,24,JABAR,13,0,3
Feb,2.7,13,SULSEL,6,2,3
Feb,2.4,10,NTT,4,2,4
Feb,2.3,12,PAPUABRT,20,2,3
Feb,4.0,63,NTB,14,0,0
Feb,2.4,10,SUMBAR,21,2,4
Feb,3.2,113,GORONTALO,7,0,0
Feb,3.6,25,MALUT,5,0,3
Feb,4.7,118,SULUT,3,0,0
Feb,4.2,10,PAPUA,2,1,1
Feb,5.3,41,SULUT,3,0,3
Feb,2.4,10,NTB,14,2,4
Feb,5.2,10,PAPUA,2,1,2
Feb,3.2,57,JATIM,26,0,0
Feb,3.2,27,SULUT,3,0,3
Feb,3.0,40,BALI,24,0,0
Feb,2.9,24,NTT,4,0,3
Feb,2.5,10,NTT,4,2,4
Feb,5.1,211,MALUKUTENGAH,16,0,0
Feb,3.5,10,MALUKU,1,1,1
Feb,3.5,13,MALUT,5,2,4
Feb,3.5,10,SULUT,3,1,1
Feb,4.7,10,SULUT,3,1,2
Feb,3.7,11,MALUKU,1,2,1
Feb,3.9,10,MALUKU,1,1,1
Feb,4.7,10,SULUT,3,1,2
Feb,5.3,18,MALUKU,1,2,4
Feb,5.3,18,MALUKU,1,2,4
Feb,4.5,17,JABAR,13,2,4
Feb,3.1,232,GORONTALO,7,0,0
Feb,3.5,110,NTB,14,0,0
Feb,3.5,47,GORONTALO,7,0,0
Feb,3.4,34,ACEHBARAT,23,0,3
Feb,4.2,170,SUMUT,9,0,0
Feb,4.1,153,SULUT,3,0,0
Feb,2.9,72,SULUT,3,0,0
Feb,4.3,117,MALUKUTENGGARA,22,0,0
Feb,1.9,48,PAPUA,2,0,0
Feb,3.1,14,NTB,14,2,4
Feb,3.5,10,BANTEN,17,1,1
Feb,5.3,10,SULUT,3,1,2
Feb,5.2,10,SULUT,3,1,2
Feb,3.0,10,SULSEL,6,2,4
Feb,3.3,13,SULBAR,11,2,4
Feb,3.9,64,MALUKU,1,0,0
Feb,4.2,10,SULUT,3,1,1
Feb,4.8,13,SULUT,3,1,1
Feb,2.7,10,JABAR,13,2,4
Feb,2.6,10,NTT,4,2,4
Feb,3.4,106,MALUT,5,0,0
Feb,3.3,86,SULUT,3,0,0
Feb,2.0,57,ACEH,8,0,0
Feb,2.9,21,NTT,4,0,3
Feb,2.8,22,SUMUT,9,0,3
Feb,2.6,28,BANTEN,17,0,3
Feb,3.6,179,NTB,14,0,0
Feb,3.2,180,SULUT,3,0,0
Feb,5.2,54,SULUT,3,0,3
Feb,3.1,10,PAPUA,2,2,4
Feb,2.7,94,NTT,4,0,0
Feb,2.8,25,NTB,14,0,3
Feb,3.8,18,SULUT,3,2,4
Feb,2.8,110,NTB,14,0,0
Feb,5.2,15,SUMBAR,21,2,1
Feb,3.6,10,SULUT,3,1,1
Feb,2.9,10,JABAR,13,2,4
Feb,5.7,18,SUMBAR,21,2,4
Feb,5.7,16,SUMBAR,21,1,1
Feb,3.8,10,NTT,4,1,1
Feb,4.5,74,ACEH,8,0,0
Feb,2.3,10,JATIM,26,2,4
Feb,2.9,10,SULTENG,12,2,4
Feb,3.2,20,SUMBAR,21,0,3
Feb,3.2,10,JABAR,13,2,4
Feb,3.4,10,BALI,24,2,1
Feb,2.6,21,JABAR,13,0,3
Feb,2.3,10,JABAR,13,2,4
Feb,3.9,60,NTT,4,0,0
Feb,1.9,24,NTT,4,0,0
Feb,4.7,106,SUMUT,9,0,0
Feb,4.3,584,NTT,4,0,0
Feb,2.9,10,PAPUA,2,2,4
Feb,4.3,584,NTT,4,0,0
Feb,2.9,10,PAPUA,2,2,4
Feb,3.8,10,NTT,4,1,1
Feb,3.6,10,JATIM,26,1,1
Feb,2.9,10,MALUKUTENGAH,16,2,4
Feb,3.7,17,SUMUT,9,2,4
Feb,4.8,163,MALUKUBRTDAYA,15,0,0
Feb,3.9,10,PAPUABRT,20,1,1
Feb,3.1,13,NTB,14,2,4
Feb,3.8,20,SULUT,3,2,3
Feb,3.6,23,NTB,14,0,3
Feb,2.9,153,NTT,4,0,0
Feb,4.8,10,SULUT,3,1,2
Feb,2.2,26,JATENG,30,0,0
Feb,3.3,17,PAPUA,2,2,3
Feb,4.5,10,SULUT,3,1,2
Feb,4.6,10,ACEHJAYA,33,1,2
Feb,3.4,18,BANTEN,17,2,3
Feb,3.1,10,BANTEN,17,2,4
Feb,2.5,10,SUMBAR,21,2,4
Feb,3.8,140,MALUKUBRTDAYA,15,0,0
Feb,3.9,10,NTB,14,1,1
Feb,3.6,10,MALUKU,1,1,1
Feb,3.5,29,SULTENG,12,0,3
Feb,5.3,10,MALUT,5,1,2
Feb,5.2,10,MALUT,5,1,2
Feb,3.3,10,BANTEN,17,2,1
Feb,3.2,11,ACEHSELATAN,27,2,4
Feb,3.8,10,PAPUA,2,1,1
Feb,3.3,10,JABAR,13,2,1
Feb,3.9,10,PAPUABRT,20,1,1
Feb,2.7,151,GORONTALO,7,0,0
Feb,3.7,16,LAMPUNG,10,2,4
Feb,3.3,134,GORONTALO,7,0,0
Feb,3.3,32,MALUT,5,0,3
Feb,4.1,181,MALUT,5,0,0
Feb,4.7,10,SULUT,3,1,2
Feb,3.6,10,MALUT,5,1,1
Feb,2.7,10,ACEH,8,2,4
Feb,2.0,10,SULTENG,12,2,3
Feb,2.6,11,NTT,4,2,4
Feb,2.5,10,PAPUABRT,20,2,4
Feb,3.1,10,NTB,14,2,4
Feb,3.2,10,JABAR,13,2,4
Feb,4.6,43,PAPUA,2,0,3
Feb,2.8,23,MALUKUTENGAH,16,0,3
Feb,3.1,39,NTT,4,0,0
Feb,5.1,115,SULUT,3,0,0
Feb,3.1,39,NTT,4,0,0
Feb,3.6,35,SULTENG,12,0,3
Feb,2.9,10,MALUT,5,2,4
Feb,3.1,10,SUMBAR,21,2,4
Feb,3.5,102,SULUT,3,0,0
Feb,4.5,75,SULUT,3,0,0
Feb,3.7,220,MALUT,5,0,0
Feb,3.5,10,SULTENG,12,1,1
Feb,3.6,12,NTT,4,2,4
Feb,3.2,112,NTT,4,0,0
Feb,2.8,10,SULSEL,6,2,4
Mar,4.0,10,JATIM,26,1,1
Mar,4.1,10,JATIM,26,1,1
Mar,3.9,12,JATIM,26,2,1
Mar,4.6,313,SULUT,3,0,0
Mar,4.1,446,SULUT,3,0,0
Mar,3.6,10,JATIM,26,1,1
Mar,3.9,15,PAPUA,2,2,4
Mar,3.3,10,NTT,4,2,1
Mar,4.3,11,NTB,14,1,1
Mar,3.9,186,GORONTALO,7,0,0
Mar,3.8,10,JATIM,26,1,1
Mar,3.3,34,SULUT,3,0,3
Mar,2.6,10,SULTENG,12,2,4
Mar,3.3,10,JATIM,26,2,1
Mar,3.8,23,BANTEN,17,2,3
Mar,4.5,10,MALUT,5,1,2
Mar,4.4,10,MALUT,5,1,2
Mar,2.4,10,SULTENG,12,2,4
Mar,2.7,82,GORONTALO,7,0,0
Mar,3.7,12,PAPUA,2,2,4
Mar,3.0,10,NTT,4,2,4
Mar,4.0,10,NTT,4,1,1
Mar,4.3,10,ACEH,8,1,2
Mar,4.4,10,SULUT,3,1,2
Mar,3.0,21,JABAR,13,0,3
Mar,3.0,156,GORONTALO,7,0,0
Mar,4.5,184,MALUKUBRTDAYA,15,0,0
Mar,4.4,197,MALUKUTENGGARABRT,18,0,0
Mar,1.9,20,PAPUABRT,20,0,3
Mar,4.0,20,PAPUA,2,2,3
Mar,3.3,19,JATENG,30,2,3
Mar,3.4,27,BANTEN,17,0,3
Mar,4.1,10,JATIM,26,1,1
Mar,5.3,59,PAPUA,2,0,3
Mar,3.2,165,NTT,4,0,0
Mar,4.4,10,MALUT,5,1,2
Mar,2.9,10,JABAR,13,2,4
Mar,3.1,11,NTT,4,2,4
Mar,3.9,97,JATIM,26,0,0
Mar,2.8,10,SULBAR,11,2,4
Mar,3.8,10,JATIM,26,1,1
Mar,4.6,128,SULUT,3,0,0
Mar,4.1,10,JATIM,26,1,1
Mar,3.2,29,BANTEN,17,0,3
Mar,3.1,547,SULSEL,6,0,0
Mar,5.3,10,BENGKULU,28,1,2
Mar,3.8,48,BENGKULUUTARA,35,0,0
Mar,4.2,10,JATIM,26,1,1
Mar,4.1,13,JATIM,26,2,4
Mar,3.9,10,JATIM,26,1,1
Mar,2.9,10,SULTENG,12,2,4
Mar,3.9,10,SULUT,3,1,1
Mar,3.8,10,SULTENG,12,1,1
Mar,4.5,10,JATIM,26,1,2
Mar,3.7,10,JATIM,26,1,1
Mar,3.2,10,NTT,4,2,4
Mar,3.1,10,SULTENG,12,2,4
Mar,3.9,10,SULUT,3,1,1
Mar,3.4,10,PAPUABRT,20,2,1
Mar,4.0,108,NTB,14,0,0
Mar,3.5,10,JATIM,26,1,1
Mar,3.6,10,JATIM,26,1,1
Mar,4.4,10,SULUT,3,1,2
Mar,4.1,25,NTT,4,0,3
Mar,5.6,27,BENGKULUSELATAN,39,2,3
Mar,5.8,27,BENGKULUSELATAN,39,2,4
Mar,4.5,10,JATIM,26,1,2
Mar,3.5,10,MALUT,5,1,1
Mar,4.0,10,JATIM,26,1,1
Mar,3.6,10,JATIM,26,1,1
Mar,4.2,10,BANTEN,17,1,1
Mar,4.1,6,JATIM,26,1,2
Mar,4.2,10,JATIM,26,1,1
Mar,3.3,10,JATIM,26,2,1
Mar,3.2,77,GORONTALO,7,0,0
Mar,4.9,20,BENGKULU,28,2,4
Mar,3.5,10,MALUKUTENGAH,16,1,1
Mar,3.6,78,GORONTALO,7,0,0
Mar,4.5,13,JATIM,26,2,1
Mar,4.4,10,JATIM,26,1,2
Mar,4.3,541,SULUT,3,0,0
Mar,3.7,10,MALUT,5,1,1
Mar,4.1,10,JATIM,26,1,1
Mar,2.7,298,PAPUABRT,20,0,0
Mar,4.0,10,JATIM,26,1,1
Mar,4.1,10,JATIM,26,1,1
Mar,3.6,10,JATIM,26,1,1
Mar,2.4,10,SUMBAR,21,2,4
Mar,3.5,81,JATIM,26,0,0
Mar,3.7,10,JATIM,26,1,1
Mar,3.3,10,JATIM,26,2,1
Mar,2.6,65,SULTENG,12,0,0
Mar,3.3,10,JATIM,26,2,1
Mar,3.7,10,JATIM,26,1,1
Mar,2.4,10,SULSEL,6,2,4
Mar,3.3,14,JATIM,26,2,4
Mar,4.1,10,JATIM,26,1,1
Mar,3.6,10,JATIM,26,1,1
Mar,3.7,10,JATIM,26,1,1
Mar,3.1,25,NTT,4,0,3
Mar,3.3,10,JATIM,26,2,1
Mar,4.5,10,JATIM,26,1,2
Mar,6.1,10,JATIM,26,1,2
Mar,6.0,10,JATIM,26,1,2
Mar,3.4,10,BANTEN,17,2,1
Mar,4.4,10,PAPUA,2,1,2
Mar,2.6,10,SULSEL,6,2,4
Mar,4.2,35,SULUT,3,0,3
Mar,3.3,221,MALUT,5,0,0
Mar,3.6,10,SUMBAR,21,1,1
Mar,4.1,17,ACEHJAYA,33,2,4
Mar,3.4,10,SULSEL,6,2,1
Mar,5.4,10,PAPUA,2,1,2
Mar,5.4,10,PAPUA,2,1,2
Mar,3.3,10,MALUT,5,2,1
Mar,2.8,29,SUMBAR,21,0,3
Mar,2.0,53,GORONTALO,7,0,0
Mar,3.4,26,BENGKULU,28,0,3
Mar,3.8,19,SUMUT,9,2,3
Mar,2.5,25,GORONTALO,7,0,3
Mar,4.8,152,MALUKUBRTDAYA,15,0,0
Mar,3.2,10,SULTENG,12,2,4
Mar,4.6,170,MALUKUBRTDAYA,15,0,0
Mar,5.3,21,SUMBAR,21,2,4
Mar,5.3,21,SUMBAR,21,2,4
Mar,3.0,10,SULTENG,12,2,4
Mar,2.5,19,PAPUA,2,0,3
Mar,3.1,112,SUMUT,9,0,0
Mar,2.5,10,SULSEL,6,2,4
Mar,3.9,65,BALI,24,0,0
Mar,3.4,20,BENGKULU,28,2,3
Mar,2.7,22,JABAR,13,0,3
Mar,3.7,10,PAPUA,2,1,1
Mar,4.7,58,MALUKUTENGGARABRT,18,0,0
Mar,3.6,25,NTT,4,0,3
Mar,3.0,39,BENGKULUSELATAN,39,0,0
Mar,4.8,153,MALUKUBRTDAYA,15,0,0
Mar,4.9,14,MALUT,5,1,1
Mar,4.0,30,BENGKULU,28,0,3
Mar,3.8,13,NTT,4,2,4
Mar,3.6,12,NTT,4,2,4
Mar,3.3,10,NTB,14,2,1
Mar,3.5,163,NTT,4,0,0
Mar,2.7,145,GORONTALO,7,0,0
Mar,2.9,148,GORONTALO,7,0,0
Mar,3.0,108,NTB,14,0,0
Mar,1.9,10,NTB,14,2,3
Mar,4.8,105,SULUT,3,0,0
Mar,5.1,107,SULUT,3,0,0
Mar,4.8,25,SULUT,3,2,3
Mar,3.7,13,PAPUA,2,2,4
Mar,4.5,10,JATIM,26,1,2
Mar,4.2,26,NTT,4,0,3
Mar,4.4,10,SULUT,3,1,2
Mar,3.8,10,SUMBAR,21,1,1
Mar,2.8,10,SULSEL,6,2,4
Mar,4.1,10,MALUKUTENGAH,16,1,1
Mar,3.3,10,SULTENG,12,2,1
Mar,3.5,10,SULTENG,12,1,1
Mar,3.1,19,JABAR,13,0,3
Mar,2.5,11,ACEH,8,2,4
Mar,2.7,10,SULSEL,6,2,4
Mar,3.6,10,SULTENG,12,1,1
Mar,4.6,15,SULUT,3,2,4
Mar,4.0,16,SUMUT,9,2,4
Mar,3.6,10,MALUKU,1,1,1
Mar,3.6,35,SULUT,3,0,3
Mar,3.1,10,JABAR,13,2,4
Mar,4.2,154,SULUT,3,0,0
Mar,3.2,50,NTT,4,0,0
Mar,2.7,109,NTB,14,0,0
Mar,3.3,10,MALUT,5,2,1
Mar,2.6,21,NTT,4,0,3
Mar,4.4,10,JATIM,26,1,2
Mar,4.1,421,MALUKU,1,0,0
Mar,4.6,10,MALUT,5,1,2
Mar,2.9,157,NTB,14,0,0
Mar,3.8,13,PAPUABRT,20,2,4
Mar,3.9,14,NTT,4,2,4
Mar,3.5,10,MALUKU,1,1,1
Mar,5.3,54,MALUKU,1,0,3
Mar,5.4,10,MALUKU,1,1,2
Mar,2.3,77,GORONTALO,7,0,0
Mar,2.3,10,SULTENG,12,2,4
Mar,4.9,37,SULUT,3,0,3
Mar,2.4,10,JABAR,13,2,4
Mar,2.0,53,NTT,4,0,0
Mar,1.6,10,SULTRA,25,0,3
Mar,2.5,13,NTT,4,2,3
Mar,2.0,23,NTT,4,0,3
Mar,3.7,12,PAPUA,2,2,4
Mar,4.4,100,SULUT,3,0,0
Mar,1.8,10,NTT,4,2,3
Mar,3.1,24,SULUT,3,0,3
Mar,2.7,10,NTB,14,2,4
Mar,3.6,23,BENGKULUSELATAN,39,0,3
Mar,2.0,18,NTB,14,0,3
Mar,4.4,10,SULUT,3,1,2
Mar,2.7,74,JATIM,26,0,0
Mar,3.4,159,NTT,4,0,0
Mar,2.7,10,SULTENG,12,2,4
Mar,3.8,48,BENGKULUUTARA,35,0,0
Mar,3.1,23,SULTENG,12,0,3
Mar,3.5,17,SULSEL,6,2,3
Mar,2.6,40,GORONTALO,7,0,0
Mar,3.2,10,JATIM,26,2,4
Mar,2.6,65,MALUT,5,0,0
Mar,2.7,177,NTT,4,0,0
Mar,2.9,10,SULTENG,12,2,4
Mar,3.5,180,MALUKUTENGGARABRT,18,0,0
Mar,4.4,34,MALUT,5,0,3
Mar,4.0,10,SULUT,3,1,1
Mar,4.6,75,SULUT,3,0,0
Mar,4.5,122,MALUT,5,0,0
Mar,3.6,10,NTT,4,1,1
Mar,3.6,10,SULTENG,12,1,1
Mar,5.0,166,SULUT,3,0,0
Mar,5.2,170,SULUT,3,0,0
Mar,3.1,10,SULTENG,12,2,4
Mar,2.5,10,SULTENG,12,2,4
Mar,3.4,10,DIY,19,2,1
Mar,3.9,27,SULUT,3,0,3
Mar,4.0,10,DIY,19,1,1
Mar,3.9,555,NTT,4,0,0
Mar,3.6,10,PAPUABRT,20,1,1
Mar,4.2,137,PAPUABRT,20,0,0
Mar,4.7,10,SUMUT,9,1,2
Mar,3.3,195,MALUKUTENGAH,16,0,0
Mar,2.6,142,NTB,14,0,0
Mar,3.1,10,SULTENG,12,2,4
Mar,3.1,10,SULBAR,11,2,4
Mar,3.2,10,SUMUT,9,2,4
Mar,4.2,10,SULUT,3,1,1
Mar,4.0,10,ACEH,8,1,1
Mar,3.9,10,PAPUA,2,1,1
Mar,5.6,78,SULUT,3,0,0
Mar,5.3,10,PAPUAPGNGN,34,1,2
Mar,5.4,10,PAPUA,2,1,2
Mar,4.6,457,GORONTALO,7,0,0
Mar,2.6,55,NTT,4,0,0
Apr,4.6,12,SULUT,3,1,1
Apr,2.3,10,SULTENG,12,2,4
Apr,2.7,10,SULSEL,6,2,4
Apr,4.5,23,SUMUT,9,2,3
Apr,5.1,10,PAPUA,2,1,2
Apr,4.0,10,NTB,14,1,1
Apr,4.5,195,MALUKUTENGGARABRT,18,0,0
Apr,4.4,10,MALUT,5,1,2
Apr,3.8,30,SUMUT,9,0,3
Apr,3.7,10,JABAR,13,1,1
Apr,4.3,10,MALUKU,1,1,2
Apr,3.8,27,BANTEN,17,0,3
Apr,3.0,10,PAPUABRT,20,2,4
Apr,2.9,10,SUMBAR,21,2,4
Apr,3.3,14,PAPUABRT,20,2,4
Apr,3.4,10,PAPUABRT,20,2,1
Apr,3.4,10,SULSEL,6,2,1
Apr,2.9,10,SULSEL,6,2,4
Apr,3.3,32,SUMBAR,21,0,3
Apr,3.2,248,GORONTALO,7,0,0
Apr,4.3,34,SULUT,3,0,3
Apr,2.8,214,GORONTALO,7,0,0
Apr,3.6,10,PAPUABRT,20,1,1
Apr,3.5,14,JABAR,13,2,4
Apr,3.2,39,SULUT,3,0,0
Apr,3.5,33,GORONTALO,7,0,3
Apr,3.5,22,ACEH,8,0,3
Apr,4.7,74,SULUT,3,0,0
Apr,6.5,10,JABAR,13,1,2
Apr,6.6,10,JABAR,13,1,2
Apr,3.9,10,JATIM,26,1,1
Apr,2.9,5,JABAR,13,1,2
Apr,4.9,159,MALUKUTENGGARABRT,18,0,0
Apr,5.2,179,TANIMBAR,31,0,0
Apr,4.8,10,BANTEN,17,1,2
Apr,4.2,10,SULTENG,12,1,1
Apr,3.5,11,SULUT,3,2,4
Apr,3.3,299,JABAR,13,0,0
Apr,3.6,388,NTT,4,0,0
Apr,3.9,71,PAPUA,2,0,0
Apr,3.9,10,ACEHJAYA,33,1,1
Apr,2.8,113,JABAR,13,0,0
Apr,3.0,45,NTT,4,0,0
Apr,3.6,16,MALUKUTENGAH,16,2,4
Apr,3.7,36,GORONTALO,7,0,3
Apr,4.8,10,GORONTALO,7,1,2
Apr,4.8,10,BALI,24,1,2
Apr,5.0,10,BALI,24,1,2
Apr,3.4,90,BENGKULU,28,0,0
Apr,3.6,13,NTT,4,2,4
Apr,3.9,522,NTT,4,0,0
Apr,3.3,57,NTT,4,0,0
Apr,3.8,30,SULUT,3,0,3
Apr,3.2,10,PAPUA,2,2,4
Apr,3.1,259,GORONTALO,7,0,0
Apr,3.2,112,NTT,4,0,0
Apr,4.1,10,SULSEL,6,1,1
Apr,3.3,10,PAPUABRT,20,2,1
Apr,3.0,42,NTT,4,0,0
Apr,3.5,207,JAMBI,38,0,0
Apr,3.9,10,MALUKU,1,1,1
Apr,4.9,10,JABAR,13,1,2
Apr,4.7,10,MALUKU,1,1,2
Apr,3.1,52,NTT,4,0,0
Apr,4.7,235,ACEH,8,0,0
Apr,4.7,21,SUMBAR,21,2,4
Apr,4.9,10,SULUT,3,1,2
Apr,3.7,58,NTT,4,0,0
Apr,3.9,12,LAMPUNG,10,2,1
Apr,4.2,476,SULUT,3,0,0
Apr,3.4,11,NTB,14,2,4
Apr,3.8,10,JABAR,13,1,1
Apr,3.0,10,SULTENG,12,2,4
Apr,3.3,23,ACEHBARATDAYA,40,0,3
Apr,5.1,156,GORONTALO,7,0,0
Apr,5.3,156,GORONTALO,7,0,0
Apr,3.7,10,SULUT,3,1,1
Apr,3.3,127,JABAR,13,0,0
Apr,4.2,74,SULUT,3,0,0
Apr,4.1,37,SUMUT,9,0,3
Apr,3.9,10,PAPUA,2,1,1
Apr,4.3,10,PAPUA,2,1,2
Apr,4.1,11,MALUT,5,1,1
Apr,3.5,10,SULTENG,12,1,1
Apr,3.7,10,MALUKU,1,1,1
Apr,4.2,390,MALUKUBRTDAYA,15,0,0
Apr,3.2,103,NTB,14,0,0
Apr,3.3,10,MALUT,5,2,1
Apr,4.3,114,MALUKUBRTDAYA,15,0,0
Apr,4.2,10,SULTENG,12,1,1
Apr,3.7,311,NTB,14,0,0
Apr,4.0,33,SUMUT,9,0,3
Apr,3.3,10,SULSEL,6,2,1
Apr,3.6,13,PAPUABRT,20,2,4
Apr,3.5,97,NTB,14,0,0
Apr,5.1,10,JATIM,26,1,2
Apr,2.8,10,DIY,19,2,4
Apr,3.3,10,JATIM,26,2,1
Apr,3.5,10,SULSEL,6,1,1
Apr,4.9,120,MALUKUTENGGARABRT,18,0,0
Apr,5.0,10,TANIMBAR,31,1,2
Apr,4.7,11,MALUT,5,1,2
Apr,2.8,10,SULBAR,11,2,4
Apr,4.9,52,JATENG,30,0,3
Apr,2.3,10,SULTENG,12,2,4
Apr,3.3,11,SUMBAR,21,2,4
Apr,3.9,10,JATENG,30,1,1
Apr,3.7,65,SULTENG,12,0,0
Apr,2.7,18,NTT,4,0,3
Apr,3.1,10,MALUT,5,2,4
Apr,4.3,612,SULUT,3,0,0
Apr,4.0,322,MALUKU,1,0,0
Apr,3.6,30,BALI,24,0,3
Apr,3.5,14,ACEH,8,2,4
Apr,3.6,11,NTB,14,2,1
Apr,3.2,26,SUMBAR,21,0,3
Apr,2.8,19,SULUT,3,0,3
Apr,3.1,161,GORONTALO,7,0,0
Apr,2.8,101,SULUT,3,0,0
Apr,3.2,272,MALUT,5,0,0
Apr,3.1,10,NTB,14,2,4
Apr,4.5,52,SULUT,3,0,3
Apr,4.2,10,JATIM,26,1,1
Apr,4.4,10,SUMBAR,21,1,2
Apr,3.3,10,SULTENG,12,2,1
Apr,2.7,28,NTT,4,0,3
Apr,3.4,10,SULBAR,11,2,1
Apr,4.4,208,SULUT,3,0,0
Apr,3.0,10,JATIM,26,2,4
Apr,3.6,10,SULTRA,25,1,1
Apr,4.1,280,SULUT,3,0,0
Apr,2.3,10,SULTENG,12,2,4
Apr,3.2,10,MALUKUTENGAH,16,2,4
Apr,2.5,22,NTT,4,0,3
Apr,3.0,10,NTT,4,2,4
Apr,3.5,85,GORONTALO,7,0,0
Apr,3.4,37,SULUT,3,0,3
Apr,3.1,10,SUMUT,9,2,4
Apr,3.3,10,SULTRA,25,2,1
Apr,4.8,10,BANTEN,17,1,2
Apr,4.8,507,NTT,4,0,0
Apr,5.0,521,NTT,4,0,0
Apr,3.1,107,BALI,24,0,0
Apr,4.0,10,PAPUABRT,20,1,1
Apr,3.1,111,GORONTALO,7,0,0
Apr,4.2,10,MALUKUBRTDAYA,15,1,1
Apr,3.5,10,JATIM,26,1,1
Apr,4.4,490,SULUT,3,0,0
Apr,3.2,91,BENGKULU,28,0,0
Apr,5.0,10,MALUT,5,1,2
Apr,5.0,10,MALUT,5,1,2
Apr,3.5,10,MALUT,5,1,1
Apr,4.3,10,SULUT,3,1,2
Apr,3.6,29,NTT,4,0,3
Apr,3.3,10,NTB,14,2,1
Apr,3.6,247,NTT,4,0,0
Apr,4.7,51,SULUT,3,0,3
Apr,3.5,22,PAPUA,2,0,3
Apr,4.9,10,MALUT,5,1,2
Apr,3.6,63,DIY,19,0,0
Apr,3.4,10,JATIM,26,2,1
Apr,3.2,11,MALUKUTENGAH,16,2,4
Apr,3.5,10,MALUKUTENGAH,16,1,1
Apr,3.7,10,MALUKUTENGAH,16,1,1
Apr,3.0,10,MALUKUTENGAH,16,2,4
Apr,4.1,11,MALUKUTENGAH,16,1,1
Apr,3.9,10,JABAR,13,1,1
Apr,3.2,10,MALUT,5,2,4
Apr,2.3,11,NTT,4,2,4
Apr,4.3,10,JABAR,13,1,2
Apr,1.7,69,NTT,4,0,0
Apr,2.2,20,SULBAR,11,0,3
Apr,2.9,102,BALI,24,0,0
Apr,2.7,25,PAPUA,2,0,3
Apr,2.4,10,SUMBAR,21,2,4
Apr,4.7,13,SULUT,3,1,1
Apr,3.3,10,MALUKUTENGAH,16,2,1
Apr,3.5,10,MALUKUTENGAH,16,1,1
Apr,3.1,14,MALUT,5,2,4
Apr,3.9,15,MALUKUTENGAH,16,2,4
Apr,3.6,10,JATIM,26,1,1
Apr,2.8,146,GORONTALO,7,0,0
Apr,2.8,10,MALUKUTENGAH,16,2,4
Apr,4.8,10,MALUKUTENGAH,16,1,2
Apr,3.0,10,BALI,24,2,4
Apr,4.4,10,MALUT,5,1,2
Apr,1.7,21,NTT,4,0,0
Apr,3.9,24,SULUT,3,0,3
Apr,3.2,30,ACEHSINGKIL,29,0,3
Apr,4.6,34,SULUT,3,0,3
Apr,3.2,10,SULUT,3,2,4
Apr,3.2,10,PAPUABRT,20,2,4
Apr,3.5,10,JABAR,13,1,1
Apr,3.6,25,ACEHBARATDAYA,40,0,3
Apr,3.4,44,NTT,4,0,0
Apr,3.3,10,MALUT,5,2,1
Apr,3.0,151,SUMUT,9,0,0
Apr,3.0,151,SUMUT,9,0,0
Apr,3.5,90,NTT,4,0,0
Apr,3.6,10,SULUT,3,1,1
Apr,2.9,10,PAPUABRT,20,2,4
Apr,3.9,13,SULUT,3,2,4
Apr,2.5,10,MALUT,5,2,4
Apr,3.6,10,PAPUABRT,20,1,1
Apr,2.6,18,NTT,4,0,3
Apr,2.4,10,SULTENG,12,2,4
Apr,2.5,17,NTB,14,0,3
Apr,3.1,14,PAPUABRT,20,2,4
Apr,3.7,10,SULSEL,6,1,1
Apr,3.6,33,PAPUABRT,20,0,3
Apr,4.0,10,PAPUABRT,20,1,1
Apr,3.2,15,NTB,14,2,4
Apr,3.3,10,JATIM,26,2,1
Apr,2.7,10,MALUKUTENGAH,16,2,4
Apr,4.6,13,MALUKUTENGAH,16,1,1
Apr,2.3,10,SULTENG,12,2,4
Apr,4.0,10,SULUT,3,1,1
Apr,2.2,10,NTT,4,2,4
Apr,2.2,10,PAPUABRT,20,2,4
Apr,3.6,10,MALUT,5,1,1
Apr,3.1,11,SULUT,3,2,4
Apr,3.9,10,NTB,14,1,1
Apr,2.7,10,MALUKUTENGAH,16,2,4
Apr,3.9,10,PAPUABRT,20,1,1
Apr,3.6,91,NTB,14,0,0
Apr,4.4,13,PAPUABRT,20,2,1
Apr,3.5,10,PAPUABRT,20,1,1
Apr,3.7,10,SULUT,3,1,1
Apr,3.9,10,JATIM,26,1,1
Apr,3.7,10,MALUT,5,1,1
Apr,6.5,10,MALUT,5,1,2
Apr,6.5,10,MALUT,5,1,2
Apr,4.9,10,PAPUABRT,20,1,2
Apr,3.0,10,SULTENG,12,2,4
Apr,4.2,10,PAPUABRT,20,1,1
Apr,3.7,10,PAPUABRT,20,1,1
Apr,3.6,10,SUMUT,9,1,1
Apr,4.7,25,BENGKULU,28,2,3
Apr,2.7,10,PAPUABRT,20,2,4
Apr,3.8,10,PAPUABRT,20,1,1
Apr,6.1,10,PAPUABRT,20,1,2
Apr,6.1,10,PAPUABRT,20,1,2
Apr,3.1,12,SULUT,3,2,4
Apr,3.8,156,SUMSEL,43,0,0
Apr,3.4,10,PAPUA,2,2,1
Apr,4.6,11,MALUKU,1,1,1
Apr,4.0,164,GORONTALO,7,0,0
Apr,3.4,42,JABAR,13,0,0
Apr,4.1,10,MALUT,5,1,1
Apr,4.0,113,NTB,14,0,0
Apr,3.9,10,SULTRA,25,1,1
Apr,4.6,62,SULUT,3,0,0
Apr,3.8,16,SULUT,3,2,4
Apr,3.8,10,JABAR,13,1,1
Apr,4.7,155,MALUKUBRTDAYA,15,0,0
Apr,5.3,141,MALUKUBRTDAYA,15,0,0
Apr,2.9,14,LAMPUNG,10,2,3
Apr,2.6,10,LAMPUNG,10,2,4
Apr,3.4,10,JATIM,26,2,1
Apr,2.2,47,JATIM,26,0,0
Apr,3.3,10,SULBAR,11,2,1
Apr,3.2,161,JATIM,26,0,0
Apr,3.7,10,SULTENG,12,1,1
Apr,4.1,10,SULTRA,25,1,1
Apr,3.1,10,SULTENG,12,2,4
Apr,4.0,10,SULTRA,25,1,1
Apr,3.4,10,MALUT,5,2,1
Apr,3.2,10,JABAR,13,2,4
Apr,3.6,26,MALUKUTENGGARA,22,0,3
Apr,4.3,165,MALUKUBRTDAYA,15,0,0
Apr,5.2,101,PAPUAPGNGN,34,0,0
Apr,4.0,34,SULUT,3,0,3
Apr,4.4,374,MALUKUBRTDAYA,15,0,0
Apr,4.3,10,SULUT,3,1,2
Apr,3.4,29,JATENG,30,0,3
Apr,4.4,134,SULUT,3,0,0
Apr,3.8,10,SULUT,3,1,1
Apr,2.3,10,SULTENG,12,2,4
Apr,2.5,106,NTB,14,0,0
Apr,3.9,12,PAPUABRT,20,2,1
Apr,3.6,86,GORONTALO,7,0,0
Apr,4.4,180,MALUKUBRTDAYA,15,0,0
Apr,3.7,10,SULTRA,25,1,1
Apr,2.1,10,SULTENG,12,2,4
Apr,4.6,14,SUMUT,9,2,1
Apr,3.4,10,SULTENG,12,2,1
Apr,3.6,10,ACEH,8,1,1
Apr,3.8,147,SULUT,3,0,0
Apr,2.1,41,JABAR,13,0,0
Apr,3.2,10,JABAR,13,2,4
Apr,4.3,10,MALUT,5,1,2
Apr,3.7,20,NTB,14,2,3
Apr,3.1,10,JATIM,26,2,4
Apr,3.0,50,JATIM,26,0,0
Apr,4.5,10,SULUT,3,1,2
Apr,3.4,54,NTB,14,0,0
Apr,4.7,13,SULUT,3,1,1
Apr,3.0,36,BENGKULUSELATAN,39,0,0
Apr,3.2,21,NTT,4,0,3
Apr,2.5,10,MALUKU,1,2,4
Apr,4.7,10,SULTRA,25,1,2
Apr,4.8,10,SULTRA,25,1,2
Apr,3.7,10,JATIM,26,1,1
Apr,3.6,10,BALI,24,1,1
Apr,3.6,114,GORONTALO,7,0,0
Apr,2.8,42,JABAR,13,0,0
Apr,3.9,17,SULTRA,25,2,4
Apr,3.8,10,JATIM,26,1,1
Apr,3.7,10,JATIM,26,1,1
Apr,3.6,46,JABAR,13,0,0
Apr,3.0,10,SULTENG,12,2,4
Apr,3.0,284,NTT,4,0,0
Apr,3.2,136,JABAR,13,0,0
Apr,4.1,10,SULUT,3,1,1
Apr,3.5,10,SULUT,3,1,1
Apr,2.9,10,SULTENG,12,2,4
Apr,3.7,10,JATIM,26,1,1
Apr,3.0,10,SULSEL,6,2,4
Apr,3.6,10,JATIM,26,1,1
Apr,4.1,12,BENGKULU,28,2,1
