mag,depth,rad,prov,lat,lon,prov_enco,kmeans,kmedoids
3.6,10.0,74.0,PAPUABRT,-3.92,133.71,1,0.0,2.0
2.6,164.0,3.0,SUMUT,1.49,99.64,2,1.0,1.0
4.5,182.0,165.0,MALUKUTENGAH,-4.6,129.69,3,1.0,1.0
3.2,10.0,116.0,JABAR,-8.5,107.82,4,0.0,2.0
5.0,11.0,129.0,MALUT,1.96,126.6,5,0.0,2.0
3.2,19.0,39.0,MALUKU,-2.87,127.9,6,2.0,0.0
3.1,37.0,12.0,NTT,-9.28,119.17,7,2.0,0.0
3.5,75.0,55.0,NTB,-8.97,118.7,8,1.0,1.0
4.0,10.0,30.0,ACEHTENGAH,4.35,96.81,9,2.0,0.0
3.7,11.0,80.0,PAPUA,-2.14,139.85,10,0.0,2.0
3.2,10.0,49.0,SULTENG,-1.61,120.36,11,2.0,0.0
2.7,10.0,55.0,SULTENG,-1.12,120.31,11,2.0,0.0
3.1,14.0,88.0,GORONTALO,-0.21,121.52,12,0.0,2.0
3.3,10.0,14.0,BENGKULU,-3.57,102.44,13,2.0,0.0
4.1,15.0,96.0,SUMUT,0.26,96.96,2,0.0,2.0
3.1,10.0,42.0,NTT,-10.06,119.76,7,2.0,0.0
3.3,10.0,43.0,NTT,-10.06,119.72,7,2.0,0.0
3.0,10.0,59.0,SUMUT,0.45,98.33,2,0.0,2.0
4.7,191.0,180.0,MALUKUBRTDAYA,-7.38,129.22,14,1.0,1.0
3.2,10.0,34.0,MALUKUTENGAH,-3.38,128.66,3,2.0,0.0
3.3,10.0,45.0,SULTENG,1.22,120.98,11,2.0,0.0
2.1,16.0,47.0,MALUKUTENGAH,-2.88,128.88,3,2.0,0.0
2.3,10.0,36.0,NTB,-8.77,118.85,8,2.0,0.0
3.6,134.0,27.0,PAPUA,-3.37,138.08,10,1.0,1.0
5.1,106.0,490.0,SULUT,8.32,127.56,15,3.0,3.0
3.3,200.0,53.0,MALUT,2.43,128.59,5,1.0,1.0
4.7,190.0,50.0,SULUT,3.51,125.93,15,1.0,1.0
3.4,10.0,177.0,JABAR,-8.75,107.29,4,3.0,3.0
4.1,28.0,40.0,NTT,-9.94,118.89,7,2.0,0.0
2.9,129.0,41.0,GORONTALO,0.26,122.61,12,1.0,1.0
3.6,10.0,48.0,NTT,-8.69,124.37,7,2.0,0.0
3.0,15.0,36.0,NTT,-10.02,119.82,7,2.0,0.0
3.9,10.0,126.0,LAMPUNG,-6.28,103.6,16,0.0,2.0
3.1,10.0,13.0,SULSEL,-2.51,121.27,17,2.0,0.0
3.0,28.0,45.0,BENGKULUSELATAN,-4.85,102.83,18,2.0,0.0
5.2,121.0,221.0,PAPUA,-4.14,142.59,10,3.0,3.0
3.4,14.0,124.0,LAMPUNG,-6.28,103.69,16,0.0,2.0
3.6,10.0,74.0,PAPUABRT,-3.94,133.78,1,0.0,2.0
3.4,30.0,143.0,MALUT,1.79,126.38,5,0.0,2.0
3.5,10.0,103.0,PAPUA,-2.32,140.51,10,0.0,2.0
3.8,10.0,47.0,JAMBI,-2.51,102.25,19,2.0,0.0
3.0,55.0,66.0,JABAR,-7.9,107.86,4,0.0,2.0
3.4,11.0,70.0,NTB,-9.31,116.02,8,0.0,2.0
4.3,10.0,88.0,SULUT,1.65,123.58,15,0.0,2.0
2.5,59.0,48.0,SUMUT,1.92,98.39,2,1.0,1.0
3.8,10.0,9.0,MALUKU,-3.05,130.55,6,2.0,0.0
2.4,10.0,22.0,SUMBAR,-0.11,100.32,20,2.0,0.0
3.0,55.0,79.0,GORONTALO,-0.16,122.96,12,0.0,2.0
2.8,10.0,19.0,SULSEL,-2.48,121.03,17,2.0,0.0
2.2,16.0,22.0,JABAR,-7.13,107.7,4,2.0,0.0
4.0,187.0,61.0,MALUT,2.6,128.27,5,1.0,1.0
3.0,125.0,68.0,GORONTALO,-0.08,123.08,12,1.0,1.0
3.1,10.0,183.0,BANTEN,-8.57,106.06,21,3.0,3.0
2.3,424.0,36.0,GORONTALO,0.84,122.23,12,1.0,1.0
4.5,10.0,36.0,MALUT,1.63,128.56,5,2.0,0.0
4.7,159.0,104.0,SULUT,4.58,125.94,15,1.0,1.0
4.2,10.0,285.0,SUMBAR,-4.57,99.22,20,3.0,3.0
4.9,122.0,43.0,NTB,-8.58,119.12,8,1.0,1.0
5.7,10.0,424.0,PAPUA,-3.2,144.58,10,3.0,3.0
3.2,10.0,96.0,PAPUABRT,-1.99,134.29,1,0.0,2.0
3.1,10.0,50.0,NTT,-8.24,121.17,7,2.0,0.0
3.9,10.0,50.0,NTT,-8.25,121.15,7,2.0,0.0
3.5,10.0,59.0,NTT,-8.15,121.19,7,2.0,2.0
4.6,10.0,185.0,PAPUA,-4.03,142.28,10,0.0,2.0
2.8,10.0,46.0,NTT,-8.28,121.17,7,2.0,0.0
3.4,11.0,47.0,NTT,-8.27,121.18,7,2.0,0.0
3.7,24.0,43.0,BANTEN,-6.87,105.25,21,2.0,0.0
3.1,92.0,45.0,BALI,-8.85,115.67,22,1.0,1.0
4.8,100.0,57.0,BALI,-8.99,115.71,22,1.0,1.0
3.7,10.0,45.0,NTT,-8.29,121.18,7,2.0,0.0
2.7,14.0,36.0,NTT,-8.38,121.17,7,2.0,0.0
3.3,10.0,44.0,NTT,-8.29,121.19,7,2.0,0.0
3.1,10.0,48.0,NTT,-8.25,121.2,7,2.0,0.0
3.1,15.0,56.0,NTT,-10.49,123.81,7,2.0,0.0
3.6,14.0,67.0,NTT,-8.07,121.22,7,0.0,2.0
3.3,10.0,12.0,NTT,-8.76,121.24,7,2.0,0.0
3.9,10.0,47.0,NTT,-8.26,121.19,7,2.0,0.0
5.9,11.0,56.0,NTT,-8.18,121.19,7,2.0,0.0
4.0,50.0,148.0,MALUKU,-4.29,131.11,6,0.0,2.0
4.3,484.0,217.0,SULUT,3.65,123.53,15,1.0,1.0
4.1,10.0,8.0,NTB,-8.37,116.89,8,2.0,0.0
5.0,71.0,111.0,PAPUA,-4.06,141.46,10,0.0,2.0
5.1,61.0,111.0,PAPUA,-4.04,141.49,10,0.0,2.0
5.5,52.0,116.0,PAPUA,-4.04,141.55,10,0.0,2.0
5.1,61.0,111.0,PAPUA,-4.04,141.49,10,0.0,2.0
4.7,10.0,209.0,JABAR,-9.04,107.17,4,3.0,3.0
4.0,40.0,16.0,NTT,-9.48,119.63,7,2.0,0.0
3.5,16.0,45.0,SULUT,3.64,126.88,15,2.0,0.0
2.9,58.0,15.0,NTT,-10.05,123.76,7,2.0,0.0
3.8,14.0,71.0,ACEH,2.65,95.75,23,0.0,2.0
3.3,54.0,38.0,RIAU,-0.19,101.25,24,2.0,1.0
4.4,126.0,182.0,SULUT,5.61,127.0,15,3.0,3.0
3.5,11.0,71.0,BENGKULU,-3.01,100.64,13,0.0,2.0
6.0,166.0,236.0,MALUKUTENGGARABRT,-6.1,130.29,25,3.0,3.0
3.8,169.0,55.0,NTT,-8.34,121.8,7,1.0,1.0
3.2,25.0,125.0,SULUT,1.34,126.25,15,0.0,2.0
3.8,10.0,4.0,SULTENG,-1.1,121.5,11,2.0,0.0
3.2,20.0,88.0,NTB,-9.26,118.13,8,0.0,2.0
3.9,10.0,84.0,MALUT,-1.34,126.33,5,0.0,2.0
3.7,199.0,19.0,SUMSEL,-3.13,102.89,26,1.0,1.0
3.1,12.0,39.0,NTT,-9.7,123.68,7,2.0,0.0
3.3,10.0,17.0,SULSEL,-2.43,121.21,17,2.0,0.0
3.2,85.0,61.0,NTT,-8.8,119.43,7,1.0,1.0
3.9,11.0,33.0,BENGKULU,-5.05,102.23,13,2.0,0.0
4.6,153.0,252.0,SULUT,6.19,126.08,15,3.0,3.0
3.5,10.0,84.0,BANTEN,-6.34,104.89,21,0.0,2.0
3.2,10.0,26.0,NTT,-10.07,123.66,7,2.0,0.0
5.0,99.0,311.0,PAPUA,-4.13,143.45,10,3.0,3.0
4.2,23.0,74.0,MALUT,-1.45,126.33,5,0.0,2.0
3.5,100.0,40.0,NTT,-9.07,119.01,7,1.0,1.0
4.3,10.0,21.0,PAPUA,-0.63,135.81,10,2.0,0.0
3.4,12.0,27.0,NTT,-10.19,124.03,7,2.0,0.0
4.1,53.0,13.0,SUMBAR,-1.44,100.5,20,2.0,0.0
2.4,121.0,12.0,SUMUT,2.13,98.97,2,1.0,1.0
5.4,10.0,77.0,PAPUABRT,-3.97,133.8,1,0.0,2.0
3.4,10.0,41.0,NTT,-10.05,119.75,7,2.0,0.0
3.7,251.0,56.0,RIAU,0.54,100.84,24,1.0,1.0
4.0,10.0,112.0,MALUT,0.23,126.51,5,0.0,2.0
3.4,220.0,55.0,GORONTALO,0.12,122.86,12,1.0,1.0
3.2,124.0,36.0,GORONTALO,0.23,122.49,12,1.0,1.0
4.8,158.0,126.0,MALUKUBRTDAYA,-7.56,128.76,14,1.0,1.0
3.3,16.0,9.0,NTT,-10.4,120.23,7,2.0,0.0
2.7,95.0,40.0,NTB,-8.73,119.0,8,1.0,1.0
3.6,89.0,61.0,NTT,-8.92,123.81,7,1.0,1.0
4.0,557.0,129.0,NTT,-7.24,123.42,7,1.0,1.0
3.6,10.0,3.0,SULTENG,-1.09,121.51,11,2.0,0.0
3.1,130.0,12.0,SUMUT,0.98,99.56,2,1.0,1.0
3.3,194.0,28.0,SUMBAR,0.03,100.84,20,1.0,1.0
3.1,11.0,64.0,NTT,-10.15,118.81,7,0.0,2.0
3.1,10.0,50.0,SUMBAR,-0.28,99.58,20,0.0,2.0
2.8,77.0,28.0,SUMBAR,-1.36,100.83,20,1.0,1.0
3.8,146.0,29.0,MALUT,2.3,128.22,5,1.0,1.0
4.7,57.0,1280.0,KALTARA,14.32,121.19,27,3.0,3.0
3.5,10.0,5.0,NTB,-8.44,116.97,8,2.0,0.0
4.0,10.0,135.0,MALUKU,-4.57,133.97,6,0.0,2.0
3.6,27.0,28.0,SULUT,3.82,126.86,15,2.0,0.0
2.3,10.0,5.0,SULTENG,-1.09,121.49,11,2.0,0.0
1.7,10.0,26.0,NTT,-9.66,124.71,7,2.0,0.0
2.4,10.0,3.0,SULTENG,-1.1,121.51,11,2.0,0.0
3.7,12.0,4.0,SULTENG,-1.06,121.55,11,2.0,0.0
3.7,12.0,4.0,SULTENG,-1.06,121.55,11,2.0,0.0
3.5,11.0,70.0,SUMBAR,-1.45,99.28,20,0.0,2.0
3.0,10.0,5.0,SULTENG,-1.06,121.5,11,2.0,0.0
3.8,10.0,7.0,SULTENG,-1.09,121.47,11,2.0,0.0
4.7,10.0,7.0,SULTENG,-1.11,121.47,11,2.0,0.0
2.6,11.0,9.0,SULTENG,-1.07,121.46,11,2.0,0.0
3.3,10.0,4.0,SULTENG,-1.08,121.5,11,2.0,0.0
5.4,10.0,5.0,SULTENG,-1.11,121.49,11,2.0,0.0
3.7,10.0,5.0,SULTENG,-1.08,121.49,11,2.0,0.0
4.6,10.0,4.0,SULTENG,-1.08,121.5,11,2.0,0.0
2.8,34.0,33.0,SULTENG,-1.1,119.79,11,2.0,0.0
3.0,10.0,42.0,SULTENG,1.35,121.33,11,2.0,0.0
4.3,483.0,271.0,SULUT,3.78,123.05,15,1.0,1.0
4.7,10.0,242.0,SULUT,6.03,125.89,15,3.0,3.0
2.3,15.0,75.0,NTB,-7.8,118.53,8,0.0,2.0
2.3,63.0,19.0,BENGKULUSELATAN,-4.49,103.09,18,1.0,1.0
2.7,172.0,23.0,NTT,-8.28,119.9,7,1.0,1.0
3.8,13.0,150.0,SUMBAR,-0.89,98.8,20,3.0,3.0
2.7,10.0,15.0,SULTENG,1.08,121.27,11,2.0,0.0
3.8,18.0,46.0,SULUT,3.74,127.0,15,2.0,0.0
4.2,10.0,52.0,NTT,-8.22,121.18,7,2.0,0.0
3.0,46.0,76.0,MALUT,1.44,126.89,5,0.0,2.0
2.8,11.0,105.0,PAPUA,-2.38,140.58,10,0.0,2.0
3.2,110.0,8.0,NTB,-8.56,118.39,8,1.0,1.0
2.9,80.0,72.0,NTT,-8.89,124.26,7,1.0,1.0
3.5,30.0,72.0,BANTEN,-6.89,104.97,21,0.0,2.0
3.4,10.0,62.0,MALUKU,-2.86,129.98,6,2.0,2.0
3.9,10.0,82.0,PAPUA,-2.75,141.21,10,0.0,2.0
3.6,12.0,8.0,BALI,-8.27,115.53,22,2.0,0.0
4.3,108.0,13.0,NTB,-8.62,118.38,8,1.0,1.0
3.0,131.0,74.0,GORONTALO,-0.11,123.3,12,1.0,1.0
3.2,136.0,68.0,GORONTALO,-0.08,123.13,12,1.0,1.0
4.4,74.0,73.0,SULUT,1.66,125.75,15,0.0,1.0
2.8,108.0,9.0,NTB,-8.54,118.38,8,1.0,1.0
3.3,10.0,23.0,MALUKUTENGAH,-3.35,128.75,3,2.0,0.0
3.1,10.0,15.0,DIY,-7.99,110.47,28,2.0,0.0
3.6,102.0,39.0,JATIM,-8.48,112.29,29,1.0,1.0
3.2,82.0,91.0,GORONTALO,-0.25,122.9,12,0.0,1.0
2.8,10.0,40.0,NTB,-8.29,116.56,8,2.0,0.0
4.1,10.0,182.0,ACEH,5.14,93.86,23,3.0,3.0
3.2,13.0,31.0,SULTENG,-1.17,120.58,11,2.0,0.0
3.0,10.0,60.0,PAPUABRT,-1.5,133.83,1,2.0,0.0
5.1,48.0,87.0,SULUT,4.33,125.81,15,0.0,2.0
2.4,10.0,36.0,SULTENG,-1.57,120.48,11,2.0,0.0
4.1,229.0,174.0,MALUKUTENGAH,-4.8,129.43,3,1.0,1.0
3.7,26.0,116.0,MALUT,1.07,126.36,5,0.0,2.0
3.2,26.0,80.0,JABAR,-8.11,107.9,4,0.0,2.0
4.6,271.0,222.0,MALUKUBRTDAYA,-6.42,128.8,14,1.0,1.0
3.5,15.0,179.0,BANTEN,-8.43,105.61,21,3.0,3.0
3.8,66.0,81.0,NTT,-8.97,124.05,7,0.0,2.0
2.9,29.0,61.0,PAPUA,-2.75,140.35,10,2.0,0.0
3.0,10.0,48.0,NTT,-10.42,123.8,7,2.0,0.0
3.6,10.0,123.0,NTB,-9.82,116.27,8,0.0,2.0
3.5,33.0,114.0,MALUT,1.52,126.54,5,0.0,2.0
2.0,10.0,23.0,SUMBAR,-0.1,100.32,20,2.0,0.0
2.8,25.0,73.0,JABAR,-7.65,106.56,4,0.0,2.0
3.6,10.0,125.0,MALUT,2.95,127.61,5,0.0,2.0
3.5,13.0,108.0,SULUT,0.89,125.93,15,0.0,2.0
3.1,10.0,20.0,PAPUABRT,-1.42,132.18,1,2.0,0.0
5.0,30.0,106.0,SULUT,4.87,126.28,15,0.0,2.0
4.5,12.0,103.0,MALUKUBRTDAYA,-8.45,128.67,14,0.0,2.0
4.0,10.0,135.0,JABAR,-8.2,107.18,4,0.0,2.0
3.4,126.0,62.0,MALUT,1.74,127.18,5,1.0,1.0
3.5,30.0,120.0,SULUT,1.31,126.2,15,0.0,2.0
3.2,103.0,81.0,GORONTALO,-0.13,122.84,12,1.0,1.0
3.1,28.0,74.0,NTB,-7.79,118.88,8,0.0,2.0
4.5,10.0,177.0,MALUT,-0.35,125.93,5,3.0,3.0
2.9,10.0,25.0,JABAR,-6.76,106.55,4,2.0,0.0
2.9,10.0,34.0,NTT,-10.22,124.09,7,2.0,0.0
2.9,10.0,28.0,JABAR,-6.73,106.56,4,2.0,0.0
3.5,10.0,25.0,JABAR,-6.76,106.53,4,2.0,0.0
3.4,15.0,55.0,ACEH,2.97,96.39,23,0.0,2.0
3.0,10.0,99.0,SULTENG,1.03,119.88,11,0.0,2.0
3.7,10.0,90.0,SULTENG,-1.92,122.49,11,0.0,2.0
3.5,22.0,62.0,NTB,-8.07,117.79,8,0.0,2.0
4.3,80.0,96.0,SULUT,4.85,126.5,15,0.0,2.0
3.0,10.0,125.0,MALUT,0.27,126.36,5,0.0,2.0
3.4,10.0,157.0,SULTENG,2.13,122.16,11,0.0,2.0
3.4,10.0,149.0,SULTENG,2.11,122.07,11,0.0,2.0
3.0,44.0,15.0,NTT,-9.28,119.1,7,2.0,0.0
2.9,21.0,107.0,JABAR,-8.02,107.36,4,0.0,2.0
3.5,34.0,64.0,LAMPUNG,-5.66,103.6,16,0.0,2.0
2.4,10.0,8.0,SULBAR,-2.93,119.4,30,2.0,0.0
3.5,23.0,29.0,SUMUT,0.77,97.28,2,2.0,0.0
4.1,10.0,135.0,PAPUABRT,-4.51,133.98,1,0.0,2.0
4.8,45.0,128.0,SULUT,1.24,126.26,15,0.0,2.0
3.3,17.0,127.0,BALI,-9.52,114.34,22,0.0,2.0
4.0,17.0,82.0,BENGKULU,-5.83,101.71,13,0.0,2.0
3.1,29.0,11.0,NTT,-9.97,123.99,7,2.0,0.0
3.2,52.0,27.0,BENGKULU,-2.33,101.14,13,2.0,0.0
1.5,16.0,31.0,NTT,-8.51,121.95,7,2.0,0.0
3.8,10.0,154.0,SULUT,5.37,126.47,15,0.0,2.0
3.7,86.0,32.0,PAPUA,-3.25,140.49,10,1.0,1.0
4.0,37.0,15.0,NTT,-9.55,119.12,7,2.0,0.0
4.4,10.0,28.0,PAPUA,-3.47,140.54,10,2.0,0.0
5.3,10.0,98.0,SULUT,4.81,126.31,15,0.0,2.0
4.4,10.0,25.0,MALUKUTENGAH,-3.4,128.75,3,2.0,0.0
3.3,22.0,9.0,PAPUA,-3.0,139.94,10,2.0,0.0
2.8,10.0,79.0,SUMBAR,0.13,99.11,20,0.0,2.0
2.4,10.0,8.0,SUMBAR,-0.39,100.39,20,2.0,0.0
3.2,17.0,48.0,MALUT,1.19,127.05,5,2.0,0.0
2.9,213.0,13.0,BALI,-8.34,115.28,22,1.0,1.0
3.6,85.0,34.0,BENGKULUUTARA,-3.5,101.89,31,1.0,1.0
3.1,10.0,31.0,ACEHBESAR,5.09,95.85,32,2.0,0.0
3.8,16.0,93.0,SUMUT,0.34,98.62,2,0.0,2.0
3.4,304.0,83.0,SULUT,1.82,124.16,15,1.0,1.0
4.2,10.0,288.0,JABAR,-9.58,106.67,4,3.0,3.0
4.2,10.0,288.0,JABAR,-9.58,106.67,4,3.0,3.0
4.2,10.0,288.0,JABAR,-9.58,106.67,4,3.0,3.0
4.2,10.0,288.0,JABAR,-9.58,106.67,4,3.0,3.0
3.6,10.0,129.0,MALUT,1.81,126.52,5,0.0,2.0
4.3,36.0,28.0,PAPUA,-3.27,140.52,10,2.0,0.0
4.5,10.0,95.0,JATIM,-9.01,111.31,29,0.0,2.0
2.8,10.0,43.0,SULTENG,-1.34,120.37,11,2.0,0.0
3.7,10.0,55.0,PAPUA,-2.66,140.23,10,2.0,0.0
2.9,101.0,8.0,SUMUT,2.05,98.9,2,1.0,1.0
3.6,20.0,79.0,MALUT,0.49,126.71,5,0.0,2.0
3.4,16.0,28.0,NTB,-8.29,118.53,8,2.0,0.0
4.2,20.0,97.0,LAMPUNG,-6.07,103.92,16,0.0,2.0
2.7,11.0,10.0,SUMBAR,-0.22,100.4,20,2.0,0.0
4.5,70.0,135.0,PAPUABRT,-4.51,133.92,1,0.0,2.0
3.7,14.0,136.0,PAPUABRT,-4.52,133.9,1,0.0,2.0
4.0,128.0,11.0,SULUT,2.77,125.46,15,1.0,1.0
5.3,10.0,130.0,PAPUABRT,-4.46,133.91,1,0.0,2.0
2.5,10.0,24.0,JATENG,-7.15,109.87,33,2.0,0.0
5.2,14.0,146.0,SUMUT,0.1,96.47,2,3.0,3.0
3.8,10.0,129.0,JATIM,-9.3,113.18,29,0.0,2.0
3.4,10.0,99.0,JABAR,-8.51,108.1,4,0.0,2.0
2.9,33.0,90.0,GORONTALO,-0.26,122.95,12,0.0,2.0
3.1,10.0,40.0,SULBAR,-2.32,119.2,30,2.0,0.0
4.6,43.0,100.0,SULUT,4.86,126.41,15,0.0,2.0
4.1,87.0,124.0,SULUT,5.09,126.44,15,0.0,2.0
5.1,10.0,86.0,SULTENG,-1.85,122.48,11,0.0,2.0
3.9,10.0,65.0,BENGKULU,-2.97,101.55,13,0.0,2.0
2.9,155.0,18.0,NTT,-8.56,123.34,7,1.0,1.0
2.9,10.0,19.0,SULSEL,-2.52,121.01,17,2.0,0.0
4.4,76.0,140.0,SULUT,4.72,127.72,15,0.0,2.0
3.5,10.0,35.0,MALUT,1.57,128.68,5,2.0,0.0
3.8,11.0,124.0,SUMBAR,-0.33,98.8,20,0.0,2.0
4.0,11.0,65.0,ACEHBARATDAYA,3.43,96.54,34,0.0,2.0
4.4,147.0,208.0,MALUKUTENGGARABRT,-6.3,130.45,25,3.0,3.0
2.2,10.0,33.0,ACEH,4.99,95.98,23,2.0,0.0
3.9,476.0,123.0,SULSEL,-7.39,120.35,17,1.0,1.0
2.9,23.0,106.0,JABAR,-8.03,107.39,4,0.0,2.0
4.4,15.0,132.0,MALUKUTENGGARABRT,-7.08,130.51,25,0.0,2.0
3.4,10.0,17.0,JAMBI,-1.13,102.25,19,2.0,0.0
4.1,10.0,197.0,MALUKU,-4.88,130.48,6,3.0,3.0
3.0,22.0,82.0,GORONTALO,-0.2,123.07,12,0.0,2.0
2.9,13.0,92.0,NTT,-7.69,122.41,7,0.0,2.0
4.0,10.0,82.0,MALUT,-0.82,126.78,5,0.0,2.0
2.4,184.0,18.0,NTB,-8.53,117.58,8,1.0,1.0
2.8,10.0,34.0,MALUT,1.54,128.7,5,2.0,0.0
3.3,10.0,104.0,PAPUA,-1.8,139.86,10,0.0,2.0
3.2,243.0,255.0,MALUKU,-5.61,129.2,6,1.0,1.0
3.0,150.0,40.0,MALUT,1.44,127.24,5,1.0,1.0
4.5,10.0,109.0,MALUKUTENGAH,-4.26,128.75,3,0.0,2.0
3.8,10.0,117.0,MALUKU,-4.41,128.63,6,0.0,2.0
4.3,156.0,100.0,MALUKUTENGAH,-4.2,128.9,3,1.0,1.0
3.8,10.0,116.0,MALUKU,-4.41,128.61,6,0.0,2.0
3.9,10.0,124.0,MALUKU,-4.45,128.67,6,0.0,2.0
2.8,10.0,9.0,NTT,-10.0,123.97,7,2.0,0.0
4.3,10.0,112.0,SULUT,4.62,125.4,15,0.0,2.0
3.3,13.0,19.0,NTT,-10.41,120.35,7,2.0,0.0
3.6,10.0,25.0,NTT,-10.47,120.37,7,2.0,0.0
3.3,13.0,19.0,NTT,-10.41,120.35,7,2.0,0.0
3.7,15.0,20.0,NTT,-10.41,120.36,7,2.0,0.0
2.6,22.0,27.0,NTB,-8.31,118.35,8,2.0,0.0
3.4,13.0,50.0,PAPUABRT,-1.29,134.25,1,2.0,0.0
2.9,10.0,48.0,NTB,-8.03,118.86,8,2.0,0.0
2.6,10.0,20.0,SULTENG,-1.33,119.71,11,2.0,0.0
4.0,10.0,24.0,SULTENG,-1.29,119.68,11,2.0,0.0
4.0,78.0,81.0,GORONTALO,-0.18,122.99,12,0.0,1.0
3.5,10.0,35.0,MALUT,1.57,128.67,5,2.0,0.0
3.9,13.0,178.0,MALUT,-0.41,125.77,5,3.0,3.0
3.5,30.0,30.0,SULUT,3.82,126.88,15,2.0,0.0
3.0,10.0,86.0,PAPUA,-2.57,140.75,10,0.0,2.0
3.3,10.0,150.0,JATENG,-9.07,109.19,33,0.0,2.0
2.8,15.0,100.0,NTT,-9.27,123.05,7,0.0,2.0
3.6,97.0,20.0,SULUT,1.49,125.3,15,1.0,1.0
3.9,27.0,166.0,MALUKUTENGGARABRT,-7.95,129.81,25,0.0,2.0
3.1,10.0,41.0,MALUT,1.57,128.75,5,2.0,0.0
4.7,120.0,1268.0,PAPUA,-5.2,152.03,10,3.0,3.0
3.6,142.0,109.0,MALUKUBRTDAYA,-7.58,128.59,14,1.0,1.0
2.1,10.0,69.0,SULTENG,0.12,119.52,11,0.0,2.0
2.6,10.0,48.0,SULSEL,-2.41,120.77,17,2.0,0.0
3.4,10.0,78.0,PAPUABRT,-2.17,134.16,1,0.0,2.0
2.2,29.0,11.0,SULSEL,-4.06,119.72,17,2.0,0.0
3.6,13.0,48.0,ACEH,2.87,96.55,23,2.0,2.0
3.0,10.0,34.0,SULSEL,-6.19,120.21,17,2.0,0.0
3.3,10.0,5.0,BENGKULU,-3.14,102.23,13,2.0,0.0
2.7,10.0,64.0,MALUKUTENGAH,-2.86,129.34,3,0.0,2.0
4.5,282.0,33.0,NTB,-8.15,117.15,8,1.0,1.0
4.8,309.0,56.0,NTB,-7.95,117.23,8,1.0,1.0
5.0,310.0,52.0,NTB,-8.0,117.24,8,1.0,1.0
3.0,10.0,36.0,ACEH,4.54,96.42,23,2.0,0.0
3.5,45.0,73.0,MALUT,2.13,127.47,5,0.0,2.0
2.9,118.0,45.0,NTT,-8.27,124.14,7,1.0,1.0
3.3,276.0,101.0,NTT,-7.7,119.45,7,1.0,1.0
4.3,10.0,90.0,MALUT,-1.12,126.83,5,0.0,2.0
3.2,188.0,130.0,MALUKUTENGAH,-4.41,129.34,3,1.0,1.0
4.0,423.0,94.0,SULUT,1.68,122.92,15,1.0,1.0
4.8,10.0,413.0,SULUT,7.72,126.61,15,3.0,3.0
3.4,69.0,72.0,NTB,-9.1,118.14,8,0.0,1.0
4.5,106.0,54.0,MALUKUBRTDAYA,-7.67,127.86,14,1.0,1.0
3.7,10.0,145.0,SULUT,-0.22,125.48,15,0.0,2.0
3.4,10.0,32.0,MALUT,1.58,128.6,5,2.0,0.0
3.4,96.0,86.0,GORONTALO,-0.21,122.91,12,1.0,1.0
3.9,49.0,28.0,PAPUA,-2.75,139.75,10,2.0,0.0
4.6,10.0,28.0,MALUT,1.51,128.65,5,2.0,0.0
3.6,10.0,37.0,JATIM,-7.89,114.32,29,2.0,0.0
4.0,53.0,14.0,PAPUA,-1.86,136.24,10,2.0,0.0
2.7,182.0,18.0,GORONTALO,0.33,122.05,12,1.0,1.0
3.3,32.0,42.0,PAPUA,-2.83,139.51,10,2.0,0.0
3.4,130.0,18.0,BANTEN,-6.5,106.1,21,1.0,1.0
3.3,21.0,78.0,PAPUA,-2.5,140.36,10,0.0,2.0
3.2,155.0,16.0,SUMUT,1.64,99.42,2,1.0,1.0
3.2,123.0,35.0,NTB,-9.07,116.86,8,1.0,1.0
4.4,404.0,102.0,NTT,-7.61,120.14,7,1.0,1.0
4.3,10.0,157.0,SULTENG,2.17,122.1,11,0.0,2.0
5.5,148.0,643.0,PAPUA,-5.79,146.17,10,3.0,3.0
3.7,10.0,80.0,PAPUABRT,-2.59,133.65,1,0.0,2.0
2.4,13.0,55.0,NTT,-8.16,125.03,7,2.0,0.0
3.0,20.0,46.0,SUMBAR,0.02,99.42,20,2.0,0.0
3.4,11.0,26.0,ACEH,4.77,96.2,23,2.0,0.0
3.3,10.0,9.0,PAPUA,-2.92,139.9,10,2.0,0.0
2.4,10.0,7.0,SULBAR,-2.94,119.39,30,2.0,0.0
2.1,10.0,26.0,NTT,-9.75,123.87,7,2.0,0.0
3.2,10.0,15.0,NTT,-9.85,123.87,7,2.0,0.0
3.0,10.0,15.0,SULBAR,-2.97,119.45,30,2.0,0.0
2.1,10.0,27.0,JABAR,-6.73,106.59,4,2.0,0.0
3.0,102.0,60.0,GORONTALO,0.07,122.86,12,1.0,1.0
5.0,37.0,13.0,NTT,-10.01,123.77,7,2.0,0.0
3.6,15.0,47.0,BENGKULUSELATAN,-4.86,102.79,18,2.0,0.0
3.8,26.0,65.0,JABAR,-8.29,108.47,4,0.0,2.0
5.2,10.0,194.0,MALUKUTENGGARABRT,-6.68,130.12,25,3.0,3.0
4.0,21.0,39.0,PAPUA,-3.91,139.78,10,2.0,0.0
2.8,10.0,36.0,MALUKUTENGAH,-3.61,128.84,3,2.0,0.0
2.8,10.0,28.0,SULTENG,0.77,120.52,11,2.0,0.0
2.6,11.0,27.0,NTB,-8.42,116.61,8,2.0,0.0
3.0,10.0,39.0,PAPUA,-2.89,139.51,10,2.0,0.0
2.9,26.0,27.0,ACEHSINGKIL,2.1,97.84,35,2.0,0.0
3.2,10.0,122.0,MALUKUTENGAH,-4.37,128.7,3,0.0,2.0
2.7,35.0,18.0,NTT,-9.6,120.01,7,2.0,0.0
4.3,26.0,61.0,SULUT,4.43,127.03,15,2.0,2.0
4.4,10.0,4.0,JABAR,-6.82,107.93,4,2.0,0.0
2.8,23.0,50.0,MALUKU,-2.99,127.75,6,2.0,0.0
2.6,10.0,89.0,NTT,-9.22,122.75,7,0.0,2.0
5.5,46.0,74.0,SULUT,-0.2,123.65,15,0.0,2.0
3.7,97.0,177.0,MALUKU,-4.57,131.12,6,0.0,2.0
4.8,23.0,76.0,NTB,-7.96,117.86,8,0.0,2.0
2.8,10.0,51.0,SULTENG,-1.11,120.39,11,2.0,0.0
3.1,10.0,12.0,NTB,-8.31,116.96,8,2.0,0.0
3.5,10.0,6.0,PAPUA,-3.0,139.91,10,2.0,0.0
3.2,10.0,22.0,ACEHTENGAH,4.63,96.64,9,2.0,0.0
3.4,32.0,73.0,MALUT,1.52,126.95,5,0.0,2.0
2.7,123.0,20.0,ACEHTENGAH,4.6,96.66,9,1.0,1.0
2.5,102.0,11.0,LAMPUNG,-5.42,104.77,16,1.0,1.0
2.8,32.0,53.0,MALUKUTENGAH,-3.69,128.67,3,2.0,0.0
2.8,10.0,15.0,SULTENG,-1.51,119.81,11,2.0,0.0
2.3,10.0,32.0,SULTENG,-0.71,119.89,11,2.0,0.0
4.1,10.0,7.0,PAPUA,-2.99,139.92,10,2.0,0.0
3.8,168.0,21.0,JABAR,-7.01,107.19,4,1.0,1.0
3.4,10.0,2.0,PAPUA,-2.97,139.87,10,2.0,0.0
2.8,254.0,22.0,SULUT,0.68,124.02,15,1.0,1.0
3.1,10.0,29.0,SULTENG,-1.3,120.51,11,2.0,0.0
4.0,16.0,90.0,ACEHBESAR,5.18,94.8,32,0.0,2.0
3.9,10.0,92.0,SULTENG,-1.94,122.49,11,0.0,2.0
3.8,226.0,23.0,SULUT,1.52,124.76,15,1.0,1.0
3.3,23.0,74.0,NTB,-8.01,118.05,8,0.0,2.0
4.1,10.0,265.0,JATENG,-10.1,109.3,33,3.0,3.0
4.4,10.0,15.0,NTT,-9.66,124.96,7,2.0,0.0
3.3,12.0,80.0,MALUKUTENGAH,-2.58,128.91,3,0.0,2.0
4.7,37.0,68.0,SUMUT,1.1,98.69,2,0.0,2.0
3.6,10.0,106.0,DIY,-8.67,109.73,28,0.0,2.0
2.7,10.0,39.0,SULTENG,0.9,120.4,11,2.0,0.0
3.6,10.0,108.0,PAPUABRT,-4.22,133.65,1,0.0,2.0
2.4,124.0,18.0,JAMBI,-1.71,101.42,19,1.0,1.0
2.9,25.0,100.0,JABAR,-7.82,106.98,4,0.0,2.0
4.0,10.0,134.0,JABAR,-8.71,107.83,4,0.0,2.0
3.1,11.0,60.0,BANTEN,-7.47,106.18,21,0.0,2.0
2.7,10.0,74.0,GORONTALO,-0.16,121.7,12,0.0,2.0
2.8,137.0,26.0,NTB,-8.5,117.66,8,1.0,1.0
3.0,94.0,93.0,PAPUA,-1.6,135.34,10,1.0,1.0
3.4,10.0,21.0,NTT,-9.67,125.04,7,2.0,0.0
4.1,10.0,21.0,NTT,-9.66,125.05,7,2.0,0.0
5.1,10.0,25.0,NTT,-9.71,125.05,7,2.0,0.0
4.3,10.0,43.0,NTT,-8.86,123.43,7,2.0,0.0
3.9,10.0,129.0,SULUT,2.93,127.13,15,0.0,2.0
3.6,10.0,44.0,MALUKU,-2.96,130.12,6,2.0,0.0
4.3,10.0,80.0,BANTEN,-7.57,105.91,21,0.0,2.0
3.8,201.0,249.0,MALUKUTENGGARABRT,-5.96,130.3,25,3.0,1.0
4.4,20.0,144.0,SULUT,0.5,126.02,15,0.0,2.0
2.9,64.0,17.0,JABAR,-6.64,107.58,4,1.0,1.0
3.0,162.0,31.0,NTB,-8.39,117.69,8,1.0,1.0
3.0,10.0,61.0,SULTENG,-0.67,121.88,11,0.0,2.0
3.2,29.0,82.0,DIY,-8.73,110.54,28,0.0,2.0
2.7,12.0,15.0,DIY,-8.0,110.45,28,2.0,0.0
3.0,10.0,29.0,SULTENG,-1.64,120.66,11,2.0,0.0
2.5,10.0,43.0,SULTENG,-1.26,121.18,11,2.0,0.0
3.2,38.0,56.0,JATENG,-8.23,109.07,33,2.0,2.0
3.8,10.0,67.0,BANTEN,-7.47,105.98,21,0.0,2.0
4.7,10.0,187.0,SULUT,5.38,127.64,15,3.0,3.0
2.9,17.0,29.0,ACEH,2.24,96.24,23,2.0,0.0
2.7,10.0,120.0,SUMBAR,-0.62,98.99,20,0.0,2.0
2.6,104.0,27.0,SULTENG,0.38,120.94,11,1.0,1.0
2.4,102.0,25.0,SULTENG,0.36,120.87,11,1.0,1.0
3.6,10.0,44.0,ACEH,4.62,96.42,23,2.0,0.0
3.2,10.0,78.0,BANTEN,-7.59,105.99,21,0.0,2.0
4.2,10.0,85.0,BANTEN,-7.64,105.95,21,0.0,2.0
5.1,14.0,75.0,BANTEN,-7.56,106.0,21,0.0,2.0
3.7,10.0,34.0,NTT,-8.44,120.72,7,2.0,0.0
3.4,13.0,74.0,BANTEN,-7.53,105.96,21,0.0,2.0
3.1,10.0,74.0,BANTEN,-7.55,106.0,21,0.0,2.0
2.7,10.0,56.0,BANTEN,-7.41,106.08,21,0.0,2.0
5.8,10.0,79.0,BANTEN,-7.57,105.94,21,0.0,2.0
3.0,10.0,54.0,SULSEL,-2.42,120.71,17,2.0,0.0
3.6,96.0,53.0,NTT,-8.27,121.57,7,1.0,1.0
3.8,116.0,62.0,MALUT,1.78,127.22,5,1.0,1.0
4.2,24.0,69.0,PAPUA,-4.43,137.04,10,0.0,2.0
3.5,10.0,19.0,PAPUABRT,-1.73,133.32,1,2.0,0.0
3.8,25.0,57.0,ACEHJAYA,4.64,95.06,36,0.0,2.0
4.3,31.0,29.0,BENGKULU,-5.61,102.3,13,2.0,0.0
2.7,174.0,62.0,NTT,-8.16,123.95,7,1.0,1.0
5.2,11.0,356.0,PAPUA,-6.44,143.48,10,3.0,3.0
2.8,10.0,76.0,SUMUT,0.59,98.5,2,0.0,2.0
2.6,10.0,36.0,ACEH,4.99,95.95,23,2.0,0.0
3.7,369.0,117.0,NTT,-7.54,120.35,7,1.0,1.0
3.2,10.0,110.0,JATIM,-9.08,111.91,29,0.0,2.0
3.8,81.0,53.0,NTB,-8.82,119.07,8,1.0,1.0
2.9,10.0,8.0,SULBAR,-2.98,119.35,30,2.0,0.0
3.0,149.0,15.0,SUMBAR,0.17,100.3,20,1.0,1.0
4.5,321.0,240.0,MALUKU,-5.7,128.85,6,1.0,1.0
2.0,10.0,10.0,NTT,-9.48,124.51,7,2.0,0.0
4.6,288.0,97.0,MALUKUBRTDAYA,-7.46,127.25,14,1.0,1.0
3.6,156.0,56.0,JAMBI,-2.59,102.28,19,1.0,1.0
3.7,10.0,9.0,NTT,-9.52,124.55,7,2.0,0.0
4.2,10.0,141.0,ACEH,2.27,95.11,23,3.0,3.0
4.7,153.0,88.0,SULUT,4.7,126.29,15,1.0,1.0
4.3,300.0,59.0,NTB,-7.96,117.33,8,1.0,1.0
5.3,10.0,212.0,SULUT,4.04,128.59,15,3.0,3.0
4.4,10.0,134.0,MALUT,1.58,126.37,5,0.0,2.0
2.8,11.0,26.0,MALUKUTENGAH,-3.07,128.9,3,2.0,0.0
3.6,28.0,90.0,NTB,-9.47,115.92,8,0.0,2.0
4.0,10.0,136.0,SULUT,1.63,126.34,15,0.0,2.0
4.6,164.0,225.0,MALUKUTENGGARABRT,-6.34,130.1,25,3.0,3.0
3.3,10.0,10.0,SULBAR,-3.0,119.35,30,2.0,0.0
4.8,11.0,108.0,ACEH,2.6,95.4,23,0.0,2.0
4.1,252.0,57.0,GORONTALO,-0.06,121.94,12,1.0,1.0
2.8,11.0,21.0,SULSEL,-2.46,121.02,17,2.0,0.0
2.2,10.0,42.0,SULTRA,-4.4,123.11,37,2.0,0.0
3.8,13.0,156.0,SUMBAR,-0.61,98.62,20,3.0,3.0
5.7,25.0,150.0,SUMUT,-0.63,98.43,2,3.0,3.0
2.4,23.0,55.0,NTB,-9.09,117.22,8,2.0,0.0
3.1,10.0,10.0,SUMUT,0.97,99.67,2,2.0,0.0
3.1,10.0,86.0,SULUT,0.86,125.64,15,0.0,2.0
3.6,10.0,37.0,SULUT,4.25,126.9,15,2.0,0.0
2.5,10.0,23.0,BALI,-8.16,114.88,22,2.0,0.0
3.2,10.0,62.0,NTT,-10.31,124.6,7,0.0,2.0
4.1,10.0,65.0,SULTENG,1.2,120.27,11,0.0,2.0
2.9,74.0,27.0,NTT,-8.53,120.23,7,1.0,1.0
3.4,35.0,72.0,MALUT,1.83,127.14,5,0.0,2.0
2.7,17.0,54.0,SULBAR,-3.82,119.02,30,2.0,0.0
4.1,213.0,274.0,MALUKUTENGAH,-5.6,129.85,3,3.0,3.0
3.4,10.0,112.0,SULTENG,1.07,119.76,11,0.0,2.0
4.9,10.0,515.0,SULUT,8.61,126.2,15,3.0,3.0
3.1,184.0,14.0,SULUT,0.25,123.96,15,1.0,1.0
3.2,31.0,32.0,NTT,-9.82,124.71,7,2.0,0.0
3.0,28.0,93.0,JABAR,-8.12,107.74,4,0.0,2.0
5.2,640.0,43.0,JATIM,-6.54,113.97,29,1.0,1.0
3.3,10.0,13.0,BALI,-8.24,114.54,22,2.0,0.0
3.1,240.0,21.0,GORONTALO,0.46,122.14,12,1.0,1.0
3.1,10.0,49.0,SULTENG,1.04,121.79,11,2.0,0.0
2.9,10.0,43.0,SULTENG,-1.33,120.37,11,2.0,0.0
5.3,28.0,657.0,PAPUA,-0.87,146.14,10,3.0,3.0
2.4,10.0,9.0,SULSEL,-2.59,121.26,17,2.0,0.0
3.4,10.0,33.0,ACEH,4.52,96.41,23,2.0,0.0
3.1,16.0,31.0,NTB,-8.32,116.44,8,2.0,0.0
2.7,61.0,43.0,BENGKULU,-2.95,101.85,13,1.0,1.0
3.5,28.0,32.0,PAPUA,-2.52,139.49,10,2.0,0.0
4.6,123.0,581.0,SULUT,9.16,125.82,15,3.0,3.0
4.6,168.0,100.0,MALUKUBRTDAYA,-7.65,128.54,14,1.0,1.0
3.2,10.0,4.0,SULTENG,-1.08,121.5,11,2.0,0.0
3.9,170.0,21.0,SUMUT,1.4,99.46,2,1.0,1.0
3.1,10.0,130.0,DIY,-9.15,110.41,28,0.0,2.0
3.6,10.0,97.0,DIY,-8.86,110.48,28,0.0,2.0
3.5,107.0,38.0,JATIM,-8.48,112.24,29,1.0,1.0
3.4,10.0,81.0,DIY,-8.72,110.53,28,0.0,2.0
3.4,10.0,81.0,DIY,-8.72,110.51,28,0.0,2.0
4.5,10.0,123.0,DIY,-9.09,110.42,28,0.0,2.0
3.0,18.0,14.0,NTT,-10.12,120.63,7,2.0,0.0
4.3,10.0,6.0,BALI,-8.33,114.54,22,2.0,0.0
4.3,129.0,25.0,NTT,-8.53,122.89,7,1.0,1.0
2.1,10.0,15.0,SULBAR,-2.94,119.46,30,2.0,0.0
3.1,11.0,46.0,MALUT,-2.04,125.55,5,2.0,0.0
4.0,27.0,46.0,BENGKULU,-4.48,102.45,13,2.0,0.0
3.0,26.0,85.0,JATENG,-8.41,109.36,33,0.0,2.0
4.5,132.0,60.0,SULUT,3.09,125.78,15,1.0,1.0
2.3,19.0,21.0,JABAR,-6.99,106.74,4,2.0,0.0
2.0,24.0,61.0,JABAR,-7.47,106.82,4,0.0,2.0
2.3,19.0,21.0,JABAR,-6.99,106.74,4,2.0,0.0
3.8,10.0,134.0,SULUT,0.18,125.68,15,0.0,2.0
3.5,10.0,139.0,JABAR,-8.95,108.61,4,0.0,2.0
2.8,10.0,33.0,ACEHSELATAN,2.99,97.28,38,2.0,0.0
4.0,25.0,178.0,MALUKUBRTDAYA,-7.71,129.34,14,0.0,2.0
3.4,23.0,112.0,MALUT,0.68,129.34,5,0.0,2.0
4.8,23.0,402.0,SULUT,7.58,126.13,15,3.0,3.0
3.6,126.0,75.0,GORONTALO,-0.14,123.19,12,1.0,1.0
4.9,112.0,55.0,JATIM,-8.63,112.23,29,1.0,1.0
4.8,87.0,46.0,JATIM,-8.55,112.21,29,1.0,1.0
3.2,118.0,29.0,GORONTALO,0.77,122.24,12,1.0,1.0
3.9,166.0,60.0,GORONTALO,0.0,123.08,12,1.0,1.0
4.0,17.0,78.0,MALUT,2.73,128.46,5,0.0,2.0
2.4,10.0,38.0,SULSEL,-2.08,120.26,17,2.0,0.0
3.4,36.0,97.0,MALUKU,-2.4,128.77,6,0.0,2.0
3.5,157.0,62.0,GORONTALO,0.02,123.35,12,1.0,1.0
4.1,10.0,304.0,JABAR,-9.9,106.85,4,3.0,3.0
3.7,10.0,242.0,JABAR,-9.27,106.98,4,3.0,3.0
4.4,10.0,55.0,SULTENG,1.22,121.79,11,2.0,0.0
2.8,19.0,36.0,SULTENG,-0.75,119.8,11,2.0,0.0
2.2,17.0,26.0,NTB,-8.31,118.54,8,2.0,0.0
3.3,10.0,43.0,MALUT,-0.3,127.32,5,2.0,0.0
4.5,142.0,66.0,MALUKUBRTDAYA,-7.72,128.2,14,1.0,1.0
3.4,10.0,138.0,JABAR,-8.31,107.3,4,0.0,2.0
3.7,57.0,33.0,GORONTALO,0.73,121.82,12,2.0,0.0
3.8,25.0,88.0,NTB,-9.51,117.1,8,0.0,2.0
2.6,62.0,83.0,JATENG,-8.43,108.75,33,0.0,2.0
4.6,131.0,80.0,GORONTALO,-0.13,123.41,12,1.0,1.0
4.8,101.0,477.0,SULUT,8.29,126.43,15,3.0,3.0
3.2,73.0,83.0,MALUT,1.5,126.86,5,0.0,2.0
3.8,10.0,37.0,MALUKU,-3.17,130.82,6,2.0,0.0
2.7,71.0,29.0,SUMUT,2.37,98.5,2,1.0,1.0
3.2,10.0,43.0,SULTENG,-0.74,121.69,11,2.0,0.0
2.6,10.0,29.0,SULTENG,-1.29,120.51,11,2.0,0.0
4.3,138.0,175.0,MALUKUBRTDAYA,-7.55,129.25,14,1.0,1.0
2.6,181.0,18.0,NTT,-8.54,121.4,7,1.0,1.0
2.6,33.0,86.0,NTB,-9.52,117.01,8,0.0,2.0
3.1,21.0,61.0,NTB,-7.9,118.68,8,0.0,2.0
3.2,13.0,64.0,NTB,-7.92,117.51,8,0.0,2.0
3.9,21.0,13.0,SULUT,3.99,126.56,15,2.0,0.0
4.8,10.0,19.0,KALSEL,-3.19,115.12,39,2.0,0.0
5.1,12.0,163.0,SULUT,5.07,125.32,15,0.0,2.0
1.4,109.0,52.0,JABAR,-7.49,107.51,4,1.0,1.0
5.7,179.0,215.0,MALUKUTENGGARABRT,-6.39,130.18,25,1.0,1.0
3.7,12.0,131.0,LAMPUNG,-6.62,104.36,16,0.0,2.0
3.0,10.0,91.0,SULTENG,-0.66,123.54,11,0.0,2.0
2.9,27.0,29.0,ACEHSINGKIL,2.08,97.85,35,2.0,0.0
2.8,85.0,67.0,NTT,-8.84,124.28,7,1.0,1.0
4.5,10.0,284.0,SULUT,6.37,125.72,15,3.0,3.0
2.9,18.0,111.0,SUMUT,0.26,96.75,2,0.0,2.0
4.3,71.0,257.0,MALUKUTENGGARABRT,-6.51,129.51,25,3.0,3.0
2.8,10.0,13.0,SULTENG,-1.27,120.74,11,2.0,0.0
3.7,10.0,86.0,MALUT,0.76,129.07,5,0.0,2.0
3.0,12.0,117.0,JABAR,-8.12,107.35,4,0.0,2.0
3.6,24.0,80.0,JABAR,-7.64,106.88,4,0.0,2.0
2.7,13.0,43.0,SULSEL,-2.67,120.4,17,2.0,0.0
2.4,10.0,25.0,NTT,-9.79,124.65,7,2.0,0.0
2.3,12.0,17.0,PAPUABRT,-1.79,133.43,1,2.0,0.0
4.0,63.0,76.0,NTB,-7.82,118.44,8,0.0,2.0
2.4,10.0,22.0,SUMBAR,-0.12,100.3,20,2.0,0.0
3.2,113.0,11.0,GORONTALO,0.36,121.98,12,1.0,1.0
3.6,25.0,130.0,MALUT,1.43,126.35,5,0.0,2.0
4.7,118.0,206.0,SULUT,5.85,126.47,15,3.0,3.0
4.2,10.0,93.0,PAPUA,-2.18,140.1,10,0.0,2.0
5.3,41.0,409.0,SULUT,7.54,125.64,15,3.0,3.0
2.4,10.0,15.0,NTB,-8.85,116.96,8,2.0,0.0
3.2,57.0,109.0,JATIM,-9.12,112.54,29,0.0,2.0
3.2,27.0,144.0,SULUT,1.82,126.37,15,0.0,2.0
3.0,40.0,121.0,BALI,-9.28,114.03,22,0.0,2.0
2.9,24.0,26.0,NTT,-8.08,122.9,7,2.0,0.0
2.5,10.0,70.0,NTT,-9.92,121.81,7,0.0,2.0
3.5,10.0,35.0,MALUKU,-3.17,130.8,6,2.0,0.0
3.5,13.0,107.0,MALUT,0.91,126.41,5,0.0,2.0
3.5,10.0,93.0,SULUT,-0.05,124.85,15,0.0,2.0
4.7,10.0,579.0,SULUT,9.21,126.43,15,3.0,3.0
3.7,11.0,38.0,MALUKU,-3.21,130.82,6,2.0,0.0
3.9,10.0,34.0,MALUKU,-3.16,130.79,6,2.0,0.0
4.7,10.0,279.0,SULUT,6.4,125.92,15,3.0,3.0
5.3,18.0,39.0,MALUKU,-3.23,130.82,6,2.0,0.0
4.5,17.0,89.0,JABAR,-7.73,106.86,4,0.0,2.0
3.1,232.0,60.0,GORONTALO,-0.02,122.21,12,1.0,1.0
3.5,110.0,31.0,NTB,-8.7,118.91,8,1.0,1.0
3.5,47.0,20.0,GORONTALO,0.6,122.52,12,2.0,0.0
3.4,34.0,20.0,ACEHBARAT,4.07,95.96,40,2.0,0.0
4.2,170.0,32.0,SUMUT,2.61,99.02,2,1.0,1.0
4.1,153.0,53.0,SULUT,0.18,123.55,15,1.0,1.0
2.9,72.0,15.0,SULUT,0.24,123.99,15,1.0,1.0
4.3,117.0,127.0,MALUKUTENGGARA,-5.27,131.66,41,1.0,1.0
1.9,48.0,30.0,PAPUA,-3.45,135.48,10,2.0,0.0
3.1,14.0,68.0,NTB,-7.89,117.55,8,0.0,2.0
3.5,10.0,181.0,BANTEN,-8.47,105.72,21,3.0,3.0
5.3,10.0,520.0,SULUT,8.66,127.11,15,3.0,3.0
5.2,10.0,571.0,SULUT,9.13,127.06,15,3.0,3.0
3.0,10.0,16.0,SULSEL,-2.44,121.19,17,2.0,0.0
3.3,13.0,34.0,SULBAR,-3.41,118.84,30,2.0,0.0
3.9,64.0,150.0,MALUKU,-4.3,131.13,6,0.0,2.0
4.2,10.0,96.0,SULUT,-0.44,124.28,15,0.0,2.0
4.8,13.0,416.0,SULUT,7.73,127.02,15,3.0,3.0
2.7,10.0,79.0,JABAR,-7.67,106.76,4,0.0,2.0
2.6,10.0,42.0,NTT,-8.39,121.56,7,2.0,0.0
3.4,106.0,68.0,MALUT,1.66,127.06,5,1.0,1.0
3.3,86.0,85.0,SULUT,0.0,124.72,15,1.0,1.0
2.0,57.0,28.0,ACEH,2.87,97.88,23,1.0,1.0
2.9,21.0,7.0,NTT,-9.6,119.53,7,2.0,0.0
2.8,22.0,72.0,SUMUT,0.73,98.45,2,0.0,2.0
2.6,28.0,67.0,BANTEN,-7.54,106.22,21,0.0,2.0
3.6,179.0,110.0,NTB,-9.4,117.97,8,1.0,1.0
3.2,180.0,161.0,SULUT,5.06,125.43,15,1.0,1.0
5.2,54.0,516.0,SULUT,8.64,126.41,15,3.0,3.0
3.1,10.0,118.0,PAPUA,-2.28,140.76,10,0.0,2.0
2.7,94.0,32.0,NTT,-8.41,122.41,7,1.0,1.0
2.8,25.0,56.0,NTB,-7.94,118.69,8,2.0,0.0
3.8,18.0,25.0,SULUT,3.81,126.8,15,2.0,0.0
2.8,110.0,7.0,NTB,-8.53,118.4,8,1.0,1.0
5.2,15.0,1320.0,SUMBAR,-10.44,91.18,20,3.0,3.0
3.6,10.0,50.0,SULUT,1.33,123.97,15,2.0,0.0
2.9,10.0,7.0,JABAR,-6.78,107.09,4,2.0,0.0
5.7,18.0,89.0,SUMBAR,-2.14,100.39,20,0.0,2.0
3.8,10.0,45.0,NTT,-8.31,121.49,7,2.0,0.0
4.5,74.0,723.0,ACEH,12.12,93.41,23,3.0,3.0
2.3,10.0,18.0,JATIM,-8.06,113.08,29,2.0,0.0
2.9,10.0,55.0,SULTENG,-0.79,121.93,11,2.0,0.0
3.2,20.0,33.0,SUMBAR,-2.23,99.35,20,2.0,0.0
3.2,10.0,108.0,JABAR,-7.91,106.86,4,0.0,2.0
3.4,10.0,179.0,BALI,-9.82,113.93,22,3.0,3.0
2.6,21.0,112.0,JABAR,-7.96,106.82,4,0.0,2.0
2.3,10.0,28.0,JABAR,-7.25,107.64,4,2.0,0.0
3.9,60.0,75.0,NTT,-8.98,124.11,7,0.0,2.0
1.9,24.0,36.0,NTT,-9.88,120.5,7,2.0,0.0
4.7,106.0,14.0,SUMUT,1.91,98.89,2,1.0,1.0
4.3,584.0,173.0,NTT,-6.89,125.23,7,1.0,1.0
2.9,10.0,85.0,PAPUA,-2.26,140.1,10,0.0,2.0
4.3,584.0,173.0,NTT,-6.89,125.23,7,1.0,1.0
2.9,10.0,85.0,PAPUA,-2.26,140.1,10,0.0,2.0
3.8,10.0,18.0,NTT,-8.99,124.86,7,2.0,0.0
3.6,10.0,168.0,JATIM,-9.62,112.88,29,3.0,3.0
2.9,10.0,58.0,MALUKUTENGAH,-2.77,128.96,3,2.0,0.0
3.7,17.0,19.0,SUMUT,1.34,97.21,2,2.0,0.0
4.8,163.0,41.0,MALUKUBRTDAYA,-7.81,127.65,14,1.0,1.0
3.9,10.0,61.0,PAPUABRT,-0.68,133.35,1,2.0,0.0
3.1,13.0,130.0,NTB,-9.6,117.79,8,0.0,2.0
3.8,20.0,98.0,SULUT,-0.37,124.46,15,0.0,2.0
3.6,23.0,80.0,NTB,-7.86,117.78,8,0.0,2.0
2.9,153.0,37.0,NTT,-8.34,119.59,7,1.0,1.0
4.8,10.0,97.0,SULUT,-0.44,124.3,15,0.0,2.0
2.2,26.0,26.0,JATENG,-7.16,109.79,33,2.0,0.0
3.3,17.0,20.0,PAPUA,-2.57,139.36,10,2.0,0.0
4.5,10.0,287.0,SULUT,6.43,125.8,15,3.0,3.0
4.6,10.0,139.0,ACEHJAYA,4.51,94.33,36,3.0,3.0
3.4,18.0,71.0,BANTEN,-7.54,106.05,21,0.0,2.0
3.1,10.0,77.0,BANTEN,-7.57,105.97,21,0.0,2.0
2.5,10.0,12.0,SUMBAR,-0.24,100.46,20,2.0,0.0
3.8,140.0,78.0,MALUKUBRTDAYA,-7.65,128.29,14,1.0,1.0
3.9,10.0,58.0,NTB,-8.08,117.75,8,2.0,2.0
3.6,10.0,127.0,MALUKU,-4.69,133.82,6,0.0,2.0
3.5,29.0,33.0,SULTENG,1.23,121.21,11,2.0,0.0
5.3,10.0,136.0,MALUT,2.48,127.02,5,0.0,2.0
3.3,10.0,61.0,BANTEN,-7.02,105.15,21,0.0,2.0
3.2,11.0,26.0,ACEHSELATAN,3.1,97.38,38,2.0,0.0
3.8,10.0,35.0,PAPUA,-4.04,139.12,10,2.0,0.0
3.3,10.0,94.0,JABAR,-7.77,106.93,4,0.0,2.0
3.9,10.0,55.0,PAPUABRT,-0.61,131.71,1,2.0,0.0
2.7,151.0,37.0,GORONTALO,0.2,122.41,12,1.0,1.0
3.7,16.0,117.0,LAMPUNG,-6.51,104.43,16,0.0,2.0
3.3,134.0,66.0,GORONTALO,-0.05,123.27,12,1.0,1.0
3.3,32.0,134.0,MALUT,1.66,126.41,5,0.0,2.0
4.1,181.0,7.0,MALUT,1.12,127.5,5,1.0,1.0
4.7,10.0,490.0,SULUT,8.4,126.3,15,3.0,3.0
3.6,10.0,77.0,MALUT,-1.72,128.39,5,0.0,2.0
2.7,10.0,40.0,ACEH,4.63,96.3,23,2.0,0.0
2.0,10.0,40.0,SULTENG,-1.18,120.18,11,2.0,0.0
2.6,11.0,8.0,NTT,-8.31,124.48,7,2.0,0.0
2.5,10.0,69.0,PAPUABRT,-1.95,133.95,1,0.0,2.0
3.1,10.0,66.0,NTB,-8.93,117.83,8,0.0,2.0
3.2,10.0,33.0,JABAR,-7.32,107.61,4,2.0,0.0
4.6,43.0,26.0,PAPUA,-2.14,138.28,10,2.0,0.0
2.8,23.0,6.0,MALUKUTENGAH,-3.33,128.91,3,2.0,0.0
3.1,39.0,1.0,NTT,-9.77,119.37,7,2.0,0.0
5.1,115.0,503.0,SULUT,8.5,127.23,15,3.0,3.0
3.1,39.0,81.0,NTT,-8.97,124.02,7,0.0,2.0
3.6,35.0,21.0,SULTENG,0.78,121.38,11,2.0,0.0
2.9,10.0,136.0,MALUT,0.62,126.15,5,0.0,2.0
3.1,10.0,15.0,SUMBAR,0.21,99.93,20,2.0,0.0
3.5,102.0,70.0,SULUT,-0.05,123.52,15,1.0,1.0
4.5,75.0,126.0,SULUT,5.08,126.33,15,0.0,2.0
3.7,220.0,78.0,MALUT,2.71,128.53,5,1.0,1.0
3.5,10.0,78.0,SULTENG,-1.88,122.62,11,0.0,2.0
3.6,12.0,93.0,NTT,-9.65,121.9,7,0.0,2.0
3.2,112.0,52.0,NTT,-8.92,119.19,7,1.0,1.0
2.8,10.0,20.0,SULSEL,-2.92,119.65,17,2.0,0.0
4.0,10.0,147.0,JATIM,-5.68,112.56,29,0.0,2.0
4.1,10.0,123.0,JATIM,-5.89,112.5,29,0.0,2.0
3.9,12.0,115.0,JATIM,-5.94,112.45,29,0.0,2.0
4.6,313.0,56.0,SULUT,1.34,123.56,15,1.0,1.0
4.1,446.0,152.0,SULUT,2.24,122.91,15,1.0,1.0
3.6,10.0,100.0,JATIM,-6.0,112.15,29,0.0,2.0
3.9,15.0,66.0,PAPUA,-2.36,137.03,10,2.0,2.0
3.3,10.0,114.0,NTT,-9.76,117.97,7,0.0,2.0
4.3,11.0,58.0,NTB,-8.42,119.27,8,2.0,2.0
3.9,186.0,16.0,GORONTALO,0.35,122.05,12,1.0,1.0
3.8,10.0,122.0,JATIM,-5.84,112.36,29,0.0,2.0
3.3,34.0,66.0,SULUT,0.85,125.36,15,0.0,2.0
2.6,10.0,98.0,SULTENG,-0.51,120.81,11,0.0,2.0
3.3,10.0,134.0,JATIM,-5.72,112.33,29,0.0,2.0
3.8,23.0,74.0,BANTEN,-6.41,104.96,21,0.0,2.0
4.5,10.0,142.0,MALUT,2.45,126.92,5,0.0,2.0
4.4,10.0,114.0,MALUT,-0.97,128.6,5,0.0,2.0
2.4,10.0,52.0,SULTENG,-1.85,120.88,11,2.0,0.0
2.7,82.0,39.0,GORONTALO,0.6,121.62,12,1.0,1.0
3.7,12.0,30.0,PAPUA,-2.23,139.07,10,2.0,0.0
3.0,10.0,90.0,NTT,-9.74,121.87,7,0.0,2.0
4.0,10.0,70.0,NTT,-9.41,123.63,7,0.0,2.0
4.3,10.0,164.0,ACEH,5.39,93.93,23,3.0,3.0
4.4,10.0,32.0,SULUT,3.91,126.96,15,2.0,0.0
3.0,21.0,79.0,JABAR,-7.7,106.56,4,0.0,2.0
3.0,156.0,35.0,GORONTALO,0.23,122.17,12,1.0,1.0
4.5,184.0,222.0,MALUKUBRTDAYA,-7.01,129.44,14,1.0,1.0
4.4,197.0,208.0,MALUKUTENGGARABRT,-6.89,129.77,25,1.0,1.0
1.9,20.0,25.0,PAPUABRT,-1.17,133.9,1,2.0,0.0
4.0,20.0,64.0,PAPUA,-2.04,136.67,10,2.0,0.0
3.3,19.0,45.0,JATENG,-6.5,111.69,33,2.0,0.0
3.4,27.0,62.0,BANTEN,-7.43,106.0,21,0.0,2.0
4.1,10.0,130.0,JATIM,-5.76,112.34,29,0.0,2.0
5.3,59.0,775.0,PAPUA,-6.65,147.29,10,3.0,3.0
3.2,165.0,33.0,NTT,-8.34,120.15,7,1.0,1.0
4.4,10.0,134.0,MALUT,2.09,126.63,5,0.0,2.0
2.9,10.0,17.0,JABAR,-6.71,106.69,4,2.0,0.0
3.1,11.0,76.0,NTT,-10.12,118.55,7,0.0,2.0
3.9,97.0,85.0,JATIM,-6.16,112.27,29,1.0,1.0
2.8,10.0,21.0,SULBAR,-2.09,119.68,30,2.0,0.0
3.8,10.0,144.0,JATIM,-5.7,112.54,29,0.0,2.0
4.6,128.0,39.0,SULUT,0.07,123.81,15,1.0,1.0
4.1,10.0,177.0,JATIM,-5.3,112.14,29,3.0,3.0
3.2,29.0,38.0,BANTEN,-7.26,106.14,21,2.0,0.0
3.1,547.0,128.0,SULSEL,-7.44,120.57,17,1.0,1.0
5.3,10.0,439.0,BENGKULU,-8.81,100.36,13,3.0,3.0
3.8,48.0,26.0,BENGKULUUTARA,-3.62,102.04,31,2.0,0.0
4.2,10.0,158.0,JATIM,-5.59,112.61,29,0.0,3.0
4.1,13.0,100.0,JATIM,-6.08,112.43,29,0.0,2.0
3.9,10.0,93.0,JATIM,-6.1,112.3,29,0.0,2.0
2.9,10.0,49.0,SULTENG,-1.79,120.55,11,2.0,0.0
3.9,10.0,136.0,SULUT,0.02,125.59,15,0.0,2.0
3.8,10.0,48.0,SULTENG,-1.59,120.36,11,2.0,0.0
4.5,10.0,177.0,JATIM,-5.37,112.51,29,3.0,3.0
3.7,10.0,131.0,JATIM,-5.79,112.45,29,0.0,2.0
3.2,10.0,95.0,NTT,-7.85,125.29,7,0.0,2.0
3.1,10.0,25.0,SULTENG,1.1,120.7,11,2.0,0.0
3.9,10.0,174.0,SULUT,5.47,126.12,15,0.0,3.0
3.4,10.0,27.0,PAPUABRT,-2.62,134.4,1,2.0,0.0
4.0,108.0,10.0,NTB,-8.6,118.4,8,1.0,1.0
3.5,10.0,129.0,JATIM,-5.8,112.43,29,0.0,2.0
3.6,10.0,136.0,JATIM,-5.74,112.46,29,0.0,2.0
4.4,10.0,129.0,SULUT,4.96,127.34,15,0.0,2.0
4.1,25.0,88.0,NTT,-9.11,122.84,7,0.0,2.0
5.8,27.0,31.0,BENGKULUSELATAN,-4.66,102.72,18,2.0,0.0
4.5,10.0,129.0,JATIM,-5.78,112.37,29,0.0,2.0
3.5,10.0,125.0,MALUT,0.49,126.27,5,0.0,2.0
4.0,10.0,144.0,JATIM,-5.66,112.45,29,0.0,2.0
3.6,10.0,127.0,JATIM,-5.79,112.35,29,0.0,2.0
4.2,10.0,69.0,BANTEN,-7.07,105.1,21,0.0,2.0
4.1,6.0,130.0,JATIM,-5.76,112.34,29,0.0,2.0
4.2,10.0,141.0,JATIM,-5.71,112.5,29,0.0,2.0
3.3,10.0,141.0,JATIM,-5.67,112.39,29,0.0,2.0
3.2,77.0,21.0,GORONTALO,0.34,122.32,12,1.0,1.0
4.9,20.0,85.0,BENGKULU,-4.64,101.96,13,0.0,2.0
3.5,10.0,107.0,MALUKUTENGAH,-2.57,129.59,3,0.0,2.0
3.6,78.0,88.0,GORONTALO,-0.26,123.11,12,0.0,2.0
4.5,13.0,133.0,JATIM,-5.78,112.47,29,0.0,2.0
4.4,10.0,139.0,JATIM,-5.69,112.39,29,0.0,2.0
4.3,541.0,318.0,SULUT,6.05,123.98,15,1.0,1.0
3.7,10.0,135.0,MALUT,2.31,126.83,5,0.0,2.0
4.1,10.0,167.0,JATIM,-5.54,112.69,29,3.0,3.0
2.7,298.0,71.0,PAPUABRT,-0.4,131.72,1,1.0,1.0
4.0,10.0,156.0,JATIM,-5.56,112.48,29,0.0,2.0
4.1,10.0,129.0,JATIM,-5.76,112.3,29,0.0,2.0
3.6,10.0,148.0,JATIM,-5.63,112.47,29,0.0,2.0
2.4,10.0,19.0,SUMBAR,0.23,99.96,20,2.0,0.0
3.5,81.0,111.0,JATIM,-5.94,112.33,29,0.0,2.0
3.7,10.0,137.0,JATIM,-5.72,112.42,29,0.0,2.0
3.3,10.0,142.0,JATIM,-5.65,112.34,29,0.0,2.0
2.6,65.0,28.0,SULTENG,0.51,121.05,11,2.0,1.0
3.3,10.0,116.0,JATIM,-5.89,112.33,29,0.0,2.0
3.7,10.0,132.0,JATIM,-5.73,112.29,29,0.0,2.0
2.4,10.0,18.0,SULSEL,-3.88,119.89,17,2.0,0.0
3.3,14.0,119.0,JATIM,-5.87,112.36,29,0.0,2.0
4.1,10.0,127.0,JATIM,-5.78,112.29,29,0.0,2.0
3.6,10.0,136.0,JATIM,-5.72,112.39,29,0.0,2.0
3.7,10.0,124.0,JATIM,-5.82,112.33,29,0.0,2.0
3.1,25.0,2.0,NTT,-9.69,119.86,7,2.0,0.0
3.3,10.0,135.0,JATIM,-5.73,112.38,29,0.0,2.0
4.5,10.0,143.0,JATIM,-5.64,112.34,29,0.0,2.0
6.1,10.0,132.0,JATIM,-5.74,112.32,29,0.0,2.0
3.4,10.0,18.0,BANTEN,-6.63,105.74,21,2.0,0.0
4.4,10.0,71.0,PAPUA,-4.26,137.06,10,0.0,2.0
2.6,10.0,20.0,SULSEL,-2.43,121.07,17,2.0,0.0
4.2,35.0,57.0,SULUT,3.61,126.34,15,2.0,0.0
3.3,221.0,52.0,MALUT,2.48,128.49,5,1.0,1.0
3.6,10.0,13.0,SUMBAR,0.22,100.08,20,2.0,0.0
4.1,17.0,84.0,ACEHJAYA,4.88,94.86,36,0.0,2.0
3.4,10.0,57.0,SULSEL,-2.14,120.9,17,2.0,2.0
5.4,10.0,83.0,PAPUA,-1.83,137.5,10,0.0,2.0
3.3,10.0,81.0,MALUT,0.44,126.71,5,0.0,2.0
2.8,29.0,77.0,SUMBAR,-2.05,100.57,20,0.0,2.0
2.0,53.0,21.0,GORONTALO,0.85,122.68,12,2.0,0.0
3.4,26.0,83.0,BENGKULU,-3.34,101.45,13,0.0,2.0
3.8,19.0,18.0,SUMUT,0.81,97.44,2,2.0,0.0
2.5,25.0,95.0,GORONTALO,-0.32,123.04,12,0.0,2.0
4.8,152.0,111.0,MALUKUBRTDAYA,-7.5,128.56,14,1.0,1.0
3.2,10.0,88.0,SULTENG,-0.78,123.63,11,0.0,2.0
4.6,170.0,166.0,MALUKUBRTDAYA,-7.3,129.02,14,1.0,1.0
5.3,21.0,83.0,SUMBAR,-2.09,100.44,20,0.0,2.0
3.0,10.0,27.0,SULTENG,-1.15,120.7,11,2.0,0.0
2.5,19.0,68.0,PAPUA,-2.39,140.02,10,2.0,2.0
3.1,112.0,40.0,SUMUT,0.51,99.61,2,1.0,1.0
2.5,10.0,24.0,SULSEL,-2.51,121.38,17,2.0,0.0
3.9,65.0,71.0,BALI,-8.99,114.58,22,0.0,2.0
3.4,20.0,84.0,BENGKULU,-5.78,102.89,13,0.0,2.0
2.7,22.0,71.0,JABAR,-8.01,107.93,4,0.0,2.0
3.7,10.0,85.0,PAPUA,-2.26,140.1,10,0.0,2.0
4.7,58.0,167.0,MALUKUTENGGARABRT,-6.68,130.53,25,0.0,2.0
3.6,25.0,43.0,NTT,-10.38,123.88,7,2.0,0.0
3.0,39.0,34.0,BENGKULUSELATAN,-4.64,102.67,18,2.0,0.0
4.8,153.0,45.0,MALUKUBRTDAYA,-7.75,127.86,14,1.0,1.0
4.9,14.0,110.0,MALUT,1.19,126.46,5,0.0,2.0
4.0,30.0,114.0,BENGKULU,-6.02,103.05,13,0.0,2.0
3.8,13.0,178.0,NTT,-11.37,118.99,7,3.0,3.0
3.6,12.0,38.0,NTT,-8.15,119.88,7,2.0,0.0
3.3,10.0,96.0,NTB,-9.57,116.26,8,0.0,2.0
3.5,163.0,30.0,NTT,-8.34,119.67,7,1.0,1.0
2.7,145.0,40.0,GORONTALO,0.12,122.09,12,1.0,1.0
2.9,148.0,58.0,GORONTALO,0.26,121.46,12,1.0,1.0
3.0,108.0,10.0,NTB,-8.61,118.41,8,1.0,1.0
1.9,10.0,56.0,NTB,-8.76,117.85,8,2.0,2.0
4.8,105.0,115.0,SULUT,4.84,127.29,15,1.0,1.0
4.8,25.0,102.0,SULUT,4.84,126.3,15,0.0,2.0
3.7,13.0,76.0,PAPUA,-1.94,139.64,10,0.0,2.0
4.5,10.0,147.0,JATIM,-9.46,113.22,29,0.0,2.0
4.2,26.0,24.0,NTT,-9.17,119.16,7,2.0,0.0
4.4,10.0,286.0,SULUT,6.45,125.89,15,3.0,3.0
3.8,10.0,67.0,SUMBAR,-0.62,99.51,20,0.0,2.0
2.8,10.0,13.0,SULSEL,-2.46,121.15,17,2.0,0.0
4.1,10.0,79.0,MALUKUTENGAH,-2.69,129.33,3,0.0,2.0
3.3,10.0,63.0,SULTENG,-0.85,122.05,11,0.0,2.0
3.5,10.0,63.0,SULTENG,-0.88,122.06,11,0.0,2.0
3.1,19.0,116.0,JABAR,-7.96,107.01,4,0.0,2.0
2.5,11.0,22.0,ACEH,5.19,96.25,23,2.0,0.0
2.7,10.0,3.0,SULSEL,-2.61,121.16,17,2.0,0.0
3.6,10.0,15.0,SULTENG,-1.65,121.22,11,2.0,0.0
4.6,15.0,91.0,SULUT,0.15,125.17,15,0.0,2.0
4.0,16.0,162.0,SUMUT,-0.68,98.57,2,3.0,3.0
3.6,10.0,81.0,MALUKU,-3.76,130.17,6,0.0,2.0
3.6,35.0,65.0,SULUT,0.85,125.35,15,0.0,2.0
3.1,10.0,9.0,JABAR,-6.64,107.81,4,2.0,0.0
4.2,154.0,37.0,SULUT,0.1,123.79,15,1.0,1.0
3.2,50.0,17.0,NTT,-9.53,120.18,7,2.0,0.0
2.7,109.0,7.0,NTB,-8.56,118.4,8,1.0,1.0
3.3,10.0,140.0,MALUT,0.23,126.22,5,0.0,2.0
2.6,21.0,20.0,NTT,-10.5,120.16,7,2.0,0.0
4.4,10.0,111.0,JATIM,-9.14,112.64,29,0.0,2.0
4.1,421.0,202.0,MALUKU,-4.49,125.75,6,1.0,1.0
4.6,10.0,53.0,MALUT,-1.09,127.31,5,2.0,0.0
2.9,157.0,64.0,NTB,-8.21,117.98,8,1.0,1.0
3.8,13.0,41.0,PAPUABRT,-0.78,133.5,1,2.0,0.0
3.9,14.0,58.0,NTT,-10.49,123.71,7,2.0,0.0
3.5,10.0,20.0,MALUKU,-3.14,130.67,6,2.0,0.0
5.4,10.0,112.0,MALUKU,-4.76,134.11,6,0.0,2.0
2.3,77.0,25.0,GORONTALO,0.23,121.91,12,1.0,1.0
2.3,10.0,38.0,SULTENG,-1.43,120.23,11,2.0,0.0
4.9,37.0,462.0,SULUT,8.12,127.24,15,3.0,3.0
2.4,10.0,22.0,JABAR,-7.21,107.61,4,2.0,0.0
2.0,53.0,46.0,NTT,-9.01,119.36,7,2.0,0.0
1.6,10.0,29.0,SULTRA,-4.55,122.54,37,2.0,0.0
2.5,13.0,63.0,NTT,-10.13,118.79,7,0.0,2.0
2.0,23.0,34.0,NTT,-8.19,119.85,7,2.0,0.0
3.7,12.0,58.0,PAPUA,-4.98,139.73,10,2.0,0.0
4.4,100.0,427.0,SULUT,7.84,126.46,15,3.0,3.0
1.8,10.0,20.0,NTT,-9.96,124.44,7,2.0,0.0
3.1,24.0,57.0,SULUT,-0.12,124.14,15,2.0,0.0
2.7,10.0,195.0,NTB,-10.42,117.42,8,3.0,3.0
3.6,23.0,53.0,BENGKULUSELATAN,-4.92,102.8,18,0.0,2.0
2.0,18.0,21.0,NTB,-8.48,117.23,8,2.0,0.0
4.4,10.0,96.0,SULUT,-0.41,124.35,15,0.0,2.0
2.7,74.0,30.0,JATIM,-8.36,111.76,29,1.0,1.0
3.4,159.0,30.0,NTT,-8.36,119.65,7,1.0,1.0
2.7,10.0,13.0,SULTENG,0.88,121.43,11,2.0,0.0
3.8,48.0,18.0,BENGKULUUTARA,-3.44,102.03,31,2.0,0.0
3.1,23.0,28.0,SULTENG,0.76,121.51,11,2.0,0.0
3.5,17.0,97.0,SULSEL,-6.91,121.12,17,0.0,2.0
2.6,40.0,36.0,GORONTALO,0.94,122.58,12,2.0,0.0
3.2,10.0,94.0,JATIM,-7.16,114.72,29,0.0,2.0
2.6,65.0,53.0,MALUT,1.06,126.98,5,2.0,0.0
2.7,177.0,71.0,NTT,-7.92,120.18,7,1.0,1.0
2.9,10.0,26.0,SULTENG,-2.85,121.72,11,2.0,0.0
3.5,180.0,274.0,MALUKUTENGGARABRT,-5.77,130.19,25,3.0,3.0
4.4,34.0,69.0,MALUT,1.89,127.26,5,0.0,2.0
4.0,10.0,129.0,SULUT,2.95,127.18,15,0.0,2.0
4.6,75.0,163.0,SULUT,5.47,126.59,15,0.0,2.0
4.5,122.0,85.0,MALUT,2.79,128.11,5,1.0,1.0
3.6,10.0,15.0,NTT,-9.76,119.6,7,2.0,0.0
3.6,10.0,62.0,SULTENG,-2.87,122.44,11,0.0,2.0
5.0,166.0,232.0,SULUT,5.86,125.73,15,3.0,3.0
3.1,10.0,15.0,SULTENG,-2.8,121.81,11,2.0,0.0
2.5,10.0,27.0,SULTENG,-2.88,121.73,11,2.0,0.0
3.4,10.0,145.0,DIY,-9.27,110.32,28,0.0,2.0
3.9,27.0,50.0,SULUT,3.6,126.89,15,2.0,0.0
4.0,10.0,290.0,DIY,-10.36,109.47,28,3.0,3.0
3.9,555.0,276.0,NTT,-6.31,126.06,7,1.0,1.0
3.6,10.0,100.0,PAPUABRT,-4.1,133.54,1,0.0,2.0
4.2,137.0,133.0,PAPUABRT,-4.49,133.85,1,1.0,1.0
4.7,10.0,75.0,SUMUT,0.54,98.49,2,0.0,2.0
3.3,195.0,116.0,MALUKUTENGAH,-4.33,129.14,3,1.0,1.0
2.6,142.0,10.0,NTB,-8.42,118.83,8,1.0,1.0
3.1,10.0,87.0,SULTENG,-1.91,122.53,11,0.0,2.0
3.1,10.0,15.0,SULBAR,-2.92,119.46,30,2.0,0.0
3.2,10.0,81.0,SUMUT,0.58,98.55,2,0.0,2.0
4.2,10.0,95.0,SULUT,0.11,125.18,15,0.0,2.0
4.0,10.0,37.0,ACEH,4.51,96.51,23,2.0,0.0
3.9,10.0,35.0,PAPUA,-4.78,139.68,10,2.0,0.0
5.6,78.0,512.0,SULUT,8.6,127.02,15,3.0,3.0
5.4,10.0,22.0,PAPUA,-4.7,139.54,10,2.0,0.0
4.6,457.0,119.0,GORONTALO,1.75,122.38,12,1.0,1.0
2.6,55.0,66.0,NTT,-9.04,122.63,7,0.0,2.0
4.6,12.0,141.0,SULUT,5.19,126.22,15,0.0,2.0
2.3,10.0,47.0,SULTENG,-1.66,120.42,11,2.0,0.0
2.7,10.0,48.0,SULSEL,-2.32,120.82,17,2.0,0.0
4.5,23.0,54.0,SUMUT,1.69,96.94,2,0.0,2.0
5.1,10.0,401.0,PAPUA,-3.95,144.32,10,3.0,3.0
4.0,10.0,264.0,NTB,-11.13,116.75,8,3.0,3.0
4.5,195.0,190.0,MALUKUTENGGARABRT,-7.04,129.87,25,1.0,1.0
4.4,10.0,117.0,MALUT,1.91,126.69,5,0.0,2.0
3.8,30.0,54.0,SUMUT,0.6,98.3,2,0.0,2.0
3.7,10.0,93.0,JABAR,-8.25,107.86,4,0.0,2.0
4.3,10.0,27.0,MALUKU,-3.43,126.92,6,2.0,0.0
3.8,27.0,55.0,BANTEN,-7.01,105.22,21,0.0,2.0
3.0,10.0,48.0,PAPUABRT,-2.46,134.13,1,2.0,0.0
2.9,10.0,27.0,SUMBAR,0.36,99.84,20,2.0,0.0
3.3,14.0,65.0,PAPUABRT,-1.44,134.27,1,2.0,2.0
3.4,10.0,66.0,PAPUABRT,-1.43,134.31,1,0.0,2.0
3.4,10.0,21.0,SULSEL,-2.49,121.0,17,2.0,0.0
2.9,10.0,59.0,SULSEL,-2.12,120.49,17,2.0,2.0
3.3,32.0,92.0,SUMBAR,-0.72,99.31,20,0.0,2.0
3.2,248.0,44.0,GORONTALO,0.2,122.57,12,1.0,1.0
4.3,34.0,71.0,SULUT,4.16,125.82,15,0.0,2.0
2.8,214.0,42.0,GORONTALO,0.15,122.27,12,1.0,1.0
3.6,10.0,67.0,PAPUABRT,-1.42,134.33,1,0.0,2.0
3.5,14.0,79.0,JABAR,-7.7,106.54,4,0.0,2.0
3.2,39.0,72.0,SULUT,1.42,125.77,15,0.0,2.0
3.5,33.0,87.0,GORONTALO,-0.19,122.83,12,0.0,2.0
3.5,22.0,45.0,ACEH,2.1,96.19,23,2.0,0.0
4.7,74.0,582.0,SULUT,9.09,127.92,15,3.0,3.0
6.6,10.0,151.0,JABAR,-8.42,107.26,4,3.0,3.0
3.9,10.0,126.0,JATIM,-5.78,112.27,29,0.0,2.0
2.9,5.0,11.0,JABAR,-6.84,107.0,4,2.0,0.0
4.9,159.0,202.0,MALUKUTENGGARABRT,-6.44,130.32,25,1.0,1.0
4.8,10.0,49.0,BANTEN,-7.08,105.42,21,2.0,0.0
4.2,10.0,60.0,SULTENG,-0.76,123.04,11,2.0,2.0
3.5,11.0,121.0,SULUT,1.01,126.13,15,0.0,2.0
3.3,299.0,21.0,JABAR,-6.67,107.95,4,1.0,1.0
3.6,388.0,103.0,NTT,-7.75,120.82,7,1.0,1.0
3.9,71.0,39.0,PAPUA,-2.63,139.52,10,2.0,0.0
3.9,10.0,126.0,ACEHJAYA,4.1,94.58,36,0.0,2.0
2.8,113.0,51.0,JABAR,-7.77,107.89,4,1.0,1.0
3.0,45.0,84.0,NTT,-9.23,123.84,7,0.0,2.0
3.6,16.0,37.0,MALUKUTENGAH,-2.96,128.94,3,2.0,0.0
3.7,36.0,97.0,GORONTALO,-0.31,122.92,12,0.0,2.0
4.8,10.0,118.0,GORONTALO,1.67,122.26,12,0.0,2.0
4.8,10.0,205.0,BALI,-10.63,115.0,22,3.0,3.0
3.4,90.0,15.0,BENGKULU,-4.16,102.69,13,1.0,1.0
3.6,13.0,48.0,NTT,-10.0,118.83,7,2.0,0.0
3.9,522.0,118.0,NTT,-7.31,124.96,7,1.0,1.0
3.3,57.0,81.0,NTT,-9.12,122.75,7,0.0,2.0
3.8,30.0,38.0,SULUT,3.65,126.71,15,2.0,0.0
3.2,10.0,19.0,PAPUA,-3.14,139.95,10,2.0,0.0
3.1,259.0,59.0,GORONTALO,-0.06,122.09,12,1.0,1.0
3.2,112.0,64.0,NTT,-8.83,119.32,7,1.0,1.0
4.1,10.0,36.0,SULSEL,-2.35,120.94,17,2.0,0.0
3.3,10.0,82.0,PAPUABRT,-1.43,134.53,1,0.0,2.0
3.0,42.0,60.0,NTT,-9.31,120.8,7,2.0,2.0
3.5,207.0,37.0,JAMBI,-2.2,102.36,19,1.0,1.0
3.9,10.0,33.0,MALUKU,-3.32,128.36,6,2.0,0.0
4.9,10.0,193.0,JABAR,-9.34,107.91,4,3.0,3.0
4.7,10.0,37.0,MALUKU,-3.32,128.41,6,2.0,0.0
3.1,52.0,77.0,NTT,-8.9,124.17,7,0.0,2.0
4.7,235.0,23.0,ACEH,6.1,95.28,23,1.0,1.0
4.7,21.0,109.0,SUMBAR,-2.92,100.01,20,0.0,2.0
4.9,10.0,372.0,SULUT,7.32,127.16,15,3.0,3.0
3.7,58.0,73.0,NTT,-8.92,123.97,7,0.0,2.0
3.9,12.0,137.0,LAMPUNG,-6.61,104.17,16,0.0,2.0
4.2,476.0,275.0,SULUT,5.41,123.78,15,1.0,1.0
3.4,11.0,68.0,NTB,-7.87,117.4,8,0.0,2.0
3.8,10.0,85.0,JABAR,-8.19,107.9,4,0.0,2.0
3.0,10.0,29.0,SULTENG,-2.71,121.64,11,2.0,0.0
3.3,23.0,46.0,ACEHBARATDAYA,3.48,96.74,34,2.0,0.0
5.1,156.0,45.0,GORONTALO,0.19,122.57,12,1.0,1.0
3.7,10.0,77.0,SULUT,-0.14,124.46,15,0.0,2.0
3.3,127.0,17.0,JABAR,-6.84,106.5,4,1.0,1.0
4.2,74.0,54.0,SULUT,-0.08,124.16,15,1.0,1.0
4.1,37.0,74.0,SUMUT,0.98,98.73,2,0.0,2.0
3.9,10.0,99.0,PAPUA,-2.37,140.5,10,0.0,2.0
4.3,10.0,65.0,PAPUA,-4.22,137.02,10,2.0,2.0
4.1,11.0,19.0,MALUT,-0.81,127.44,5,2.0,0.0
3.5,10.0,27.0,SULTENG,0.92,120.51,11,2.0,0.0
3.7,10.0,98.0,MALUKU,-2.68,129.71,6,0.0,2.0
4.2,390.0,226.0,MALUKUBRTDAYA,-6.12,127.6,14,1.0,1.0
3.2,103.0,7.0,NTB,-8.5,118.41,8,1.0,1.0
3.3,10.0,134.0,MALUT,2.16,126.69,5,0.0,2.0
4.3,114.0,58.0,MALUKUBRTDAYA,-7.67,127.57,14,1.0,1.0
4.2,10.0,73.0,SULTENG,-0.76,122.11,11,0.0,2.0
3.7,311.0,72.0,NTB,-7.84,117.45,8,1.0,1.0
4.0,33.0,58.0,SUMUT,1.02,98.88,2,0.0,2.0
3.3,10.0,17.0,SULSEL,-2.43,121.2,17,2.0,0.0
3.6,13.0,86.0,PAPUABRT,-1.48,134.54,1,0.0,2.0
3.5,97.0,81.0,NTB,-7.94,119.26,8,1.0,1.0
2.8,10.0,14.0,DIY,-7.97,110.48,28,2.0,0.0
3.3,10.0,3.0,JATIM,-7.13,111.86,29,2.0,0.0
3.5,10.0,45.0,SULSEL,-2.21,121.0,17,2.0,0.0
4.9,120.0,178.0,MALUKUTENGGARABRT,-6.41,130.93,25,0.0,2.0
4.7,11.0,50.0,MALUT,1.1,127.01,5,2.0,0.0
2.8,10.0,15.0,SULBAR,-2.84,119.44,30,2.0,0.0
4.9,52.0,73.0,JATENG,-8.36,109.19,33,0.0,2.0
2.3,10.0,21.0,SULTENG,-1.36,120.07,11,2.0,0.0
3.3,11.0,117.0,SUMBAR,-0.79,99.09,20,0.0,2.0
3.9,10.0,121.0,JATENG,-8.79,109.24,33,0.0,2.0
3.7,65.0,8.0,SULTENG,0.58,120.88,11,2.0,1.0
2.7,18.0,48.0,NTT,-8.18,120.39,7,2.0,0.0
3.1,10.0,35.0,MALUT,-0.6,127.81,5,2.0,0.0
4.3,612.0,210.0,SULUT,4.86,124.07,15,1.0,1.0
4.0,322.0,266.0,MALUKU,-5.84,129.06,6,1.0,1.0
3.6,30.0,97.0,BALI,-9.16,114.26,22,0.0,2.0
3.5,14.0,62.0,ACEH,3.0,96.18,23,0.0,2.0
3.6,11.0,129.0,NTB,-9.6,117.77,8,0.0,2.0
3.2,26.0,102.0,SUMBAR,-0.35,99.03,20,0.0,2.0
2.8,19.0,95.0,SULUT,-0.38,123.58,15,0.0,2.0
3.1,161.0,14.0,GORONTALO,0.36,122.03,12,1.0,1.0
2.8,101.0,85.0,SULUT,-0.33,123.69,15,1.0,1.0
3.2,272.0,117.0,MALUT,1.86,126.66,5,1.0,1.0
3.1,10.0,57.0,NTB,-8.32,117.99,8,2.0,2.0
4.5,52.0,113.0,SULUT,4.99,126.92,15,0.0,2.0
4.2,10.0,86.0,JATIM,-8.83,110.68,29,0.0,2.0
4.4,10.0,118.0,SUMBAR,-0.75,99.06,20,0.0,2.0
3.3,10.0,45.0,SULTENG,-2.82,122.29,11,2.0,0.0
2.7,28.0,33.0,NTT,-10.0,119.83,7,2.0,0.0
3.4,10.0,8.0,SULBAR,-2.91,119.4,30,2.0,0.0
4.4,208.0,12.0,SULUT,1.5,124.9,15,1.0,1.0
3.0,10.0,126.0,JATIM,-9.14,110.49,29,0.0,2.0
3.6,10.0,98.0,SULTRA,-3.19,123.31,37,0.0,2.0
4.1,280.0,56.0,SULUT,1.64,124.32,15,1.0,1.0
2.3,10.0,39.0,SULTENG,-0.77,121.66,11,2.0,0.0
3.2,10.0,59.0,MALUKUTENGAH,-2.86,129.27,3,2.0,0.0
2.5,22.0,53.0,NTT,-9.93,118.64,7,2.0,0.0
3.0,10.0,70.0,NTT,-8.01,122.38,7,0.0,2.0
3.5,85.0,85.0,GORONTALO,-0.18,122.87,12,1.0,1.0
3.4,37.0,11.0,SULUT,4.07,126.6,15,2.0,0.0
3.1,10.0,16.0,SUMUT,1.74,99.23,2,2.0,0.0
3.3,10.0,114.0,SULTRA,-3.14,123.56,37,0.0,2.0
4.8,10.0,64.0,BANTEN,-7.45,105.99,21,0.0,2.0
4.8,507.0,120.0,NTT,-7.3,125.0,7,1.0,1.0
3.1,107.0,19.0,BALI,-8.56,114.95,22,1.0,1.0
4.0,10.0,140.0,PAPUABRT,-1.11,129.61,1,0.0,2.0
3.1,111.0,74.0,GORONTALO,-0.08,122.88,12,1.0,1.0
4.2,10.0,189.0,MALUKUBRTDAYA,-6.77,128.79,14,3.0,3.0
3.5,10.0,200.0,JATIM,-9.89,110.54,29,3.0,3.0
4.4,490.0,248.0,SULUT,5.38,124.13,15,1.0,1.0
3.2,91.0,36.0,BENGKULU,-2.94,101.94,13,1.0,1.0
5.0,10.0,133.0,MALUT,2.18,126.72,5,0.0,2.0
3.5,10.0,127.0,MALUT,1.49,126.4,5,0.0,2.0
4.3,10.0,118.0,SULUT,1.24,126.17,15,0.0,2.0
3.6,29.0,11.0,NTT,-9.61,118.88,7,2.0,0.0
3.3,10.0,27.0,NTB,-8.22,116.79,8,2.0,0.0
3.6,247.0,93.0,NTT,-7.75,119.51,7,1.0,1.0
4.7,51.0,1018.0,SULUT,13.15,126.2,15,3.0,3.0
3.5,22.0,78.0,PAPUA,-2.31,140.06,10,0.0,2.0
4.9,10.0,136.0,MALUT,2.28,126.78,5,0.0,2.0
3.6,63.0,27.0,DIY,-8.15,110.31,28,2.0,1.0
3.4,10.0,137.0,JATIM,-5.71,112.39,29,0.0,2.0
3.2,11.0,75.0,MALUKUTENGAH,-2.83,129.45,3,0.0,2.0
3.5,10.0,77.0,MALUKUTENGAH,-2.8,129.45,3,0.0,2.0
3.7,10.0,79.0,MALUKUTENGAH,-2.8,129.47,3,0.0,2.0
3.0,10.0,75.0,MALUKUTENGAH,-2.82,129.44,3,0.0,2.0
4.1,11.0,78.0,MALUKUTENGAH,-2.74,129.39,3,0.0,2.0
3.9,10.0,248.0,JABAR,-9.37,107.0,4,3.0,3.0
3.2,10.0,139.0,MALUT,2.79,127.28,5,0.0,2.0
2.3,11.0,11.0,NTT,-9.55,119.08,7,2.0,0.0
4.3,10.0,354.0,JABAR,-10.19,106.49,4,3.0,3.0
1.7,69.0,32.0,NTT,-8.93,121.94,7,2.0,1.0
2.2,20.0,37.0,SULBAR,-3.17,118.6,30,2.0,0.0
2.9,102.0,15.0,BALI,-8.91,115.15,22,1.0,1.0
2.7,25.0,33.0,PAPUA,-2.76,139.27,10,2.0,0.0
2.4,10.0,12.0,SUMBAR,-0.59,100.39,20,2.0,0.0
4.7,13.0,35.0,SULUT,3.72,126.83,15,2.0,0.0
3.3,10.0,81.0,MALUKUTENGAH,-2.76,129.45,3,0.0,2.0
3.5,10.0,79.0,MALUKUTENGAH,-2.76,129.43,3,0.0,2.0
3.1,14.0,78.0,MALUT,1.22,126.78,5,0.0,2.0
3.9,15.0,75.0,MALUKUTENGAH,-2.88,129.49,3,0.0,2.0
3.6,10.0,153.0,JATIM,-9.51,113.16,29,0.0,2.0
2.8,146.0,70.0,GORONTALO,-0.05,123.38,12,1.0,1.0
2.8,10.0,74.0,MALUKUTENGAH,-2.8,129.4,3,0.0,2.0
4.8,10.0,78.0,MALUKUTENGAH,-2.78,129.43,3,0.0,2.0
3.0,10.0,18.0,BALI,-8.09,115.26,22,2.0,0.0
4.4,10.0,128.0,MALUT,2.74,127.37,5,0.0,2.0
1.7,21.0,30.0,NTT,-8.53,121.95,7,2.0,0.0
3.9,24.0,44.0,SULUT,0.43,124.85,15,2.0,0.0
3.2,30.0,29.0,ACEHSINGKIL,2.6,97.75,35,2.0,0.0
4.6,34.0,40.0,SULUT,4.31,126.87,15,2.0,0.0
3.2,10.0,128.0,SULUT,0.83,126.1,15,0.0,2.0
3.2,10.0,96.0,PAPUABRT,-1.27,134.79,1,0.0,2.0
3.5,10.0,141.0,JABAR,-8.19,106.97,4,0.0,2.0
3.6,25.0,70.0,ACEHBARATDAYA,3.39,96.51,34,0.0,2.0
3.4,44.0,6.0,NTT,-9.37,119.13,7,2.0,0.0
3.3,10.0,112.0,MALUT,2.52,127.36,5,0.0,2.0
3.0,151.0,9.0,SUMUT,1.56,99.56,2,1.0,1.0
3.0,151.0,9.0,SUMUT,1.56,99.56,2,1.0,1.0
3.5,90.0,18.0,NTT,-8.5,123.65,7,1.0,1.0
3.6,10.0,145.0,SULUT,2.8,127.2,15,0.0,2.0
2.9,10.0,64.0,PAPUABRT,-3.53,133.4,1,2.0,2.0
3.9,13.0,157.0,SULUT,3.65,128.05,15,0.0,2.0
2.5,10.0,14.0,MALUT,0.88,127.66,5,2.0,0.0
3.6,10.0,89.0,PAPUABRT,-1.51,134.54,1,0.0,2.0
2.6,18.0,74.0,NTT,-7.86,120.11,7,0.0,2.0
2.4,10.0,42.0,SULTENG,-1.69,120.12,11,2.0,0.0
2.5,17.0,53.0,NTB,-8.06,117.63,8,2.0,0.0
3.1,14.0,69.0,PAPUABRT,-1.41,134.38,1,0.0,2.0
3.7,10.0,26.0,SULSEL,-2.46,120.97,17,2.0,0.0
3.6,33.0,75.0,PAPUABRT,-1.51,134.32,1,0.0,2.0
4.0,10.0,89.0,PAPUABRT,-1.48,134.57,1,0.0,2.0
3.2,15.0,1.0,NTB,-8.48,117.04,8,2.0,0.0
3.3,10.0,143.0,JATIM,-5.71,112.55,29,0.0,2.0
2.7,10.0,73.0,MALUKUTENGAH,-2.83,129.42,3,0.0,2.0
4.6,13.0,74.0,MALUKUTENGAH,-2.79,129.4,3,0.0,2.0
2.3,10.0,67.0,SULTENG,-1.97,120.55,11,0.0,2.0
4.0,10.0,144.0,SULUT,2.8,127.19,15,0.0,2.0
2.2,10.0,32.0,NTT,-10.04,124.3,7,2.0,0.0
2.2,10.0,90.0,PAPUABRT,-1.45,134.61,1,0.0,2.0
3.6,10.0,142.0,MALUT,2.8,127.25,5,0.0,2.0
3.1,11.0,80.0,SULUT,0.3,125.17,15,0.0,2.0
3.9,10.0,57.0,NTB,-7.99,117.54,8,2.0,2.0
2.7,10.0,92.0,MALUKUTENGAH,-4.08,128.66,3,0.0,2.0
3.9,10.0,91.0,PAPUABRT,-1.5,134.58,1,0.0,2.0
3.6,91.0,11.0,NTB,-8.79,116.21,8,1.0,1.0
4.4,13.0,87.0,PAPUABRT,-1.49,134.54,1,0.0,2.0
3.5,10.0,93.0,PAPUABRT,-1.49,134.61,1,0.0,2.0
3.7,10.0,144.0,SULUT,2.8,127.19,15,0.0,2.0
3.9,10.0,139.0,JATIM,-5.74,112.53,29,0.0,2.0
3.7,10.0,139.0,MALUT,2.83,127.31,5,0.0,2.0
6.5,10.0,147.0,MALUT,2.75,127.14,5,0.0,2.0
4.9,10.0,94.0,PAPUABRT,-1.47,134.65,1,0.0,2.0
3.0,10.0,38.0,SULTENG,-1.24,121.22,11,2.0,0.0
4.2,10.0,92.0,PAPUABRT,-1.42,134.66,1,0.0,2.0
3.7,10.0,86.0,PAPUABRT,-1.48,134.53,1,0.0,2.0
3.6,10.0,28.0,SUMUT,1.76,99.08,2,2.0,0.0
4.7,25.0,38.0,BENGKULU,-4.84,103.01,13,2.0,0.0
2.7,10.0,85.0,PAPUABRT,-1.35,134.64,1,0.0,2.0
3.8,10.0,84.0,PAPUABRT,-1.48,134.51,1,0.0,2.0
6.1,10.0,89.0,PAPUABRT,-1.51,134.54,1,0.0,2.0
3.1,12.0,97.0,SULUT,1.67,125.97,15,0.0,2.0
3.8,156.0,28.0,SUMSEL,-4.24,103.39,26,1.0,1.0
3.4,10.0,41.0,PAPUA,-0.79,136.26,10,2.0,0.0
4.6,11.0,41.0,MALUKU,-2.83,127.9,6,2.0,0.0
4.0,164.0,31.0,GORONTALO,0.25,122.32,12,1.0,1.0
3.4,42.0,32.0,JABAR,-7.28,106.56,4,2.0,0.0
4.1,10.0,109.0,MALUT,0.66,129.32,5,0.0,2.0
4.0,113.0,16.0,NTB,-8.66,118.39,8,1.0,1.0
3.9,10.0,90.0,SULTRA,-3.33,123.45,37,0.0,2.0
4.6,62.0,106.0,SULUT,4.4,127.55,15,0.0,2.0
3.8,16.0,102.0,SULUT,3.3,127.28,15,0.0,2.0
3.8,10.0,199.0,JABAR,-9.5,108.45,4,3.0,3.0
4.7,155.0,66.0,MALUKUBRTDAYA,-7.76,128.25,14,1.0,1.0
2.9,14.0,109.0,LAMPUNG,-6.34,104.19,16,0.0,2.0
2.6,10.0,139.0,LAMPUNG,-6.58,104.08,16,0.0,2.0
3.4,10.0,119.0,JATIM,-5.84,112.24,29,0.0,2.0
2.2,47.0,9.0,JATIM,-8.23,111.04,29,2.0,0.0
3.3,10.0,51.0,SULBAR,-2.51,119.09,30,2.0,0.0
3.2,161.0,4.0,JATIM,-8.22,114.41,29,1.0,1.0
3.7,10.0,57.0,SULTENG,1.09,120.29,11,2.0,2.0
4.1,10.0,88.0,SULTRA,-3.29,123.32,37,0.0,2.0
3.1,10.0,31.0,SULTENG,0.82,120.48,11,2.0,0.0
4.0,10.0,133.0,SULTRA,-3.73,124.19,37,0.0,2.0
3.4,10.0,127.0,MALUT,1.4,126.37,5,0.0,2.0
3.2,10.0,149.0,JABAR,-8.28,107.05,4,0.0,3.0
3.6,26.0,58.0,MALUKUTENGGARA,-6.0,133.14,41,2.0,0.0
4.3,165.0,132.0,MALUKUBRTDAYA,-7.47,128.77,14,1.0,1.0
4.0,34.0,63.0,SULUT,-0.12,123.71,15,0.0,2.0
4.4,374.0,181.0,MALUKUBRTDAYA,-6.69,128.52,14,1.0,1.0
4.3,10.0,92.0,SULUT,-0.16,124.63,15,0.0,2.0
3.4,29.0,63.0,JATENG,-8.3,109.02,33,0.0,2.0
4.4,134.0,215.0,SULUT,5.94,126.78,15,3.0,3.0
3.8,10.0,98.0,SULUT,0.42,125.43,15,0.0,2.0
2.3,10.0,21.0,SULTENG,-1.25,120.62,11,2.0,0.0
2.5,106.0,12.0,NTB,-8.61,118.38,8,1.0,1.0
3.9,12.0,79.0,PAPUABRT,-3.99,133.82,1,0.0,2.0
3.6,86.0,80.0,GORONTALO,-0.17,122.99,12,1.0,1.0
4.4,180.0,43.0,MALUKUBRTDAYA,-7.77,127.89,14,1.0,1.0
3.7,10.0,115.0,SULTRA,-3.09,123.48,37,0.0,2.0
2.1,10.0,22.0,SULTENG,-1.24,120.62,11,2.0,0.0
4.6,14.0,81.0,SUMUT,0.55,98.55,2,0.0,2.0
3.4,10.0,64.0,SULTENG,1.19,120.27,11,0.0,2.0
3.6,10.0,59.0,ACEH,3.01,96.38,23,0.0,2.0
3.8,147.0,40.0,SULUT,3.43,125.81,15,1.0,1.0
2.1,41.0,29.0,JABAR,-7.25,106.57,4,2.0,0.0
3.2,10.0,116.0,JABAR,-8.08,107.3,4,0.0,2.0
4.3,10.0,132.0,MALUT,2.32,126.89,5,0.0,2.0
3.7,20.0,92.0,NTB,-7.67,119.03,8,0.0,2.0
3.1,10.0,138.0,JATIM,-5.68,112.3,29,0.0,2.0
3.0,50.0,25.0,JATIM,-8.33,110.93,29,2.0,0.0
4.5,10.0,134.0,SULUT,1.5,126.33,15,0.0,2.0
3.4,54.0,74.0,NTB,-9.15,118.2,8,0.0,2.0
4.7,13.0,225.0,SULUT,5.64,125.48,15,3.0,3.0
3.0,36.0,43.0,BENGKULUSELATAN,-4.72,102.63,18,2.0,0.0
3.2,21.0,66.0,NTT,-10.69,123.72,7,0.0,2.0
2.5,10.0,42.0,MALUKU,-2.93,127.84,6,2.0,0.0
4.7,10.0,84.0,SULTRA,-3.32,123.3,37,0.0,2.0
4.8,10.0,89.0,SULTRA,-3.27,123.3,37,0.0,2.0
3.7,10.0,163.0,JATIM,-9.58,112.87,29,3.0,3.0
3.6,10.0,212.0,BALI,-10.69,114.96,22,3.0,3.0
3.6,114.0,8.0,GORONTALO,0.43,122.02,12,1.0,1.0
2.8,42.0,34.0,JABAR,-7.3,106.52,4,2.0,0.0
3.9,17.0,87.0,SULTRA,-3.3,123.34,37,0.0,2.0
3.8,10.0,42.0,JATIM,-7.84,114.37,29,2.0,0.0
3.7,10.0,136.0,JATIM,-5.8,112.59,29,0.0,2.0
3.6,46.0,100.0,JABAR,-7.87,106.76,4,0.0,2.0
3.0,10.0,32.0,SULTENG,-1.1,120.73,11,2.0,0.0
3.0,284.0,93.0,NTT,-7.79,119.44,7,1.0,1.0
3.2,136.0,29.0,JABAR,-7.37,107.68,4,1.0,1.0
4.1,10.0,193.0,SULUT,5.72,126.41,15,3.0,3.0
3.5,10.0,115.0,SULUT,0.05,125.37,15,0.0,2.0
2.9,10.0,30.0,SULTENG,-2.66,121.63,11,2.0,0.0
3.7,10.0,137.0,JATIM,-5.8,112.6,29,0.0,2.0
3.0,10.0,26.0,SULSEL,-3.53,120.32,17,2.0,0.0
3.6,10.0,115.0,JATIM,-5.96,112.49,29,0.0,2.0
4.1,12.0,34.0,BENGKULU,-5.28,102.57,13,2.0,0.0
2.9,10.0,85.0,SULTENG,-1.89,122.53,11,0.0,2.0
4.1,10.0,2.0,JABAR,-6.84,107.93,4,2.0,0.0
2.9,10.0,27.0,JABAR,-6.74,106.6,4,2.0,0.0
5.0,10.0,93.0,JABAR,-8.25,107.86,4,0.0,2.0
2.8,15.0,6.0,NTB,-8.62,116.58,8,2.0,0.0
2.5,51.0,36.0,MALUKU,-3.36,128.05,6,2.0,0.0
3.6,366.0,233.0,MALUKU,-5.88,128.26,6,1.0,1.0
2.4,15.0,26.0,JABAR,-6.75,106.52,4,2.0,0.0
2.8,10.0,25.0,JABAR,-6.76,106.59,4,2.0,0.0
2.9,20.0,139.0,SULUT,1.77,126.33,15,0.0,2.0
2.9,40.0,36.0,BENGKULUUTARA,-3.42,101.87,31,2.0,0.0
2.6,105.0,58.0,PAPUA,-2.45,139.73,10,1.0,1.0
5.6,154.0,787.0,PAPUA,-6.35,147.41,10,3.0,3.0
2.8,13.0,15.0,MALUT,1.49,127.64,5,2.0,0.0
3.1,126.0,14.0,ACEH,4.1,97.42,23,1.0,1.0
3.7,12.0,69.0,ACEH,2.66,95.77,23,0.0,2.0
3.4,10.0,26.0,JABAR,-6.75,106.57,4,2.0,0.0
3.7,10.0,93.0,MALUKUTENGAH,-2.64,129.48,3,0.0,2.0
2.6,26.0,52.0,PAPUA,-2.93,139.39,10,2.0,0.0
3.1,28.0,43.0,PAPUA,-2.79,139.52,10,2.0,0.0
4.3,23.0,44.0,PAPUA,-2.77,139.47,10,2.0,0.0
4.0,10.0,104.0,SULTENG,1.91,121.3,11,0.0,2.0
3.9,10.0,45.0,PAPUA,-2.64,139.57,10,2.0,0.0
2.8,54.0,45.0,PAPUA,-2.72,139.53,10,2.0,0.0
3.6,27.0,65.0,PAPUA,-3.06,139.25,10,2.0,0.0
6.4,29.0,48.0,PAPUA,-2.9,139.43,10,2.0,0.0
2.8,10.0,30.0,NTT,-8.51,122.78,7,2.0,0.0
2.8,10.0,92.0,GORONTALO,-0.29,123.05,12,0.0,2.0
3.1,12.0,26.0,MALUKUTENGAH,-3.54,128.96,3,2.0,0.0
4.1,10.0,92.0,NTT,-11.27,121.41,7,0.0,2.0
3.8,139.0,48.0,JATIM,-8.45,111.45,29,1.0,1.0
3.4,24.0,77.0,NTT,-9.13,123.71,7,0.0,2.0
3.6,10.0,53.0,SULSEL,-2.18,121.43,17,2.0,0.0
3.5,19.0,38.0,BENGKULUSELATAN,-4.58,102.59,18,2.0,0.0
3.3,112.0,40.0,GORONTALO,0.37,121.59,12,1.0,1.0
3.8,213.0,246.0,MALUKUTENGGARABRT,-6.2,129.97,25,1.0,1.0
4.7,133.0,305.0,PAPUA,-4.52,143.26,10,3.0,3.0
3.1,140.0,69.0,GORONTALO,-0.07,122.97,12,1.0,1.0
6.5,10.0,387.0,ACEHJAYA,2.48,92.84,36,3.0,3.0
3.1,10.0,26.0,JABAR,-6.72,106.59,4,2.0,0.0
2.6,20.0,25.0,JABAR,-6.71,106.6,4,2.0,0.0
2.3,175.0,37.0,NTT,-7.99,124.4,7,1.0,1.0
2.5,21.0,14.0,NTB,-8.41,118.61,8,2.0,0.0
3.2,10.0,164.0,PAPUABRT,-1.37,129.57,1,0.0,2.0
3.4,83.0,96.0,MALUT,2.44,127.5,5,0.0,1.0
2.9,118.0,20.0,SUMUT,0.86,99.75,2,1.0,1.0
4.1,164.0,119.0,MALUKUBRTDAYA,-7.5,128.65,14,1.0,1.0
2.7,11.0,36.0,NTB,-8.15,118.87,8,2.0,0.0
3.1,106.0,20.0,NTB,-8.53,116.32,8,1.0,1.0
2.5,10.0,14.0,NTT,-9.89,124.48,7,2.0,0.0
4.5,64.0,294.0,SULUT,6.63,126.97,15,3.0,3.0
2.3,10.0,36.0,NTB,-8.66,119.01,8,2.0,0.0
2.8,10.0,95.0,JABAR,-8.43,108.04,4,0.0,2.0
2.8,50.0,10.0,SULUT,0.9,123.92,15,2.0,0.0
4.1,139.0,135.0,MALUKUBRTDAYA,-7.49,128.82,14,1.0,1.0
2.5,28.0,25.0,JABAR,-6.69,106.59,4,2.0,0.0
3.5,50.0,41.0,SUMUT,2.21,98.18,2,2.0,0.0
3.7,76.0,47.0,JATIM,-8.52,112.39,29,1.0,1.0
3.0,10.0,25.0,SUMUT,1.77,99.13,2,2.0,0.0
4.2,11.0,66.0,PAPUA,-1.87,139.18,10,2.0,2.0
3.0,10.0,42.0,PAPUABRT,-2.04,133.69,1,2.0,0.0
2.8,10.0,71.0,SULTENG,-1.69,122.52,11,0.0,2.0
3.0,10.0,24.0,ACEH,4.54,97.76,23,2.0,0.0
2.0,10.0,4.0,SULTRA,-4.07,121.56,37,2.0,0.0
3.0,10.0,90.0,BENGKULUUTARA,-3.85,101.49,31,0.0,2.0
3.4,27.0,52.0,PAPUA,-2.1,138.91,10,2.0,0.0
3.4,153.0,226.0,MALUKUTENGGARABRT,-6.18,130.34,25,3.0,3.0
5.2,79.0,946.0,SULUT,12.49,127.38,15,3.0,3.0
4.5,10.0,865.0,SULUT,11.54,124.73,15,3.0,3.0
3.1,14.0,62.0,BENGKULU,-3.13,101.05,13,0.0,2.0
3.0,21.0,80.0,SULUT,-0.28,124.3,15,0.0,2.0
3.8,22.0,47.0,PAPUA,-4.6,139.94,10,2.0,0.0
2.3,19.0,28.0,JABAR,-6.69,106.56,4,2.0,0.0
2.9,12.0,57.0,NTT,-10.09,118.83,7,2.0,2.0
3.7,38.0,31.0,PAPUA,-2.43,139.48,10,2.0,0.0
2.5,24.0,69.0,NTB,-7.89,119.02,8,0.0,2.0
3.9,10.0,44.0,SULTENG,-1.24,121.12,11,2.0,0.0
2.5,24.0,69.0,NTB,-7.89,119.02,8,0.0,2.0
3.2,91.0,19.0,SUMUT,1.76,98.99,2,1.0,1.0
3.0,10.0,46.0,SULTENG,-1.27,121.15,11,2.0,0.0
3.4,20.0,47.0,NTT,-10.0,118.87,7,2.0,0.0
2.9,19.0,6.0,SULSEL,-3.72,120.05,17,2.0,0.0
4.1,35.0,57.0,BENGKULU,-4.24,102.09,13,0.0,2.0
3.0,10.0,45.0,SULTENG,-1.27,121.14,11,2.0,0.0
3.2,24.0,67.0,BANTEN,-7.53,106.14,21,0.0,2.0
4.6,10.0,191.0,NTT,-7.25,125.93,7,3.0,3.0
4.0,496.0,206.0,NTT,-6.94,125.83,7,1.0,1.0
2.9,17.0,86.0,NTB,-7.69,118.91,8,0.0,2.0
3.2,10.0,50.0,MALUKU,-3.51,128.3,6,2.0,0.0
3.0,43.0,8.0,SUMBAR,-0.29,100.3,20,2.0,0.0
3.7,10.0,60.0,ACEHBARATDAYA,3.38,96.67,34,0.0,2.0
5.4,56.0,277.0,SULUT,6.25,125.6,15,3.0,3.0
4.0,10.0,36.0,MALUT,1.28,127.22,5,2.0,0.0
2.5,181.0,61.0,NTT,-8.08,122.46,7,1.0,1.0
3.2,11.0,29.0,NTB,-8.22,116.76,8,2.0,0.0
3.6,200.0,248.0,MALUKUTENGGARABRT,-5.93,130.39,25,3.0,1.0
3.4,17.0,87.0,JABAR,-8.14,107.84,4,0.0,2.0
5.5,14.0,81.0,JABAR,-8.12,107.89,4,0.0,2.0
3.0,270.0,105.0,NTT,-7.6,119.59,7,1.0,1.0
5.2,29.0,13.0,NTT,-10.04,123.77,7,2.0,0.0
3.8,17.0,24.0,MALUKU,-2.94,128.38,6,2.0,0.0
3.1,74.0,44.0,NTB,-9.05,116.55,8,1.0,1.0
3.7,10.0,128.0,JABAR,-8.18,107.26,4,0.0,2.0
3.5,10.0,10.0,ACEH,2.44,96.28,23,2.0,0.0
4.2,210.0,66.0,MALUT,2.64,128.38,5,1.0,1.0
3.0,16.0,18.0,ACEH,2.31,96.36,23,2.0,0.0
3.8,22.0,43.0,BENGKULUSELATAN,-4.84,102.87,18,2.0,0.0
2.1,10.0,18.0,JATENG,-7.22,109.83,33,2.0,0.0
2.8,10.0,25.0,JABAR,-6.76,106.6,4,2.0,0.0
3.4,10.0,34.0,ACEHTENGAH,4.46,96.58,9,2.0,0.0
2.5,11.0,26.0,JABAR,-6.75,106.56,4,2.0,0.0
3.2,10.0,23.0,JABAR,-6.78,106.55,4,2.0,0.0
2.8,10.0,134.0,NTT,-7.44,121.95,7,0.0,2.0
4.2,10.0,17.0,MALUKU,-2.95,130.47,6,2.0,0.0
3.7,60.0,37.0,SULTENG,0.57,121.14,11,2.0,0.0
4.1,15.0,90.0,PAPUA,-1.6,138.07,10,0.0,2.0
3.9,10.0,73.0,MALUKU,-3.77,126.67,6,0.0,2.0
2.8,48.0,56.0,MALUT,0.97,126.9,5,2.0,0.0
4.0,26.0,124.0,SULUT,1.3,126.23,15,0.0,2.0
3.8,10.0,7.0,NTT,-9.58,124.95,7,2.0,0.0
3.4,10.0,157.0,JATIM,-9.52,112.9,29,0.0,2.0
4.5,10.0,93.0,PAPUA,-1.13,136.82,10,0.0,2.0
3.8,10.0,163.0,JATIM,-9.59,112.82,29,3.0,3.0
4.2,10.0,243.0,NTT,-11.14,117.43,7,3.0,3.0
2.9,14.0,123.0,SULUT,1.05,126.16,15,0.0,2.0
5.2,79.0,547.0,PAPUA,-5.36,145.38,10,3.0,3.0
3.9,14.0,109.0,SULUT,2.11,126.11,15,0.0,2.0
4.4,10.0,1.0,NTT,-9.54,124.91,7,2.0,0.0
4.9,10.0,436.0,SULUT,7.91,127.02,15,3.0,3.0
4.4,119.0,75.0,GORONTALO,-0.11,122.94,12,1.0,1.0
3.1,62.0,58.0,NTT,-9.21,124.13,7,2.0,0.0
5.0,48.0,24.0,SULUT,3.78,126.65,15,2.0,0.0
3.6,11.0,27.0,GORONTALO,0.29,122.28,12,2.0,0.0
4.4,97.0,14.0,NTB,-8.63,118.38,8,1.0,1.0
3.9,20.0,62.0,MALUT,0.65,126.82,5,2.0,2.0
2.9,10.0,92.0,SULTENG,-0.57,122.64,11,0.0,2.0
3.3,10.0,115.0,JATIM,-9.16,111.45,29,0.0,2.0
3.4,10.0,7.0,SULTENG,0.92,121.31,11,2.0,0.0
4.8,84.0,133.0,SULUT,5.09,126.18,15,0.0,2.0
3.6,10.0,91.0,MALUKUTENGAH,-2.68,129.5,3,0.0,2.0
2.9,10.0,38.0,SULTRA,-3.82,122.75,37,2.0,0.0
2.9,12.0,54.0,NTB,-8.01,117.34,8,2.0,0.0
2.7,42.0,18.0,BALI,-8.75,115.39,22,2.0,0.0
3.4,65.0,52.0,NTT,-8.69,123.9,7,2.0,1.0
4.0,10.0,15.0,MALUT,1.36,128.35,5,2.0,0.0
3.9,44.0,8.0,SULUT,4.07,126.69,15,2.0,0.0
2.8,10.0,46.0,SUMUT,0.48,98.22,2,2.0,2.0
4.6,26.0,75.0,NTB,-7.97,117.86,8,0.0,2.0
2.8,349.0,113.0,NTT,-7.51,120.16,7,1.0,1.0
4.8,10.0,100.0,BANTEN,-7.18,104.84,21,0.0,2.0
2.6,10.0,59.0,SULBAR,-2.43,119.08,30,2.0,2.0
3.0,21.0,45.0,NTT,-9.94,118.77,7,2.0,0.0
2.8,37.0,20.0,NTT,-9.46,119.69,7,2.0,0.0
3.2,10.0,26.0,JABAR,-6.75,106.56,4,2.0,0.0
3.3,16.0,40.0,SULTENG,-1.26,121.21,11,2.0,0.0
2.7,55.0,27.0,NTT,-9.44,120.15,7,2.0,0.0
2.9,58.0,44.0,GORONTALO,0.16,123.26,12,2.0,0.0
3.2,22.0,83.0,BENGKULUUTARA,-3.69,101.49,31,0.0,2.0
4.0,18.0,41.0,SULTENG,-1.23,121.19,11,2.0,0.0
3.7,10.0,43.0,SULTENG,-1.23,121.17,11,2.0,0.0
2.7,68.0,26.0,SUMBAR,-1.19,100.75,20,1.0,1.0
4.0,10.0,108.0,NTT,-9.43,118.02,7,0.0,2.0
3.2,10.0,111.0,JATENG,-8.73,109.07,33,0.0,2.0
3.3,10.0,18.0,SUMUT,2.63,98.47,2,2.0,0.0
3.0,57.0,20.0,ACEHBESAR,5.06,95.59,32,1.0,1.0
5.9,91.0,793.0,SULUT,11.11,127.29,15,3.0,3.0
2.8,35.0,71.0,NTT,-9.06,123.22,7,0.0,2.0
2.5,142.0,34.0,SUMSEL,-4.31,103.39,26,1.0,1.0
2.7,45.0,72.0,NTT,-9.35,123.77,7,0.0,2.0
3.3,10.0,17.0,MALUT,1.39,128.35,5,2.0,0.0
4.4,10.0,12.0,MALUT,1.31,128.37,5,2.0,0.0
3.3,54.0,95.0,LAMPUNG,-6.34,104.69,16,0.0,2.0
2.7,14.0,42.0,NTT,-9.12,120.71,7,2.0,0.0
5.2,10.0,445.0,SULUT,8.0,126.9,15,3.0,3.0
3.0,17.0,14.0,MALUKUTENGAH,-3.35,128.84,3,2.0,0.0
3.8,10.0,38.0,PAPUA,-2.72,138.97,10,2.0,0.0
2.9,12.0,91.0,MALUT,0.28,126.71,5,0.0,2.0
3.1,11.0,56.0,NTB,-8.01,117.6,8,2.0,2.0
5.5,315.0,1136.0,PAPUA,-4.32,150.94,10,3.0,3.0
3.4,14.0,81.0,MALUKU,-3.24,131.21,6,0.0,2.0
2.3,16.0,19.0,JATENG,-7.23,109.79,33,2.0,0.0
3.0,10.0,135.0,NTB,-9.81,117.46,8,0.0,2.0
3.9,10.0,101.0,SULUT,0.4,125.45,15,0.0,2.0
4.4,14.0,106.0,SUMBAR,-0.55,99.11,20,0.0,2.0
3.6,10.0,117.0,SULUT,0.8,125.96,15,0.0,2.0
3.4,92.0,172.0,JATIM,-9.55,110.37,29,3.0,3.0
4.8,10.0,101.0,SULUT,0.38,125.45,15,0.0,2.0
2.7,27.0,33.0,MALUT,0.99,127.8,5,2.0,0.0
2.3,10.0,19.0,SUMBAR,0.07,100.0,20,2.0,0.0
3.8,10.0,65.0,MALUKU,-3.33,129.94,6,0.0,2.0
2.5,13.0,39.0,JATIM,-7.87,114.42,29,2.0,0.0
2.4,10.0,10.0,SULSEL,-4.54,119.71,17,2.0,0.0
2.7,11.0,36.0,MALUT,-0.59,127.82,5,2.0,0.0
2.8,10.0,7.0,PAPUABRT,-0.96,134.05,1,2.0,0.0
1.8,10.0,17.0,SUMUT,0.91,97.31,2,2.0,0.0
3.1,10.0,32.0,ACEH,4.95,95.99,23,2.0,0.0
3.0,59.0,21.0,SULTENG,-2.89,121.93,11,2.0,0.0
5.4,23.0,75.0,MALUT,2.72,128.18,5,0.0,2.0
2.2,95.0,35.0,ACEH,4.7,96.14,23,1.0,1.0
2.4,10.0,51.0,NTB,-8.66,118.02,8,2.0,0.0
2.7,61.0,59.0,SUMUT,1.99,98.28,2,1.0,1.0
3.7,23.0,18.0,PAPUA,-2.63,139.24,10,2.0,0.0
3.0,37.0,53.0,JAMBI,-1.95,100.95,19,0.0,2.0
2.4,13.0,18.0,JATIM,-8.02,113.35,29,2.0,0.0
3.9,10.0,211.0,BANTEN,-8.71,105.55,21,3.0,3.0
4.5,10.0,208.0,BANTEN,-8.68,105.55,21,3.0,3.0
2.6,22.0,77.0,JABAR,-7.68,106.59,4,0.0,2.0
3.6,10.0,97.0,SULTENG,-0.74,122.36,11,0.0,2.0
3.6,125.0,46.0,NTB,-8.5,117.84,8,1.0,1.0
3.7,212.0,30.0,JAMBI,-2.03,102.21,19,1.0,1.0
4.6,165.0,197.0,MALUKUTENGGARABRT,-7.14,129.74,25,1.0,1.0
3.2,11.0,27.0,NTB,-8.28,118.55,8,2.0,0.0
4.8,10.0,64.0,SULUT,1.46,123.48,15,0.0,2.0
3.4,59.0,13.0,MALUT,-0.69,127.38,5,2.0,0.0
3.2,10.0,51.0,ACEH,6.19,94.96,23,0.0,2.0
4.4,105.0,423.0,SULUT,7.76,127.3,15,3.0,3.0
2.9,10.0,126.0,MALUT,1.74,126.52,5,0.0,2.0
3.7,17.0,64.0,PAPUA,-1.94,139.45,10,2.0,0.0
2.7,10.0,18.0,MALUKUTENGAH,-3.33,128.79,3,2.0,0.0
3.3,10.0,35.0,JATIM,-7.9,114.37,29,2.0,0.0
3.0,10.0,57.0,SULTENG,-1.11,120.32,11,2.0,2.0
3.0,334.0,88.0,NTT,-7.5,124.58,7,1.0,1.0
2.6,10.0,11.0,SULSEL,-3.64,119.82,17,2.0,0.0
2.0,298.0,1.0,JABAR,-6.91,106.92,4,1.0,1.0
3.5,64.0,14.0,MALUT,2.15,128.21,5,2.0,0.0
3.0,10.0,33.0,ACEH,4.43,96.54,23,2.0,0.0
4.1,25.0,108.0,NTT,-9.43,122.75,7,0.0,2.0
4.1,10.0,35.0,ACEHTENGAH,4.41,96.61,9,2.0,0.0
4.3,10.0,51.0,MALUT,-0.19,127.58,5,2.0,0.0
4.6,10.0,56.0,MALUT,-0.66,126.99,5,2.0,0.0
3.5,24.0,25.0,SULTENG,0.75,121.41,11,2.0,0.0
4.1,83.0,186.0,MALUKUTENGGARABRT,-6.52,130.46,25,3.0,3.0
2.6,97.0,28.0,JABAR,-7.15,107.04,4,1.0,1.0
3.2,33.0,25.0,NTT,-9.82,119.01,7,2.0,0.0
2.5,10.0,2.0,SULTENG,-0.4,119.83,11,2.0,0.0
3.7,10.0,92.0,MALUKU,-2.66,129.78,6,0.0,2.0
4.3,158.0,57.0,PAPUA,-4.51,138.88,10,1.0,1.0
2.2,17.0,21.0,JATENG,-7.2,109.81,33,2.0,0.0
4.0,50.0,60.0,SULTENG,0.26,120.37,11,2.0,2.0
4.3,10.0,198.0,JABAR,-8.72,106.12,4,3.0,3.0
2.9,21.0,83.0,GORONTALO,-0.2,123.0,12,0.0,2.0
3.6,10.0,63.0,SULTENG,-1.88,120.45,11,0.0,2.0
3.8,10.0,40.0,ACEH,6.17,95.08,23,2.0,0.0
3.9,19.0,50.0,PAPUABRT,-3.66,133.68,1,2.0,0.0
3.9,10.0,18.0,PAPUA,-3.38,135.85,10,2.0,0.0
3.3,13.0,137.0,PAPUABRT,-1.05,129.59,1,0.0,2.0
2.9,10.0,13.0,SULSEL,-2.49,121.09,17,2.0,0.0
3.5,32.0,23.0,MALUT,1.36,128.28,5,2.0,0.0
2.6,14.0,28.0,JABAR,-6.73,106.56,4,2.0,0.0
2.8,11.0,24.0,JABAR,-6.78,106.47,4,2.0,0.0
2.7,10.0,25.0,JABAR,-6.76,106.56,4,2.0,0.0
4.2,28.0,80.0,SULUT,3.43,127.12,15,0.0,2.0
5.5,160.0,69.0,MALUT,2.66,128.16,5,1.0,1.0
2.5,28.0,48.0,JABAR,-7.41,106.44,4,2.0,0.0
3.7,31.0,18.0,PAPUA,-2.96,140.02,10,2.0,0.0
2.5,146.0,18.0,JAMBI,-2.34,102.02,19,1.0,1.0
3.2,91.0,49.0,JATIM,-8.59,110.94,29,1.0,1.0
2.3,189.0,30.0,GORONTALO,0.27,121.75,12,1.0,1.0
4.2,10.0,110.0,SULUT,3.29,127.38,15,0.0,2.0
3.9,269.0,42.0,NTT,-7.94,122.9,7,1.0,1.0
3.2,10.0,54.0,PAPUABRT,-0.16,130.03,1,2.0,0.0
3.1,10.0,23.0,JABAR,-6.78,106.54,4,2.0,0.0
4.5,10.0,84.0,MALUT,-0.89,126.78,5,0.0,2.0
4.0,51.0,78.0,SULUT,3.45,127.12,15,0.0,2.0
2.4,10.0,27.0,JABAR,-6.74,106.55,4,2.0,0.0
5.3,116.0,745.0,SULUT,10.66,127.5,15,3.0,3.0
4.8,24.0,499.0,SULUT,8.38,125.65,15,3.0,3.0
3.6,10.0,59.0,ACEH,6.2,94.88,23,0.0,2.0
4.9,597.0,121.0,NTB,-7.45,119.18,8,1.0,1.0
3.8,23.0,95.0,JABAR,-7.85,106.52,4,0.0,2.0
3.2,13.0,51.0,MALUT,2.34,128.65,5,2.0,0.0
4.3,10.0,45.0,ACEH,6.23,95.08,23,2.0,2.0
2.7,13.0,32.0,JATENG,-7.14,108.87,33,2.0,0.0
3.0,48.0,65.0,NTT,-8.99,124.23,7,0.0,2.0
3.3,10.0,15.0,PAPUA,-4.36,139.55,10,2.0,0.0
3.6,46.0,12.0,SULUT,3.9,126.73,15,2.0,0.0
3.0,10.0,14.0,MALUT,2.1,128.17,5,2.0,0.0
3.0,10.0,37.0,SULSEL,-2.44,120.87,17,2.0,0.0
3.5,127.0,87.0,MALUKUBRTDAYA,-7.61,128.36,14,1.0,1.0
2.9,23.0,79.0,SULUT,-0.27,124.3,15,0.0,2.0
4.7,187.0,227.0,MALUKUTENGGARABRT,-6.93,129.54,25,1.0,1.0
5.2,10.0,99.0,PAPUA,-2.2,140.28,10,0.0,2.0
3.2,10.0,120.0,SULUT,0.89,126.06,15,0.0,2.0
3.5,41.0,121.0,SULUT,0.85,126.04,15,0.0,2.0
3.5,15.0,73.0,MALUKU,-2.91,129.86,6,0.0,2.0
4.9,10.0,429.0,SULUT,7.81,127.31,15,3.0,3.0
3.1,12.0,60.0,NTT,-9.51,123.63,7,2.0,2.0
3.6,10.0,90.0,SULTENG,-0.53,123.27,11,0.0,2.0
3.7,10.0,25.0,SULTENG,-1.38,123.58,11,2.0,0.0
3.4,10.0,87.0,SULTENG,-0.58,123.34,11,0.0,2.0
3.8,10.0,87.0,SULTENG,-0.56,123.29,11,0.0,2.0
4.6,115.0,221.0,MALUKU,-5.09,130.33,6,3.0,3.0
2.8,140.0,69.0,GORONTALO,-0.06,123.32,12,1.0,1.0
4.6,15.0,17.0,MALUKU,-3.13,130.64,6,2.0,0.0
4.4,10.0,89.0,SULTENG,-0.67,122.22,11,0.0,2.0
2.4,11.0,24.0,ACEH,4.82,96.14,23,2.0,0.0
3.0,10.0,24.0,MALUT,1.19,128.3,5,2.0,0.0
3.0,14.0,59.0,NTB,-8.31,119.26,8,2.0,2.0
3.0,15.0,63.0,NTB,-8.24,119.27,8,0.0,2.0
1.8,10.0,25.0,JABAR,-6.76,106.6,4,2.0,0.0
2.2,10.0,23.0,JABAR,-6.78,106.52,4,2.0,0.0
3.9,11.0,74.0,NTT,-9.02,125.56,7,0.0,2.0
2.7,22.0,66.0,ACEHJAYA,4.47,95.01,36,0.0,2.0
2.9,10.0,32.0,SUMBAR,-1.82,99.34,20,2.0,0.0
3.3,40.0,33.0,SUMBAR,-2.05,99.89,20,2.0,0.0
3.4,10.0,39.0,JATIM,-7.87,114.36,29,2.0,0.0
3.0,63.0,99.0,MALUT,2.12,127.12,5,0.0,2.0
1.9,24.0,16.0,JATENG,-7.28,109.78,33,2.0,0.0
1.8,17.0,15.0,JATENG,-7.25,109.83,33,2.0,0.0
4.7,10.0,429.0,SULUT,7.85,126.99,15,3.0,3.0
3.5,10.0,25.0,ACEH,5.2,96.47,23,2.0,0.0
3.6,14.0,75.0,MALUT,2.73,128.3,5,0.0,2.0
1.7,35.0,8.0,SULSEL,-2.63,121.11,17,2.0,0.0
5.4,19.0,130.0,SUMBAR,-0.35,98.75,20,0.0,2.0
3.2,10.0,7.0,ACEHBESAR,5.29,95.65,32,2.0,0.0
4.2,141.0,46.0,MALUKUBRTDAYA,-7.79,127.58,14,1.0,1.0
3.2,17.0,41.0,SULTENG,-0.7,119.59,11,2.0,0.0
3.6,24.0,113.0,SULUT,1.26,126.13,15,0.0,2.0
3.3,30.0,79.0,SUMBAR,-2.06,100.61,20,0.0,2.0
2.3,10.0,18.0,JABAR,-6.83,106.5,4,2.0,0.0
2.0,19.0,18.0,JATENG,-7.24,109.79,33,2.0,0.0
4.1,10.0,95.0,MALUT,-1.18,126.83,5,0.0,2.0
3.6,178.0,31.0,NTT,-8.21,119.88,7,1.0,1.0
4.6,58.0,383.0,SULUT,7.44,126.91,15,3.0,3.0
3.3,10.0,93.0,BENGKULU,-4.59,101.89,13,0.0,2.0
3.4,10.0,34.0,PAPUABRT,-0.92,134.31,1,2.0,0.0
4.1,10.0,27.0,JATENG,-7.11,108.91,33,2.0,0.0
3.4,10.0,119.0,BALI,-9.75,114.73,22,0.0,2.0
3.7,11.0,120.0,BALI,-9.73,114.67,22,0.0,2.0
3.4,77.0,82.0,SULUT,-0.36,123.91,15,0.0,1.0
3.4,139.0,79.0,GORONTALO,-0.11,122.83,12,1.0,1.0
3.0,13.0,27.0,JABAR,-6.74,106.53,4,2.0,0.0
4.8,10.0,476.0,SULUT,8.24,127.32,15,3.0,3.0
5.0,10.0,534.0,SULUT,8.74,127.48,15,3.0,3.0
4.9,10.0,529.0,SULUT,8.71,127.39,15,3.0,3.0
4.3,13.0,34.0,JATENG,-7.14,108.85,33,2.0,0.0
3.7,10.0,35.0,SULUT,4.26,126.86,15,2.0,0.0
3.1,10.0,87.0,PAPUA,-2.47,140.45,10,0.0,2.0
2.9,10.0,37.0,NTT,-8.79,119.73,7,2.0,0.0
3.6,13.0,64.0,BENGKULU,-2.86,101.62,13,0.0,2.0
2.9,10.0,6.0,SUMBAR,-0.41,100.36,20,2.0,0.0
3.1,77.0,57.0,NTT,-8.73,123.93,7,1.0,1.0
2.0,10.0,13.0,JABAR,-7.2,107.78,4,2.0,0.0
2.0,16.0,9.0,SULBAR,-2.96,119.4,30,2.0,0.0
2.7,13.0,73.0,MALUT,0.54,126.75,5,0.0,2.0
2.2,70.0,86.0,GORONTALO,-0.2,122.89,12,0.0,2.0
2.1,76.0,8.0,SUMBAR,-0.65,100.07,20,1.0,1.0
2.2,18.0,35.0,NTB,-8.57,119.05,8,2.0,0.0
2.6,18.0,76.0,BALI,-9.47,115.37,22,0.0,2.0
3.1,10.0,90.0,PAPUA,-2.25,140.2,10,0.0,2.0
3.0,14.0,75.0,MALUT,0.77,126.69,5,0.0,2.0
4.2,11.0,112.0,MALUT,1.63,126.62,5,0.0,2.0
5.4,178.0,213.0,MALUKUTENGGARABRT,-6.94,129.68,25,1.0,1.0
4.7,10.0,405.0,SULUT,7.64,126.94,15,3.0,3.0
4.6,10.0,405.0,SULUT,7.64,126.94,15,3.0,3.0
3.5,10.0,76.0,BENGKULU,-4.41,101.98,13,0.0,2.0
5.2,166.0,152.0,MALUKUTENGGARABRT,-6.79,130.6,25,1.0,1.0
2.0,16.0,3.0,JATENG,-7.34,109.91,33,2.0,0.0
3.5,53.0,67.0,ACEH,1.98,96.72,23,0.0,2.0
3.1,17.0,29.0,MALUT,1.17,128.26,5,2.0,0.0
4.0,69.0,261.0,MALUKU,-5.44,130.24,6,3.0,3.0
4.8,10.0,429.0,SULUT,7.85,126.98,15,3.0,3.0
4.4,90.0,54.0,MALUT,1.8,127.39,5,1.0,1.0
4.9,15.0,29.0,BANTEN,-7.17,106.13,21,2.0,0.0
3.3,14.0,21.0,NTB,-8.33,118.89,8,2.0,0.0
4.9,10.0,536.0,SULUT,8.77,127.42,15,3.0,3.0
3.1,131.0,64.0,GORONTALO,0.0,123.35,12,1.0,1.0
3.3,116.0,15.0,DIY,-8.09,110.51,28,1.0,1.0
2.2,10.0,13.0,JABAR,-6.96,106.82,4,2.0,0.0
1.3,10.0,27.0,SULSEL,-2.72,120.97,17,2.0,0.0
4.8,10.0,453.0,SULUT,8.04,127.24,15,3.0,3.0
2.7,26.0,12.0,NTT,-9.82,119.27,7,2.0,0.0
2.4,20.0,17.0,JABAR,-6.88,106.43,4,2.0,0.0
2.2,10.0,13.0,JABAR,-6.9,106.47,4,2.0,0.0
3.0,10.0,95.0,MALUKUTENGAH,-2.63,129.49,3,0.0,2.0
2.2,15.0,24.0,JABAR,-6.77,106.52,4,2.0,0.0
5.4,99.0,42.0,SULUT,0.0,124.08,15,1.0,1.0
4.3,20.0,77.0,JABAR,-8.14,107.95,4,0.0,2.0
4.0,13.0,102.0,SUMUT,0.06,97.05,2,0.0,2.0
2.9,10.0,93.0,GORONTALO,-0.28,122.92,12,0.0,2.0
3.9,10.0,125.0,PAPUA,-0.6,137.02,10,0.0,2.0
3.2,13.0,43.0,SULTENG,-0.57,119.47,11,2.0,0.0
2.6,10.0,27.0,JABAR,-6.74,106.54,4,2.0,0.0
2.6,10.0,27.0,JABAR,-6.74,106.53,4,2.0,0.0
3.2,129.0,22.0,SUMSEL,-4.74,104.2,26,1.0,1.0
3.5,29.0,25.0,MALUT,2.2,128.47,5,2.0,0.0
3.6,14.0,38.0,BANTEN,-6.98,105.44,21,2.0,0.0
3.6,94.0,66.0,MALUT,1.62,127.06,5,1.0,1.0
4.9,115.0,525.0,SULUT,8.72,126.4,15,3.0,3.0
2.8,10.0,12.0,SUMBAR,-0.47,100.28,20,2.0,0.0
3.3,31.0,39.0,PAPUA,-3.67,140.62,10,2.0,0.0
3.1,10.0,25.0,NTT,-9.96,124.29,7,2.0,0.0
2.6,109.0,13.0,BANTEN,-6.86,106.16,21,1.0,1.0
3.8,16.0,41.0,SULTENG,-0.71,119.59,11,2.0,0.0
3.8,16.0,41.0,SULTENG,-0.71,119.59,11,2.0,0.0
2.7,10.0,10.0,DIY,-7.96,110.52,28,2.0,0.0
3.3,10.0,27.0,NTT,-9.97,124.27,7,2.0,0.0
2.4,10.0,34.0,JATENG,-7.14,108.85,33,2.0,0.0
2.4,10.0,2.0,SUMUT,2.76,98.34,2,2.0,0.0
2.5,10.0,13.0,SULSEL,-3.55,119.48,17,2.0,0.0
3.8,127.0,104.0,MALUKUTENGAH,-4.16,129.34,3,1.0,1.0
2.2,10.0,55.0,SULSEL,-2.41,120.7,17,2.0,0.0
3.5,25.0,41.0,SUMBAR,-1.41,100.21,20,2.0,0.0
3.1,11.0,45.0,JATIM,-7.82,114.42,29,2.0,0.0
3.6,10.0,95.0,SULTENG,-2.02,122.43,11,0.0,2.0
4.1,10.0,87.0,SULTENG,-1.89,122.51,11,0.0,2.0
4.1,10.0,99.0,MALUKUTENGAH,-2.69,129.61,3,0.0,2.0
4.8,10.0,501.0,SULUT,8.49,127.08,15,3.0,3.0
5.2,10.0,193.0,NTB,-10.49,116.98,8,3.0,3.0
2.5,10.0,23.0,JABAR,-6.78,106.54,4,2.0,0.0
5.0,10.0,470.0,SULUT,8.19,127.27,15,3.0,3.0
3.2,21.0,140.0,MALUT,1.93,126.47,5,0.0,2.0
4.7,12.0,428.0,SULUT,7.85,126.82,15,3.0,3.0
2.8,10.0,30.0,JABAR,-6.67,106.53,4,2.0,0.0
3.9,11.0,144.0,SULUT,2.7,126.8,15,0.0,2.0
3.4,10.0,114.0,JATIM,-9.15,112.36,29,0.0,2.0
2.8,10.0,30.0,SULTENG,-2.97,121.94,11,2.0,0.0
4.2,10.0,244.0,MALUKUTENGGARABRT,-6.54,129.63,25,3.0,3.0
2.7,17.0,16.0,JATENG,-7.27,109.76,33,2.0,0.0
2.9,10.0,98.0,SULTENG,-0.49,123.38,11,0.0,2.0
4.4,169.0,322.0,SULUT,6.9,126.56,15,3.0,3.0
4.2,94.0,75.0,SULUT,2.88,126.03,15,1.0,1.0
4.2,10.0,134.0,SULUT,0.51,125.89,15,0.0,2.0
5.8,258.0,22.0,RIAU,-0.5,101.33,24,1.0,1.0
3.9,23.0,91.0,NTT,-9.49,118.17,7,0.0,2.0
3.5,27.0,19.0,PAPUA,-3.55,135.58,10,2.0,0.0
2.7,10.0,14.0,SULSEL,-3.52,119.52,17,2.0,0.0
3.3,24.0,58.0,NTB,-8.11,117.78,8,2.0,2.0
3.4,169.0,9.0,BANTEN,-6.39,106.06,21,1.0,1.0
4.4,10.0,29.0,PAPUA,-4.24,139.44,10,2.0,0.0
2.8,10.0,13.0,SULSEL,-3.54,119.5,17,2.0,0.0
5.3,114.0,64.0,MALUT,2.62,128.23,5,1.0,1.0
5.0,35.0,30.0,MALUKUBRTDAYA,-7.89,127.7,14,2.0,0.0
3.1,95.0,78.0,GORONTALO,-0.15,122.97,12,1.0,1.0
3.3,12.0,80.0,PAPUA,-2.62,140.77,10,0.0,2.0
2.8,11.0,27.0,ACEH,5.22,96.18,23,2.0,0.0
2.7,29.0,55.0,PAPUABRT,-1.45,133.88,1,2.0,0.0
4.5,85.0,55.0,NTB,-8.83,119.08,8,1.0,1.0
4.8,10.0,439.0,SULUT,7.92,127.17,15,3.0,3.0
3.5,25.0,135.0,MALUT,1.83,126.47,5,0.0,2.0
4.7,125.0,624.0,SULUT,9.51,125.57,15,3.0,3.0
4.7,125.0,624.0,SULUT,9.51,125.57,15,3.0,3.0
4.4,212.0,19.0,GORONTALO,0.43,122.2,12,1.0,1.0
3.4,10.0,123.0,SULUT,0.79,126.02,15,0.0,2.0
5.4,96.0,37.0,PAPUA,-3.59,140.99,10,1.0,1.0
3.3,12.0,93.0,BANTEN,-7.76,106.13,21,0.0,2.0
3.6,13.0,57.0,SUMUT,1.46,98.35,2,0.0,2.0
4.9,10.0,430.0,SULUT,7.87,126.7,15,3.0,3.0
4.6,561.0,17.0,SULTENG,0.98,120.88,11,1.0,1.0
3.4,10.0,72.0,SULUT,0.15,124.84,15,0.0,2.0
4.7,29.0,137.0,MALUT,1.86,126.46,5,0.0,2.0
4.0,20.0,37.0,NTB,-8.29,117.69,8,2.0,0.0
2.6,14.0,15.0,NTB,-8.33,116.02,8,2.0,0.0
2.7,11.0,16.0,NTB,-8.3,116.02,8,2.0,0.0
3.0,38.0,83.0,NTT,-9.08,123.93,7,0.0,2.0
3.4,18.0,95.0,MALUKUTENGAH,-2.67,129.54,3,0.0,2.0
5.0,10.0,243.0,SULUT,6.15,126.24,15,3.0,3.0
3.6,76.0,75.0,NTT,-8.87,124.19,7,1.0,1.0
3.5,138.0,44.0,NTT,-8.93,124.57,7,1.0,1.0
3.2,43.0,48.0,PAPUA,-2.19,139.54,10,2.0,0.0
3.0,111.0,9.0,NTB,-8.59,118.4,8,1.0,1.0
4.8,10.0,394.0,SULUT,7.55,126.7,15,3.0,3.0
2.2,10.0,5.0,SULSEL,-3.03,119.75,17,2.0,0.0
3.1,10.0,104.0,MALUKU,-4.42,128.48,6,0.0,2.0
4.7,33.0,577.0,SULUT,9.2,126.74,15,3.0,3.0
3.1,26.0,5.0,NTT,-9.62,119.44,7,2.0,0.0
4.0,199.0,18.0,SULUT,0.27,123.86,15,1.0,1.0
4.7,39.0,438.0,SULUT,7.92,127.12,15,3.0,3.0
3.7,17.0,71.0,MALUT,2.06,128.94,5,0.0,2.0
4.6,85.0,584.0,SULUT,9.26,126.83,15,3.0,3.0
4.5,10.0,427.0,SULUT,7.77,127.42,15,3.0,3.0
3.9,10.0,104.0,SULUT,0.43,125.5,15,0.0,2.0
2.8,12.0,118.0,MALUT,1.11,126.36,5,0.0,2.0
3.3,21.0,48.0,BANTEN,-7.32,106.05,21,2.0,0.0
3.8,21.0,105.0,LAMPUNG,-6.13,103.8,16,0.0,2.0
3.9,204.0,57.0,SULUT,1.87,124.72,15,1.0,1.0
3.1,23.0,53.0,NTB,-8.12,118.22,8,2.0,0.0
4.7,10.0,476.0,SULUT,8.28,126.95,15,3.0,3.0
4.7,10.0,476.0,SULUT,8.28,126.95,15,3.0,3.0
2.9,218.0,40.0,SULUT,1.54,124.44,15,1.0,1.0
3.2,12.0,107.0,GORONTALO,1.65,122.43,12,0.0,2.0
3.2,15.0,80.0,PAPUA,-1.57,135.47,10,0.0,2.0
5.1,10.0,513.0,SULUT,8.6,127.15,15,3.0,3.0
3.4,36.0,33.0,PAPUA,-2.46,138.61,10,2.0,0.0
4.5,12.0,84.0,SUMBAR,-2.35,100.28,20,0.0,2.0
4.7,132.0,494.0,SULUT,8.41,127.26,15,3.0,3.0
3.5,10.0,237.0,SULUT,6.11,126.32,15,3.0,3.0
2.2,10.0,9.0,SULTENG,-0.45,119.92,11,2.0,0.0
3.2,52.0,51.0,MALUT,2.43,128.55,5,2.0,0.0
5.3,87.0,524.0,SULUT,8.69,127.24,15,3.0,3.0
3.4,10.0,110.0,BALI,-9.6,114.64,22,0.0,2.0
3.1,13.0,75.0,BANTEN,-6.46,104.93,21,0.0,2.0
3.2,45.0,46.0,SULUT,3.87,126.28,15,2.0,0.0
3.1,10.0,77.0,PAPUA,-1.79,139.04,10,0.0,2.0
5.0,50.0,1054.0,SULUT,13.39,128.02,15,3.0,3.0
3.1,10.0,13.0,BALI,-8.78,115.35,22,2.0,0.0
3.3,310.0,121.0,NTT,-7.49,119.47,7,1.0,1.0
5.9,39.0,233.0,SULUT,5.77,125.54,15,3.0,3.0
2.6,28.0,15.0,JABAR,-6.9,106.79,4,2.0,0.0
4.6,104.0,144.0,SULUT,5.15,127.29,15,0.0,2.0
5.6,101.0,586.0,SULUT,9.26,127.1,15,3.0,3.0
4.8,65.0,471.0,SULUT,8.24,126.82,15,3.0,3.0
3.3,10.0,93.0,MALUT,-1.19,126.85,5,0.0,2.0
4.9,10.0,95.0,MALUT,-1.17,126.82,5,0.0,2.0
3.7,10.0,42.0,NTT,-10.06,119.11,7,2.0,0.0
2.4,10.0,17.0,JABAR,-6.85,106.63,4,2.0,0.0
3.7,13.0,39.0,MALUT,1.2,128.15,5,2.0,0.0
4.7,10.0,435.0,SULUT,7.92,126.72,15,3.0,3.0
3.5,105.0,15.0,NTB,-8.66,118.4,8,1.0,1.0
2.9,10.0,172.0,KALTIM,0.95,118.79,42,3.0,3.0
2.3,10.0,29.0,SULTRA,-4.29,121.72,37,2.0,0.0
4.8,70.0,476.0,SULUT,8.28,126.97,15,3.0,3.0
4.8,10.0,539.0,SULUT,8.84,127.07,15,3.0,3.0
3.3,5.0,28.0,JABAR,-6.73,106.54,4,2.0,0.0
4.8,77.0,476.0,SULUT,8.29,126.67,15,3.0,3.0
4.8,77.0,476.0,SULUT,8.29,126.67,15,3.0,3.0
4.8,77.0,476.0,SULUT,8.29,126.67,15,3.0,3.0
2.9,62.0,19.0,SULTENG,0.82,121.26,11,2.0,0.0
4.4,10.0,30.0,BENGKULU,-5.62,102.27,13,2.0,0.0
3.0,22.0,56.0,MALUT,2.55,128.23,5,2.0,0.0
5.6,92.0,495.0,SULUT,8.45,126.96,15,3.0,3.0
3.2,10.0,26.0,SULUT,3.43,125.34,15,2.0,0.0
3.1,10.0,24.0,BENGKULU,-5.24,102.46,13,2.0,0.0
3.0,5.0,27.0,JABAR,-6.74,106.54,4,2.0,0.0
3.7,124.0,45.0,SUMSEL,-3.1,103.62,26,1.0,1.0
2.9,10.0,27.0,JABAR,-6.74,106.56,4,2.0,0.0
4.2,10.0,86.0,SULUT,3.29,127.0,15,0.0,2.0
3.3,23.0,104.0,JABAR,-8.0,107.37,4,0.0,2.0
5.2,10.0,494.0,SULUT,8.45,126.85,15,3.0,3.0
6.0,15.0,954.0,SULUT,12.57,127.23,15,3.0,3.0
4.9,42.0,503.0,SULUT,8.53,126.7,15,3.0,3.0
2.8,10.0,28.0,JABAR,-6.73,106.55,4,2.0,0.0
3.2,25.0,52.0,SUMBAR,-1.8,100.43,20,0.0,2.0
3.8,87.0,31.0,PAPUA,-2.62,139.44,10,1.0,1.0
4.6,10.0,522.0,SULUT,8.69,126.39,15,3.0,3.0
5.3,99.0,567.0,SULUT,9.11,126.77,15,3.0,3.0
2.7,145.0,31.0,SUMBAR,-0.01,100.41,20,1.0,1.0
5.3,132.0,780.0,SULUT,11.0,127.25,15,3.0,3.0
4.9,113.0,558.0,SULUT,9.02,126.83,15,3.0,3.0
4.9,119.0,523.0,SULUT,8.7,126.93,15,3.0,3.0
5.1,71.0,474.0,ACEH,9.71,93.41,23,3.0,3.0
5.7,10.0,664.0,SULUT,9.96,127.17,15,3.0,3.0
4.4,68.0,410.0,SULUT,7.69,126.64,15,3.0,3.0
4.2,19.0,68.0,MALUT,2.66,128.24,5,0.0,2.0
5.7,10.0,518.0,SULUT,8.66,126.8,15,3.0,3.0
5.5,10.0,519.0,SULUT,8.67,126.79,15,3.0,3.0
5.7,21.0,67.0,MALUT,2.65,128.24,5,0.0,2.0
5.7,107.0,673.0,SULUT,10.06,126.69,15,3.0,3.0
3.8,10.0,18.0,JABAR,-7.23,107.73,4,2.0,0.0
5.5,66.0,531.0,SULUT,8.78,126.92,15,3.0,3.0
6.0,96.0,1213.0,KALTARA,13.94,120.46,27,3.0,3.0
3.5,10.0,21.0,MALUKU,-3.04,130.67,6,2.0,0.0
4.6,57.0,450.0,SULUT,8.01,127.24,15,3.0,3.0
4.7,65.0,452.0,SULUT,8.07,126.73,15,3.0,3.0
4.8,47.0,545.0,SULUT,8.9,127.03,15,3.0,3.0
3.4,164.0,33.0,NTT,-8.49,120.98,7,1.0,1.0
5.3,124.0,516.0,SULUT,8.65,126.67,15,3.0,3.0
5.4,53.0,520.0,SULUT,8.68,126.65,15,3.0,3.0
5.3,53.0,520.0,SULUT,8.68,126.65,15,3.0,3.0
3.6,134.0,48.0,MALUT,2.48,128.3,5,1.0,1.0
3.6,15.0,58.0,SULUT,3.58,127.0,15,2.0,0.0
2.5,149.0,24.0,GORONTALO,0.35,122.14,12,1.0,1.0
3.9,10.0,16.0,SUMUT,1.01,99.51,2,2.0,0.0
4.1,108.0,7.0,GORONTALO,0.44,121.88,12,1.0,1.0
2.8,10.0,38.0,SULTRA,-4.4,121.63,37,2.0,0.0
4.5,10.0,163.0,MALUKUTENGGARA,-6.28,131.4,41,0.0,2.0
3.7,15.0,60.0,SULUT,3.58,127.02,15,2.0,2.0
4.9,11.0,53.0,SULUT,3.6,126.94,15,2.0,0.0
4.4,95.0,454.0,SULUT,8.09,126.67,15,3.0,3.0
2.4,49.0,37.0,SULTENG,0.64,121.44,11,2.0,0.0
4.8,58.0,555.0,SULUT,8.99,126.91,15,3.0,3.0
2.9,10.0,91.0,MALUKUTENGAH,-2.58,129.35,3,0.0,2.0
3.2,13.0,114.0,SULUT,1.96,126.03,15,0.0,2.0
5.0,10.0,383.0,SULUT,7.45,126.52,15,3.0,3.0
4.9,10.0,397.0,SULUT,7.56,127.02,15,3.0,3.0
3.9,38.0,81.0,SULUT,2.52,126.06,15,0.0,2.0
5.9,10.0,486.0,SULUT,8.35,127.18,15,3.0,3.0
6.8,10.0,465.0,SULUT,8.18,126.88,15,3.0,3.0
3.4,23.0,25.0,NTT,-9.77,119.13,7,2.0,0.0
3.8,10.0,47.0,SULUT,4.32,126.96,15,2.0,0.0
2.7,10.0,55.0,SULSEL,-2.2,120.85,17,2.0,0.0
3.3,127.0,22.0,NTT,-8.64,123.6,7,1.0,1.0
5.0,10.0,476.0,SULUT,8.29,126.74,15,3.0,3.0
5.2,10.0,88.0,MALUKUTENGAH,-2.68,129.46,3,0.0,2.0
5.5,10.0,488.0,SULUT,8.37,127.12,15,3.0,3.0
4.7,63.0,59.0,NTB,-8.99,118.81,8,2.0,1.0
4.7,174.0,17.0,NTT,-8.35,119.84,7,1.0,1.0
4.2,41.0,68.0,SULUT,0.74,125.33,15,0.0,2.0
4.7,10.0,446.0,SULUT,8.01,126.86,15,3.0,3.0
4.7,10.0,446.0,SULUT,8.01,126.86,15,3.0,3.0
3.7,18.0,35.0,NTT,-8.3,124.87,7,2.0,0.0
5.4,43.0,471.0,SULUT,8.23,126.95,15,3.0,3.0
6.3,10.0,455.0,SULUT,8.09,126.9,15,3.0,3.0
5.3,10.0,474.0,SULUT,8.27,126.76,15,3.0,3.0
5.2,10.0,422.0,SULUT,7.79,127.01,15,3.0,3.0
5.5,10.0,471.0,SULUT,8.22,127.08,15,3.0,3.0
5.1,10.0,464.0,SULUT,8.16,127.11,15,3.0,3.0
2.8,10.0,17.0,JABAR,-7.15,107.44,4,2.0,0.0
4.8,13.0,96.0,MALUKUTENGAH,-2.74,129.62,3,0.0,2.0
6.4,69.0,469.0,SULUT,8.2,127.13,15,3.0,3.0
6.5,10.0,492.0,SULUT,8.39,127.26,15,3.0,3.0
6.0,93.0,473.0,SULUT,8.25,126.91,15,3.0,3.0
6.1,115.0,506.0,SULUT,8.55,126.93,15,3.0,3.0
6.5,95.0,483.0,SULUT,8.34,127.03,15,3.0,3.0
5.6,162.0,580.0,SULUT,9.2,127.2,15,3.0,3.0
2.9,10.0,94.0,MALUKUTENGAH,-2.75,129.61,3,0.0,2.0
2.5,142.0,20.0,GORONTALO,0.29,121.87,12,1.0,1.0
5.5,10.0,453.0,SULUT,8.07,126.9,15,3.0,3.0
5.9,94.0,631.0,SULUT,9.64,127.38,15,3.0,3.0
4.9,35.0,390.0,SULUT,7.51,126.56,15,3.0,3.0
5.7,49.0,487.0,SULUT,8.38,126.92,15,3.0,3.0
5.7,49.0,487.0,SULUT,8.38,126.92,15,3.0,3.0
6.1,122.0,845.0,SULUT,11.55,127.59,15,3.0,3.0
6.2,106.0,482.0,SULUT,8.32,127.14,15,3.0,3.0
5.7,10.0,457.0,SULUT,8.11,126.88,15,3.0,3.0
3.1,13.0,50.0,BALI,-7.67,115.0,22,2.0,0.0
5.2,82.0,437.0,SULUT,7.93,126.9,15,3.0,3.0
5.4,10.0,421.0,SULUT,7.79,126.76,15,3.0,3.0
5.6,49.0,470.0,SULUT,8.21,127.12,15,3.0,3.0
5.7,10.0,445.0,SULUT,7.99,127.05,15,3.0,3.0
5.7,101.0,494.0,SULUT,8.4,127.31,15,3.0,3.0
5.7,101.0,494.0,SULUT,8.4,127.31,15,3.0,3.0
3.6,10.0,97.0,MALUKUTENGAH,-2.73,129.62,3,0.0,2.0
6.2,47.0,480.0,SULUT,8.31,126.98,15,3.0,3.0
5.3,10.0,101.0,MALUKUTENGAH,-2.67,129.62,3,0.0,2.0
7.5,113.0,840.0,SULUT,11.56,126.87,15,3.0,3.0
3.5,28.0,13.0,NTT,-10.03,123.77,7,2.0,0.0
3.8,119.0,55.0,SULUT,-0.03,123.7,15,1.0,1.0
4.9,88.0,22.0,BENGKULUUTARA,-3.5,102.0,31,1.0,1.0
2.5,10.0,27.0,ACEH,5.23,96.22,23,2.0,0.0
6.1,162.0,188.0,MALUKUTENGGARABRT,-7.15,129.82,25,1.0,1.0
3.3,10.0,60.0,PAPUA,-3.52,140.25,10,2.0,0.0
3.4,105.0,194.0,SULUT,5.7,126.25,15,3.0,3.0
3.2,10.0,68.0,MALUT,1.99,128.91,5,0.0,2.0
2.7,10.0,45.0,SULTENG,-1.23,120.26,11,2.0,0.0
2.8,71.0,66.0,JATENG,-8.29,108.8,33,1.0,1.0
2.9,70.0,82.0,NTT,-8.91,124.09,7,0.0,2.0
3.4,12.0,73.0,PAPUA,-1.58,136.81,10,0.0,2.0
2.6,10.0,27.0,SULBAR,-2.81,119.1,30,2.0,0.0
3.5,148.0,24.0,JABAR,-7.0,107.27,4,1.0,1.0
4.3,128.0,18.0,BANTEN,-5.98,105.79,21,1.0,1.0
5.3,10.0,204.0,JATIM,-9.98,112.51,29,3.0,3.0
3.3,63.0,53.0,NTT,-8.99,118.91,7,2.0,1.0
2.8,10.0,29.0,ACEH,5.25,96.22,23,2.0,0.0
4.4,170.0,111.0,MALUKUBRTDAYA,-7.52,128.57,14,1.0,1.0
2.9,12.0,51.0,SULTRA,-4.28,123.41,37,2.0,0.0
2.7,73.0,20.0,GORONTALO,0.58,121.81,12,1.0,1.0
3.9,23.0,14.0,SUMUT,1.34,97.27,2,2.0,0.0
3.1,10.0,39.0,PAPUA,-1.86,135.83,10,2.0,0.0
2.7,10.0,93.0,MALUKUTENGAH,-2.61,129.44,3,0.0,2.0
3.4,10.0,74.0,SULSEL,-2.16,120.65,17,0.0,2.0
2.7,10.0,102.0,LAMPUNG,-5.74,103.2,16,0.0,2.0
3.1,121.0,13.0,NTB,-8.62,118.38,8,1.0,1.0
4.9,10.0,94.0,MALUKUTENGAH,-2.61,129.46,3,0.0,2.0
3.6,19.0,266.0,MALUKUTENGGARABRT,-6.16,129.73,25,3.0,3.0
2.9,10.0,83.0,GORONTALO,-0.28,122.07,12,0.0,2.0
2.8,10.0,47.0,SULTENG,-1.1,120.45,11,2.0,0.0
4.6,10.0,93.0,MALUKUTENGAH,-2.63,129.46,3,0.0,2.0
2.8,10.0,34.0,ACEH,4.52,96.44,23,2.0,0.0
3.2,10.0,115.0,ACEHJAYA,4.9,94.58,36,0.0,2.0
3.0,10.0,58.0,NTT,-9.13,120.24,7,2.0,2.0
3.3,15.0,79.0,SULUT,0.92,125.61,15,0.0,2.0
2.7,28.0,75.0,PAPUA,-2.67,140.84,10,0.0,2.0
3.8,10.0,33.0,ACEH,4.51,96.43,23,2.0,0.0
3.1,16.0,72.0,NTB,-7.87,119.04,8,0.0,2.0
3.2,10.0,29.0,ACEHTENGAH,4.54,96.59,9,2.0,0.0
2.9,10.0,107.0,SULUT,1.78,122.85,15,0.0,2.0
4.4,386.0,187.0,MALUKUBRTDAYA,-6.47,127.97,14,1.0,1.0
3.1,24.0,69.0,MALUT,1.39,126.93,5,0.0,2.0
2.4,17.0,54.0,JABAR,-7.47,107.32,4,0.0,2.0
